Title,Status,Solicitation Number,Agency,NAICS Code,Notice Type,Response Deadline,Date Found,Place of Performance,Set-Aside,Subcontractor,Sub Contact Info,Link,Notes,Call Script,Submission,Sub Contractor
"Renovate Helping Agencies Building 1 Phase 3, Tinker Air Force Base, Oklahoma",New,W912BV26RA031,DEPT OF DEFENSE.DEPT OF THE ARMY.US ARMY CORPS OF ENGINEERS.ENGINEER DIVISION SOUTHWESTERN.ENDIST TULSA.W076 ENDIST TULSA,236220,,,2026-09-27,not specified,,,,https://sam.gov/workspace/contract/opp/f52d7778fe8042c79ed0f4846e8e69d3/view,,,,
"FY28 KC-46A Aircraft Beddown Infrastructure Program | Altus AFB, OK",New,W912BV279A001,DEPT OF DEFENSE.DEPT OF THE ARMY.US ARMY CORPS OF ENGINEERS.ENGINEER DIVISION SOUTHWESTERN.ENDIST TULSA,236220,,2026-09-25T16:00:00.000Z,2026-09-27,"0, OK, 73523",,,,https://sam.gov/workspace/contract/opp/138da86071e644f4b47a1cb79e0f1d2d/view,,,,
"Sources Sought for Engineering, Sustainment, and Integration Support Services for LATTICE-FORTRESS Systems from Anduril Industries, Inc.",New,W911QX26RA049,DEPT OF DEFENSE.DEPT OF THE ARMY.AMC.ACC.ACC-CTRS.ACC-APG.W6QK ACC-APG ADELPHI,541512,,2026-09-29T15:59:00.000Z,2026-09-26,"Aberdeen Proving Ground, MD, 21005",,,,https://sam.gov/workspace/contract/opp/b40f4fe5e3844441abc75d7dcbbb5737/view,,,,
"Repair Hail Damage Booneville, AR",New,1240LN26Q0007,"AGRICULTURE, DEPARTMENT OF.FOREST SERVICE.USDA-FS, CSA INTERMOUNTAIN 3",236220,,2026-09-29T12:30:00.000Z,2026-09-26,"AR, 72927",Small Business Set Aside - Total,,,https://sam.gov/workspace/contract/opp/3ee1583a0426451182332ecd1778c0ca/view,,,,
MINOS High Bay Roof Replacement & Masonry Wall Repair,New,ISD_384202_DA,"ENERGY, DEPARTMENT OF.ENERGY, DEPARTMENT OF.FERMILAB - DOE CONTRACTOR",236220,,2026-10-06T22:00:00.000Z,2026-09-26,"Batavia, IL, 60510",Small Business Set Aside - Total,,,https://sam.gov/workspace/contract/opp/a89a0559d74b414a88db239e0641c114/view,,,,
N--Enterprise Building Control System Installation Se,New,140D0426F1237,"INTERIOR, DEPARTMENT OF THE.DEPARTMENTAL OFFICES.IBC ACQ SVCS DIRECTORATE (00004)",561210,,,2026-09-26,not specified,,,,https://sam.gov/workspace/contract/opp/92a1ea10260f4dc0aede932ec87abf53/view,,,,
"Building 20 and 24 Metal Panel Repairs, Ames, Iowa",New,1232SA26P0797,"AGRICULTURE, DEPARTMENT OF.AGRICULTURAL RESEARCH SERVICE.USDA ARS AFM APD",561210,,,2026-09-26,"Ames, IA, 50010",Small Business Set Aside - Total,,,https://sam.gov/workspace/contract/opp/2f708edfaf4946b9ac611a51c9f65410/view,,,,
Dworshak Powerhouse Roof Replacement,New,W912EF27BA001,DEPT OF DEFENSE.DEPT OF THE ARMY.US ARMY CORPS OF ENGINEERS.ENGINEER DIVISION NORTHWESTERN.ENDIST WALLA WALLA.US ARMY ENGINEER DISTRICT WALLA WAL,238160,,2026-10-16T21:00:00.000Z,2026-09-26,"ID, 83520",,,,https://sam.gov/workspace/contract/opp/abd2fc05fbff428fac47c6d83a955389/view,,,,
Z2DA--Project # 614-17-113  - Construction to Renovate Bldg.  1 Primary Care,New,36C24926R0037,"VETERANS AFFAIRS, DEPARTMENT OF.VETERANS AFFAIRS, DEPARTMENT OF.249-NETWORK CONTRACT OFFICE 9 (36C249)",236220,,,2026-09-26,not specified,Service-Disabled Veteran-Owned Small Business (SDVOSB) Set-Aside (FAR 19.14),,,https://sam.gov/workspace/contract/opp/bfca9d50ebf14b1b81708f873640eb6a/view,,,,
F--National Fuels Reduction BPA,New,140F0S26A0062,"INTERIOR, DEPARTMENT OF THE.US FISH AND WILDLIFE SERVICE.FWS, OVER SAT G/S",238910,,,2026-09-26,not specified,,,,https://sam.gov/workspace/contract/opp/29faec48257f49689d6407a9e566d433/view,,,,
Z1DA--658-19-103 RENOVATE SURGICAL SUITE  PHASE II,New,36C24626B0040,"VETERANS AFFAIRS, DEPARTMENT OF.VETERANS AFFAIRS, DEPARTMENT OF.246-NETWORK CONTRACTING OFFICE 6 (36C246)",236220,,2026-10-12T21:30:00.000Z,2026-09-26,"DEPARTMENT OF VETERANS AFFAIRS SALEM VA MEDICAL CENTER, SALEM, VIRGINIA, 24153",,,,https://sam.gov/workspace/contract/opp/cb0b9edfd53746f2b297a3dbda91c9c5/view,,,,
F--National Fuels Reduction BPA,New,140F0S26A0064,"INTERIOR, DEPARTMENT OF THE.US FISH AND WILDLIFE SERVICE.FWS, OVER SAT G/S",238910,,,2026-09-26,not specified,,,,https://sam.gov/workspace/contract/opp/1856205f13174d3c975021f31f7917d6/view,,,,
F--National Fuels Reduction BPA,New,140F0S26A0058,"INTERIOR, DEPARTMENT OF THE.US FISH AND WILDLIFE SERVICE.FWS, OVER SAT G/S",238910,,,2026-09-26,not specified,,,,https://sam.gov/workspace/contract/opp/c17d1db146e94830ad057c87fcbb5faf/view,,,,
"Veterans Affairs St. Louis Health Care System (VASTLHCS) John Cochran (JC) Hospital in St. Louis, Missouri",New,W912DQ26RA060,DEPT OF DEFENSE.DEPT OF THE ARMY.US ARMY CORPS OF ENGINEERS.ENGINEER DIVISION NORTHWESTERN.ENDIST KANSAS CITY.W071 ENDIST KANSAS CITY,236220,,2026-11-12T20:00:00.000Z,2026-09-26,"JOHN COCHRAN VA MEDICAL CENTER, 915 N. GRAND BOULEVARDSAINT LOUIS, MO 63103UNITED STATES, 63103",,,,https://sam.gov/workspace/contract/opp/e206c29027774451a87183b4fce92e75/view,,,,
CSS 99154 Upgrade Existing Lighting to LED,New,W15QKN26PA121,DEPT OF DEFENSE.DEPT OF THE ARMY.AMC.ACC.ACC-CTRS.ACC-NJ.W6QK ACC-RI-PICATINNY,238210,,,2026-09-26,20755,Small Business Set Aside - Total,,,https://sam.gov/workspace/contract/opp/a7952ef986c843709c5a8e7d2f98023a/view,,,,
F--National Fuels Reduction BPA,New,140F0S26A0059,"INTERIOR, DEPARTMENT OF THE.US FISH AND WILDLIFE SERVICE.FWS, OVER SAT G/S",238910,,,2026-09-26,not specified,,,,https://sam.gov/workspace/contract/opp/141727b42cbf41c387fa0e4b6d30c3c7/view,,,,
J061--Triennial Circuit Breaker and Feeder Testing,New,36C26127Q0067,"VETERANS AFFAIRS, DEPARTMENT OF.VETERANS AFFAIRS, DEPARTMENT OF.261-NETWORK CONTRACT OFFICE 21 (36C261)",238210,,2026-10-02T19:00:00.000Z,2026-09-26,"Department of Veterans Affairs VA Reno Health Care System, Reno, NV, 89502",,,,https://sam.gov/workspace/contract/opp/86fe7bfd33f94211b83e60d0768e8bdf/view,,,,
F--National Fuels Reduction BPA,New,140F0S26A0072,"INTERIOR, DEPARTMENT OF THE.US FISH AND WILDLIFE SERVICE.FWS, OVER SAT G/S",238910,,,2026-09-26,not specified,,,,https://sam.gov/workspace/contract/opp/11aee5b4292343ac9ca69ec430e65f56/view,,,,
7E--SIGOSUITE (FILE TRACKING) SOFTWARE,New,140L1726P0052,"INTERIOR, DEPARTMENT OF THE.BUREAU OF LAND MANAGEMENT.COLORADO STATE OFFICE",541512,,,2026-09-26,not specified,,,,https://sam.gov/workspace/contract/opp/ba2479abb6f849dfb533fb4254936d04/view,,,,
Weed Spraying for Hensley Lake,New,W9123826PA046,DEPT OF DEFENSE.DEPT OF THE ARMY.US ARMY CORPS OF ENGINEERS.ENGINEER DIVISION SOUTH PACIFIC.ENDIST SACRAMENTO.W075 ENDIST SACRAMENTO,561730,,,2026-09-26,"Raymond, CA, 93653",Small Business Set Aside - Total,,,https://sam.gov/workspace/contract/opp/616d5376f9be45e88778ca8b72d6592c/view,,,,
F--MN- TAMARAC NWR - HAZARDOUS FUEL REDUCTION - BRUSH AND TREE REMOVAL,New,140FS226Q0181,"INTERIOR, DEPARTMENT OF THE.US FISH AND WILDLIFE SERVICE.FWS, SAT TEAM 2",238910,,,2026-09-26,not specified,,,,https://sam.gov/workspace/contract/opp/4c1ff2e610ae4d90922167331c5b2adc/view,,,,
Z--NM-BITTER LAKE NWR-ELECTRICAL UPGRADE & ROOF REPLACEMENT,New,140FGA26Q0071,"INTERIOR, DEPARTMENT OF THE.US FISH AND WILDLIFE SERVICE.FWS, GAOA",236220,,,2026-09-26,not specified,,,,https://sam.gov/workspace/contract/opp/9bf3af3694a748c6b025ffcfb9c8e98c/view,,,,
"WWYK250063 - INSTALL REACT VII FACILITY, B9001, POST V19",New,FA813726R0026,DEPT OF DEFENSE.DEPT OF THE AIR FORCE.AIR FORCE MATERIEL COMMAND.AIR FORCE SUSTAINMENT CENTER.FA8137  AFSC PZIOC,236220,,2026-09-26T05:00:00.000Z,2026-09-26,"0, OK, 73145",SBA Certified Women-Owned Small Business (WOSB) Program Set-Aside (FAR 19.15),,,https://sam.gov/workspace/contract/opp/a94f49dd1e7a451792fe51c0f8673889/view,,,,
"Construct Fire Station Bay Storage Area, Malmstrom, MT",New,W912DW26CA027,DEPT OF DEFENSE.DEPT OF THE ARMY.US ARMY CORPS OF ENGINEERS.ENGINEER DIVISION NORTHWESTERN.ENDIST SEATTLE.W071 ENDIST SEATTLE,236220,,,2026-09-26,"0, MT",Small Business Set Aside - Total,,,https://sam.gov/workspace/contract/opp/9ed3031e598b4aedbd614f7457c61769/view,,,,
Solicitation for B1502 Renovation,New,W50S6N26CA011,DEPT OF DEFENSE.DEPT OF THE ARMY.NATIONAL GUARD BUREAU.JFHQ USPFO AL.USPFO AL PROCUREMENT.W7MT USPFO ACTIVITY ALANG 187,236220,,,2026-09-26,"AL, 36108",Small Business Set Aside - Total,,,https://sam.gov/workspace/contract/opp/c6e35f0867584ec999c1696b0ad33a88/view,,,,
Tree Removal and Pruning,New,1232SA26P0896,"AGRICULTURE, DEPARTMENT OF.AGRICULTURAL RESEARCH SERVICE.USDA ARS AFM APD",561730,,,2026-09-26,"DC, 20002",Small Business Set Aside - Total,,,https://sam.gov/workspace/contract/opp/42a34d5208624fc78ddbe7b1d089aae0/view,,,,
"Amendment 0001 - Maintenance and Repair (M&R) of Compressors, Generators, Fire Pumps and Trash-Racks, Darby Military Community (DMC), Livorno, Italy",New,W912PF26PA070,DEPT OF DEFENSE.DEPT OF THE ARMY.AMC.ACC.ACC-OO.414TH CSB.0414 AQ HQ     CONTRACT AUG,238210,,,2026-09-26,"Pisa, IT-PI, 56122, ITALY",No Set aside used,,,https://sam.gov/workspace/contract/opp/642240a6bb6640058e104e69c5825a92/view,,,,
Wichita VA Medical Center Campus Wayfinding Signage,New,36C25526Q0517_2,"VETERANS AFFAIRS, DEPARTMENT OF.VETERANS AFFAIRS, DEPARTMENT OF.255-NETWORK CONTRACT OFFICE 15 (36C255)",236220,,,2026-09-26,"Wichita, KS, 67218",Service-Disabled Veteran-Owned Small Business (SDVOSB) Set-Aside (FAR 19.14),,,https://sam.gov/workspace/contract/opp/c6630fed0fbe4fe1b2bf763a9cc590c8/view,,,,
FXSB 26-6770 Repair Replace Roof B10571,New,FA500026C0012,DEPT OF DEFENSE.DEPT OF THE AIR FORCE.PACIFIC AIR FORCES.FA5000  673 CONS PKB,238160,,,2026-09-26,"0, AK, 99506",Small Business Set Aside - Total,,,https://sam.gov/workspace/contract/opp/c599e7e45a3e4864bdbd74c532ecf418/view,,,,
FXSB 26-7337 Repair Replace Hangar Roof B11551,New,FA500026C0014,DEPT OF DEFENSE.DEPT OF THE AIR FORCE.PACIFIC AIR FORCES.FA5000  673 CONS PKB,238160,,,2026-09-26,"AK, 99506",Small Business Set Aside - Total,,,https://sam.gov/workspace/contract/opp/1ee2af0f047d48db8451463ec3dfaaf4/view,,,,
"DB Renovation of NVG Storage Room, Chiang Mai, Thailand",New,N4008426Q4503,DEPT OF DEFENSE.DEPT OF THE NAVY.NAVFAC.NAVFAC PACIFIC CMD.NAVFAC FAR EAST.NAVFACSYSCOM FAR EAST,236220,,,2026-09-26,"Wing 41, Royal Thai Air Force (RTAF), Chiang Mai, Thailand",,,,https://sam.gov/workspace/contract/opp/97fb994771ed48c39109bdb80063af39/view,,,,
F--National Fuels Reduction BPA,New,140F0S26A0066,"INTERIOR, DEPARTMENT OF THE.US FISH AND WILDLIFE SERVICE.FWS, OVER SAT G/S",238910,,,2026-09-26,not specified,,,,https://sam.gov/workspace/contract/opp/7721807f3eb84c4fb0e5e2a2ca3c74e7/view,,,,
Y--RPFO-NCA VAULT TOILET AND REMOVAL,New,140L1726Q0018,"INTERIOR, DEPARTMENT OF THE.BUREAU OF LAND MANAGEMENT.NEW MEXICO STATE OFFICE",238910,,,2026-09-26,"Grants, NM",,,,https://sam.gov/workspace/contract/opp/26566971bc544e819033c973d5d7ab2d/view,,,,
Z--Charles Russell NWR Ft Peck Bunkhouse Roof Replace,New,140FGA26R0040,"INTERIOR, DEPARTMENT OF THE.US FISH AND WILDLIFE SERVICE.FWS, GAOA",238160,,,2026-09-26,"Fort Peck Bunkhouse, Glasgow, MT, 59230",,,,https://sam.gov/workspace/contract/opp/52c774f396874287ae79da94be7af60e/view,,,,
Grounds Maintenance Services - Western Pennsylvania,New,W15QKN26P,DEPT OF DEFENSE.DEPT OF THE ARMY.AMC.ACC.ACC-CTRS.ACC-NJ.W6QK ACC-RI-PICATINNY,561730,,,2026-09-26,"Butler, PA, 16001",Service-Disabled Veteran-Owned Small Business (SDVOSB) Set-Aside (FAR 19.14),,,https://sam.gov/workspace/contract/opp/b76ccaa9a4d042d282e5279c0c04816c/view,,,,
Freer Border Patrol Station,New,W9126G26RA041,DEPT OF DEFENSE.DEPT OF THE ARMY.US ARMY CORPS OF ENGINEERS.ENGINEER DIVISION SOUTHWESTERN.ENDIST FT WORTH.W076 ENDIST FT WORTH,236220,,,2026-09-26,"Freer, Texas, 78357",,,,https://sam.gov/workspace/contract/opp/b48144180310421ab5670fd21803cd49/view,,,,
F--National Fuels Reduction BPA,New,140F0S26A0063,"INTERIOR, DEPARTMENT OF THE.US FISH AND WILDLIFE SERVICE.FWS, OVER SAT G/S",238910,,,2026-09-26,not specified,,,,https://sam.gov/workspace/contract/opp/c5828e7d54ff45238c2585ce5a3c9877/view,,,,
F--National Fuels Reduction BPA,New,140F0S26A0068,"INTERIOR, DEPARTMENT OF THE.US FISH AND WILDLIFE SERVICE.FWS, OVER SAT G/S",238910,,,2026-09-26,not specified,,,,https://sam.gov/workspace/contract/opp/dbe72f569fb74ebe843bfdea2ac9f21e/view,,,,
FY27 McConnell AFB - Multiple Award Construction Contract (MACC),New,FA462126R0001,DEPT OF DEFENSE.DEPT OF THE AIR FORCE.AIR MOBILITY COMMAND.FA4621  22 CONS PK,236220,,2026-10-07T19:00:00.000Z,2026-09-26,"0, KS, 67221",Small Business Set Aside - Total,,,https://sam.gov/workspace/contract/opp/9e583346d2d944e192fb119cc0184162/view,,,,
Award Notice - Removal of Invasive Species (Bush Honeysuckle),New,W91QF426PA023,DEPT OF DEFENSE.DEPT OF THE ARMY.AMC.ACC.MISSION INSTALLATION CONTRACTING COMMAND.FDO EUSTIS.W6QM MICC-FT LEAVENWORTH,561730,,,2026-09-26,"KS, 66027",Small Business Set Aside - Total,,,https://sam.gov/workspace/contract/opp/f05fb94f3e704c10b90e6f19399820bf/view,,,,
F--National Fuels Reduction BPA,New,140F0S26A0056,"INTERIOR, DEPARTMENT OF THE.US FISH AND WILDLIFE SERVICE.FWS, OVER SAT G/S",238910,,,2026-09-26,not specified,,,,https://sam.gov/workspace/contract/opp/394ea7c152694193a3cbd8ae42dbca94/view,,,,
F--National Fuels Reduction BPA,New,140F0S26A0054,"INTERIOR, DEPARTMENT OF THE.US FISH AND WILDLIFE SERVICE.FWS, OVER SAT G/S",238910,,,2026-09-26,not specified,,,,https://sam.gov/workspace/contract/opp/30e31e046bce41eca262227c945beb64/view,,,,
"S205, Solid Waste Disposal, Alaska VAHCS",New,36C26027P0026,"VETERANS AFFAIRS, DEPARTMENT OF.VETERANS AFFAIRS, DEPARTMENT OF.260-NETWORK CONTRACT OFFICE 20 (36C260)",562111,,,2026-09-26,"Anchorage, AK",No Set aside used,,,https://sam.gov/workspace/contract/opp/5f33366cfe964e72834f075e62608caf/view,,,,
F--National Fuels Reduction BPA,New,140F0S26A0061,"INTERIOR, DEPARTMENT OF THE.US FISH AND WILDLIFE SERVICE.FWS, OVER SAT G/S",238910,,,2026-09-26,not specified,,,,https://sam.gov/workspace/contract/opp/58990d0594fc4e90973a785f5a724090/view,,,,
"Naval Litigation Office - Services in support of the defense of Iranian FMS claims against the United States Government at the Iran - U.S. Claims Tribunal, The Hague, Netherlands",New,N0018926CD019,DEPT OF DEFENSE.DEPT OF THE NAVY.NAVSUP.NAVSUP GLOBAL LOGISTICS SUPPORT.NAVSUP FLC NORFOLK.NAVSUP FLT LOG CTR NORFOLK,541611,,,2026-09-26,"Washington Navy Yard, DC, 20374",No Set aside used,,,https://sam.gov/workspace/contract/opp/5b830c71a5434249ac9f058967dbabf3/view,,,,
MSANG CRTC 125kW Generator and ATS,New,W50S7K26CA001,DEPT OF DEFENSE.DEPT OF THE ARMY.NATIONAL GUARD BUREAU.JFHQ USPFO MS.USPFO MS PROCUREMENT.W7NH USPFO ACTIVITY MSANG CRTC,238210,,,2026-09-26,"Gulfport, MS, 39507",Small Business Set Aside - Total,,,https://sam.gov/workspace/contract/opp/bb064d2510694eec9af13a46e253476b/view,,,,
RFI: Air Force Enterprise Rapid Operations Support (AEROS),New,AEROS,"DEPT OF DEFENSE.DEPT OF THE AIR FORCE.AIR FORCE MATERIEL COMMAND.AIR FORCE LIFE CYCLE MANAGEMENT CENTER.COMMAND, CONTROL, COMMUNICATIONS & BATTLE MANAGEMENT.FA2318  AFLCMC C3MK",541512,,2026-09-30T21:00:00.000Z,2026-09-26,"0, IL, 62225",Small Business Set Aside - Total,,,https://sam.gov/workspace/contract/opp/142b8ca6abf247cba525b16ab72079fa/view,,,,
BEQ AS4000 Area Paint - Flooring Repairs,New,N4008526R0435,DEPT OF DEFENSE.DEPT OF THE NAVY.NAVFAC.NAVFAC ATLANTIC CMD.NAVFAC MID-ATLANTIC.NAVFACSYSCOM MID-ATLANTIC,236220,,,2026-09-26,"Camp Lejeune, NC, 28547",Small Business Set Aside - Total,,,https://sam.gov/workspace/contract/opp/cac9ab453d244f33a5003149fc3d54e9/view,,,,
"SOLICITATION NOTICE DESIGN-BUILD TO BUDGET (DB2B) Airborne Equipment Parachute Repair Shop, Yuma Proving Ground, Yuma, Arizona",New,W912PL26RA046,DEPT OF DEFENSE.DEPT OF THE ARMY.US ARMY CORPS OF ENGINEERS.ENGINEER DIVISION SOUTH PACIFIC.ENDIST LOS ANGELES.W075 ENDIST LOS ANGELES,236220,,2026-10-26T21:00:00.000Z,2026-09-26,"Yuma Proving Ground (YPG) in Yuma, Arizona",Small Business Set Aside - Total,,,https://sam.gov/workspace/contract/opp/b056316a585948f3821808111df1e411/view,,,,
Repair BEQ HP135,New,N4008526R9044,DEPT OF DEFENSE.DEPT OF THE NAVY.NAVFAC.NAVFAC ATLANTIC CMD.NAVFAC MID-ATLANTIC.NAVFACSYSCOM MID-ATLANTIC,236220,,,2026-09-26,"Camp Lejeune, NC, 28547",Small Business Set Aside - Total,,,https://sam.gov/workspace/contract/opp/e0574ca438bd4b8c83ee2a4275a3021f/view,,,,
"Recapitalize Base Kodiak Fuel Pier and Major Cutter Pier, Kodiak, AK",New,70Z05026R43000008,"HOMELAND SECURITY, DEPARTMENT OF.US COAST GUARD.FDCC DET SEATTLE(00050)",236220,,,2026-09-26,"Kodiak, AK, 99619",No Set aside used,,,https://sam.gov/workspace/contract/opp/ca961b322ca54f989cbdfff8b6045dc7/view,,,,
"Sources Sought for Base Supply Services, Hurlburt Field",New,BaseSupplyServices,DEPT OF DEFENSE.DEPT OF THE AIR FORCE.AIR FORCE SPECIAL OPERATIONS COMMAND.FA4417 1 SOCONS,561210,,2026-10-08T17:00:00.000Z,2026-09-26,"Hurlburt Field, FL, 32544",No Set aside used,,,https://sam.gov/workspace/contract/opp/abc90d561da24b7ea81451d55b946492/view,,,,
The Dalles Dam Oil Accountability Measures,New,W9127N26CA036,DEPT OF DEFENSE.DEPT OF THE ARMY.US ARMY CORPS OF ENGINEERS.ENGINEER DIVISION NORTHWESTERN.ENDIST PORTLAND.W071 ENDIST PORTLAND,238210,,,2026-09-26,"The Dalles, OR, 97058",No Set aside used,,,https://sam.gov/workspace/contract/opp/76c4b73ecfa14951918de23a882e1002/view,,,,
"Construct Headquarters and Operations Building, Baucau, Timor-Leste",New,N4008426R4998,DEPT OF DEFENSE.DEPT OF THE NAVY.NAVFAC.NAVFAC PACIFIC CMD.NAVFAC FAR EAST.NAVFACSYSCOM FAR EAST,236220,,,2026-09-26,"Baucau, Timor-Leste",,,,https://sam.gov/workspace/contract/opp/f6c977adecef4cc9bdb771506b0cbeee/view,,,,
"BEQ- Sanitize & Paint Rooms, B4167, Multi Rooms, MASS1, Station",New,N400857607511,DEPT OF DEFENSE.DEPT OF THE NAVY.NAVFAC.NAVFAC ATLANTIC CMD.NAVFAC MID-ATLANTIC.NAVFACSYSCOM MID-ATLANTIC,236220,,,2026-09-25,"Cherry Point, NC, 28533",Small Business Set Aside - Total,,,https://sam.gov/workspace/contract/opp/150e614096794de0b88c5d14c28e6e4a/view,,,,
"Justification for Exception to Fair Opportunity (JEFO), Outcome-based Delivery and Development, Security, Operations Services III (ODOS III) Extension",New,FY26-0163,"HOMELAND SECURITY, DEPARTMENT OF.US CITIZENSHIP AND IMMIGRATION SERVICES.USCIS CONTRACTING OFFICE(ERBUR)",541512,,,2026-09-25,"Camp Springs, MD",,,,https://sam.gov/workspace/contract/opp/451278c03d89497685aaf6aaed8085df/view,,,,
St. Elizabeths Program Support II Bridge (SEPS II),New,47QFCA26F0032,GENERAL SERVICES ADMINISTRATION.FEDERAL ACQUISITION SERVICE.GSA FAS AAS FEDSIM,541611,,,2026-09-25,"DC, 20032",,,,https://sam.gov/workspace/contract/opp/4f5cde4aa583444cb22b08d0698b2949/view,,,,
56--CA-FWS HUMBOLDT BAY NWR-ROAD MATERIAL,New,140FS126P0308 ,"INTERIOR, DEPARTMENT OF THE.US FISH AND WILDLIFE SERVICE.FWS, SAT TEAM 1",238910,,,2026-09-25,not specified,,,,https://sam.gov/workspace/contract/opp/e8486f97c31f48d19d2fa65a342301fc/view,,,,
Alaska National Cemeteries Grounds Maintenance,New,SSNAK092426,"VETERANS AFFAIRS, DEPARTMENT OF.VETERANS AFFAIRS, DEPARTMENT OF.NATIONAL CEMETERY ADMIN (36C786)",561730,,2026-10-06T23:00:00.000Z,2026-09-25,"0, AK, 99505",No Set aside used,,,https://sam.gov/workspace/contract/opp/ea2673e1be0a4f4eb4a0a59433498660/view,,,,
Program Management Support Services Bridge 4,New,PANDHA-26-P-0000-046996,DEPT OF DEFENSE.DEFENSE HEALTH AGENCY (DHA).DEFENSE HEALTH AGENCY,541611,,2026-10-12T14:00:00.000Z,2026-09-25,"Falls Church, VA, 22042",,,,https://sam.gov/workspace/contract/opp/e39c687458174a4190b79f5cdc9e6e1c/view,,,,
F--National Fuels Reduction BPA,New,140F0S26A0051,"INTERIOR, DEPARTMENT OF THE.US FISH AND WILDLIFE SERVICE.FWS, OVER SAT G/S",238910,,,2026-09-25,not specified,,,,https://sam.gov/workspace/contract/opp/5c71537f5a744241858a1de9a7e52464/view,,,,
USDA Forest Service - Hebgen Lake District Office Network Cabling and IT Room Improvements,New,1240LU26Q0132,"AGRICULTURE, DEPARTMENT OF.FOREST SERVICE.USDA-FS, CSA INTERMOUNTAIN 9",238210,,2026-10-22T23:00:00.000Z,2026-09-25,"West Yellowstone, MT, 59758",Small Business Set Aside - Total,,,https://sam.gov/workspace/contract/opp/611fe76cf2b04f2891814f986fefd790/view,,,,
USCG Sector Field Office Southwest Harbor - Major Maintenance and Repair Galley and Housing,New,70Z0G126CSNNE0003,"HOMELAND SECURITY, DEPARTMENT OF.US COAST GUARD.CEU PROVIDENCE(000G1)",236220,,,2026-09-25,"Southwest Harbor, ME, 04679",Small Business Set Aside - Total,,,https://sam.gov/workspace/contract/opp/b5736ef02bf141759805734a878ef8f3/view,,,,
7A--CDC Biorisk Management Framework for Poliovirus Co,New,140D0426R0119,"INTERIOR, DEPARTMENT OF THE.DEPARTMENTAL OFFICES.IBC ACQ SVCS DIRECTORATE (00004)",541611,,,2026-09-25,"New York, NY, 10036",,,,https://sam.gov/workspace/contract/opp/63d55b934bd843589d0d72340f919c13/view,,,,
Instructional Systems Design & Development Services,New,19--1-26-0060,"STATE, DEPARTMENT OF.STATE, DEPARTMENT OF.ACQUISITIONS - FSI",541512,,,2026-09-25,"Arlington, VA, 22204",,,,https://sam.gov/workspace/contract/opp/15044a03018b412ca66ebab39f1329cd/view,,,,
Protective Coating Maintenance IDIQ,New,FA302026Q0104,DEPT OF DEFENSE.DEPT OF THE AIR FORCE.AIR EDUCATION AND TRAINING COMMAND.FA3020  82 CONS LGC,238320,,2026-10-29T18:00:00.000Z,2026-09-25,"Sheppard AFB, TX, 76311",Economically Disadvantaged Women-Owned Small Business,,,https://sam.gov/workspace/contract/opp/8547acf2a09e48d6bdd91a274c1e7e9d/view,,,,
Grounds Maintenance Services - Multi WV Locations,New,W15QKN-26-C-A038,DEPT OF DEFENSE.DEPT OF THE ARMY.AMC.ACC.ACC-CTRS.ACC-NJ.W6QK ACC-RI-PICATINNY,561730,,,2026-09-25,"Cross Lanes, WV",Service-Disabled Veteran-Owned Small Business (SDVOSB) Set-Aside (FAR 19.14),,,https://sam.gov/workspace/contract/opp/6e4502f56d384794b8b9d54da5b21dad/view,,,,
"Justification for Exception to Fair Opportunity (JEFO), Outcome-based Delivery and Development, Security, Operations Services III (ODOS III) Extension",New,FY26-0164,"HOMELAND SECURITY, DEPARTMENT OF.US CITIZENSHIP AND IMMIGRATION SERVICES.USCIS CONTRACTING OFFICE(ERBUR)",541512,,,2026-09-25,"Camp Springs, MD",,,,https://sam.gov/workspace/contract/opp/98e5360ebded46e897184b6615e95f31/view,,,,
F--National Fuels Reduction BPA,New,140F0S26A0055,"INTERIOR, DEPARTMENT OF THE.US FISH AND WILDLIFE SERVICE.FWS, OVER SAT G/S",238910,,,2026-09-25,not specified,,,,https://sam.gov/workspace/contract/opp/5a154719fda44a989fa433ddf0769462/view,,,,
"N--Generator and ATS Replacement - Allegheny NFH, PA",New,140FC226Q0049,"INTERIOR, DEPARTMENT OF THE.US FISH AND WILDLIFE SERVICE.FWS, CONSTRUCTION A/E TEAM 2",238210,,,2026-09-25,not specified,,,,https://sam.gov/workspace/contract/opp/6737ec9abee24e5d9e54363704d97f23/view,,,,
"SHI Replace Lead Glazed Bathtubs at United States Coast Guard Rio Bayamon Housing Base San Juan, Puerto Rico PNUM 24658602",New,PN24658602,"HOMELAND SECURITY, DEPARTMENT OF.US COAST GUARD.CEU MIAMI(00082)",236220,,2026-10-09T20:30:00.000Z,2026-09-25,"65516, PR",,,,https://sam.gov/workspace/contract/opp/e754cf42cfe8441a9fb9eafc0f60d6c1/view,,,,
PLA Special Notice FY25 Joint Base Lewis McChord Multi Domain Task Force Buildings 3221-3222,New,W912DW27RA017,DEPT OF DEFENSE.DEPT OF THE ARMY.US ARMY CORPS OF ENGINEERS.ENGINEER DIVISION NORTHWESTERN.ENDIST SEATTLE.W071 ENDIST SEATTLE,236220,,2026-10-08T20:00:00.000Z,2026-09-25,"0, WA",Small Business Set Aside - Total,,,https://sam.gov/workspace/contract/opp/4ca158ffc3d24a9b83429ee9612c50a9/view,,,,
"Multiple Roof Repairs and/or Replacements at FLETC in Charleston, SC",New,70LCHS26PPFB00035,"HOMELAND SECURITY, DEPARTMENT OF.FEDERAL LAW ENFORCEMENT TRAINING CENTER.FLETC CHARLESTON PROCUREMENT OFFICE",238160,,,2026-09-25,"North Charleston, SC, 29405",Small Business Set Aside - Total,,,https://sam.gov/workspace/contract/opp/c3311bfd14f74fb2af62de03b293aa84/view,,,,
Minot Air Force Base Multiple Award Construction Contract (MACC) IDIQ,New,FA452826R0002,DEPT OF DEFENSE.DEPT OF THE AIR FORCE.AIR FORCE GLOBAL STRIKE COMMAND.FA4528  5 CONS,236220,,2026-10-08T19:00:00.000Z,2026-09-25,"Minot AFB, ND, 58704",Small Business Set Aside - Total,,,https://sam.gov/workspace/contract/opp/cdcede847ea543c4a52347d561e15efb/view,,,,
Mosquito Lake Control Tower Structural Standing Seam Metal Roof Replacement,New,W911WN26QA062,DEPT OF DEFENSE.DEPT OF THE ARMY.US ARMY CORPS OF ENGINEERS.ENGINEER DIVISION GREAT LAKES AND OHIO.ENDIST PITTSBURGH.W072 ENDIST PITTSBURGH,238160,,2026-10-26T16:00:00.000Z,2026-09-25,"2961-B Warren-Meadville Road, Cortland, OH, 44410",Small Business Set Aside - Total,,,https://sam.gov/workspace/contract/opp/29182e97d06744ec9445200d715ff3aa/view,,,,
"Z1DA--646A4-22-700 | EHRM Infrastructure Upgrades |  Pittsburgh-Heinz, PA",New,36C77626C0091,"VETERANS AFFAIRS, DEPARTMENT OF.VETERANS AFFAIRS, DEPARTMENT OF.PCAC (36C776)",236220,,,2026-09-25,"Pittsburgh, PA, 15240",Service-Disabled Veteran-Owned Small Business (SDVOSB) Set-Aside (FAR 19.14),,,https://sam.gov/workspace/contract/opp/81a0a1ecb8fe445995397aa1d833cc99/view,,,,
STX BAS System Master Controller,New,36C25726P0819,"VETERANS AFFAIRS, DEPARTMENT OF.VETERANS AFFAIRS, DEPARTMENT OF.257-NETWORK CONTRACT OFFICE 17 (36C257)",238210,,,2026-09-25,"San Antonio, TX",Service-Disabled Veteran-Owned Small Business (SDVOSB) Set-Aside (FAR 19.14),,,https://sam.gov/workspace/contract/opp/982495330c8c4a938ecf4c1b8acd4795/view,,,,
"Interior Painting, Hopkinton-Everett Lakes, Hopkinton and Weare, NH",New,W912WJ26PA156,DEPT OF DEFENSE.DEPT OF THE ARMY.US ARMY CORPS OF ENGINEERS.ENGINEER DIVISION NORTH ATLANTIC.ENDIST NEW ENGLAND.W2SD ENDIST NEW ENGLAND,238320,,,2026-09-25,"Hopkinton, NH",Small Business Set Aside - Total,,,https://sam.gov/workspace/contract/opp/81d4b2a59b734d2c93319c2e23bccf8e/view,,,,
"J--Narragansett, RI - Diesel Generator & ATS Svc & Mx",New,1305M326Q0492,"COMMERCE, DEPARTMENT OF.NATIONAL OCEANIC AND ATMOSPHERIC ADMINISTRATION.DEPT OF COMMERCE NOAA",238210,,,2026-09-25,not specified,,,,https://sam.gov/workspace/contract/opp/e7bfdf178eeb492fbdd09f427b78c7b7/view,,,,
J--Justification For Other Than Full and Open Competition for R10 Laboratory Manche,New,GS-07F-217CA,ENVIRONMENTAL PROTECTION AGENCY.ENVIRONMENTAL PROTECTION AGENCY.REGION 7 CONTRACTING OFFICE,238210,,,2026-09-25,not specified,,,,https://sam.gov/workspace/contract/opp/996a6eb45f054e47b671b658e7d4332d/view,,,,
F--National Fuels Reduction BPA,New,140F0S26A0052,"INTERIOR, DEPARTMENT OF THE.US FISH AND WILDLIFE SERVICE.FWS, OVER SAT G/S",238910,,,2026-09-25,not specified,,,,https://sam.gov/workspace/contract/opp/ee41e6ac7b5e4ef481a44dd569740a0e/view,,,,
"New Hogan Dam and Lake Restroom Replacement, Valley Springs, CA.",New,W9123826PA043,DEPT OF DEFENSE.DEPT OF THE ARMY.US ARMY CORPS OF ENGINEERS.ENGINEER DIVISION SOUTH PACIFIC.ENDIST SACRAMENTO.W075 ENDIST SACRAMENTO,238910,,,2026-09-25,"Valley Springs, CA",Small Business Set Aside - Total,,,https://sam.gov/workspace/contract/opp/ac9a5f61b545412b8f568b138797a6ae/view,,,,
D--FWS IT Services BPA - FWS DIV OF MGT ATHRY - AI FO,New,140F1S26F0055,"INTERIOR, DEPARTMENT OF THE.US FISH AND WILDLIFE SERVICE.FWS, IT SERVICES",541512,,,2026-09-25,not specified,,,,https://sam.gov/workspace/contract/opp/9199c9fe13e54c87b4949d1e48d43c7a/view,,,,
B--UMRBA STUDY,New,140G0226Q0120,"INTERIOR, DEPARTMENT OF THE.US GEOLOGICAL SURVEY.OFC OF ACQUISITION  GRANTS-DENVER",541611,,,2026-09-25,not specified,,,,https://sam.gov/workspace/contract/opp/b4a28252d60e49b3abba5e33d84a2998/view,,,,
CrashNet Server,New,F7E3CF6020AW01,DEPT OF DEFENSE.DEPT OF THE ARMY.NATIONAL GUARD BUREAU.JFHQ USPFO IN.USPFO IN PROCUREMENT.W7M7 USPFO ACTIVITY INANG 122,541512,,2026-09-30T16:00:00.000Z,2026-09-25,"Fort Wayne, IN, 46809",,,,https://sam.gov/workspace/contract/opp/524e527371eb49ed8d13350cd19222be/view,,,,
PNF McCall SO Lawn Services,New,1240LR26P0031,"AGRICULTURE, DEPARTMENT OF.FOREST SERVICE.USDA-FS, CSA INTERMOUNTAIN 6",561730,,,2026-09-25,"ID, 83638",Small Business Set Aside - Total,,,https://sam.gov/workspace/contract/opp/1a6c63519ec34440a035d606a105fa32/view,,,,
"61--466 AMP-HR, 2 VOLT JAR, DIN FLOODED, New Underwood",New,89503426QWA001325,"ENERGY, DEPARTMENT OF.ENERGY, DEPARTMENT OF.WESTERN-UPPER GREAT PLAINS REGION",238210,,,2026-09-25,not specified,,,,https://sam.gov/workspace/contract/opp/a3fbbd38a7c94624b0e8ac991d02ac8f/view,,,,
HUD Single Family Housing O&M Support,New,47QFDA26F0008,GENERAL SERVICES ADMINISTRATION.FEDERAL ACQUISITION SERVICE.GSA FAS AAS REGION 11,541512,,,2026-09-25,"Washington, DC, 20410",,,,https://sam.gov/workspace/contract/opp/a9173be03f2a4af5b8a1d69c06d1a505/view,,,,
Integrated Marketing Services,New,49100426F0027,NATIONAL SCIENCE FOUNDATION.NATIONAL SCIENCE FOUNDATION.DIV OF ACQ AND COOPERATIVE SUPPORT,541611,,,2026-09-25,"Alexandria, AL",,,,https://sam.gov/workspace/contract/opp/99fa7fdeb827409eaf6859723b9fea93/view,,,,
D.C. Metro Area Multiple Award Indefinite Quantity Indefinite Delivery (IDIQ) Contract for Construction Services,New,47PH5226R0003 ,GENERAL SERVICES ADMINISTRATION.PUBLIC BUILDINGS SERVICE.PBS CENTRALIZED ACQUISITION SERVICES IDV - EAST,236220,,2026-10-29T20:00:00.000Z,2026-09-25,"Washington, DC",Small Business Set Aside - Total,,,https://sam.gov/workspace/contract/opp/1a1f23b419de4aa3896788fcd044e216/view,,,,
Z--TX-SANTA ANA NWR-FRONT DOOR REPAIR,New,140FC126R0030,"INTERIOR, DEPARTMENT OF THE.US FISH AND WILDLIFE SERVICE.FWS, CONSTRUCTION A/E TEAM 1",236220,,,2026-09-25,"Alamo, TX, 78516",,,,https://sam.gov/workspace/contract/opp/c7858fa1d2e34ce1b9e43f1acd1bc827/view,,,,
Building FC371 and FC372 Paint and Flooring Repairs,New,N4008526R9036,DEPT OF DEFENSE.DEPT OF THE NAVY.NAVFAC.NAVFAC ATLANTIC CMD.NAVFAC MID-ATLANTIC.NAVFACSYSCOM MID-ATLANTIC,236220,,,2026-09-25,"Camp Lejeune, NC, 28547",Small Business Set Aside - Total,,,https://sam.gov/workspace/contract/opp/326bace4b51542fd8d39416d22f923eb/view,,,,
Amendment Groundskeeping,New,36C24626Q0892_2_0002,"VETERANS AFFAIRS, DEPARTMENT OF.VETERANS AFFAIRS, DEPARTMENT OF.246-NETWORK CONTRACTING OFFICE 6 (36C246)",561730,,2026-10-06T16:00:00.000Z,2026-09-25,"Durham, NC, 27705",Service-Disabled Veteran-Owned Small Business (SDVOSB) Set-Aside (FAR 19.14),,,https://sam.gov/workspace/contract/opp/ef81bf6ebdad40ccb278e455c595961a/view,,,,
REPLACE UPS AT JT MYERS LOCKS AND NEWBURGH LOCKS,New,W912QR26PA071,DEPT OF DEFENSE.DEPT OF THE ARMY.US ARMY CORPS OF ENGINEERS.ENGINEER DIVISION GREAT LAKES AND OHIO.ENDIST LOUISVILLE.W072 ENDIST LOUISVILLE,238210,,,2026-09-25,"Mount Vernon, IN, 47620",Small Business Set Aside - Total,,,https://sam.gov/workspace/contract/opp/50e66d4686e04de9b53f46c5ffb61be5/view,,,,
N--TUNISON MAIN SWITCH PROJECT,New,140G0226Q0076,"INTERIOR, DEPARTMENT OF THE.US GEOLOGICAL SURVEY.OFC OF ACQUISITION  GRANTS-DENVER",238210,,,2026-09-25,not specified,,,,https://sam.gov/workspace/contract/opp/dda35f749ff04b2f8baaf8bd36d8eecd/view,,,,
Spaceport Infrastructure Maintenance and Operations (SIMO),New,80KSC027R0001,NATIONAL AERONAUTICS AND SPACE ADMINISTRATION.NATIONAL AERONAUTICS AND SPACE ADMINISTRATION.NASA KENNEDY SPACE CENTER,561210,,2026-07-01T21:00:00.000Z,2026-09-25,"FL, 32899",No Set aside used,,,https://sam.gov/workspace/contract/opp/7d169b039f7d43e596cd54b09831fd7e/view,,,,
Gathright Dam Herbicide Service Contract,New,W9123626QA004,DEPT OF DEFENSE.DEPT OF THE ARMY.US ARMY CORPS OF ENGINEERS.ENGINEER DIVISION NORTH ATLANTIC.ENDIST NORFOLK.W2SD ENDIST NORFOLK,561730,,2026-10-05T18:00:00.000Z,2026-09-25,"Gathright Dam located in Covington, VA, 24426",Small Business Set Aside - Total,,,https://sam.gov/workspace/contract/opp/5fd408525e674dd48757652ebeb304cf/view,,,,
"THEATER AIRCRAFT CORROSION CONTROL PREP HANGAR, KADENA AIR BASE, OKINAWA, JAPAN",New,W912HV26CA015,DEPT OF DEFENSE.DEPT OF THE ARMY.US ARMY CORPS OF ENGINEERS.ENGINEER DIVISION PACIFIC OCEAN.ENDIST JAPAN.W2SN ENDIST JAPAN,236220,,,2026-09-25,"Kadena AB, JAPAN",No Set aside used,,,https://sam.gov/workspace/contract/opp/1237c406e8c3493b95cbbc918e1156e9/view,,,,
F--CA-SDBNWR Sweetwater Marsh Fiber Roll Installation,New,140FS126Q0187,"INTERIOR, DEPARTMENT OF THE.US FISH AND WILDLIFE SERVICE.FWS, SAT TEAM 1",561730,,,2026-09-25,not specified,,,,https://sam.gov/workspace/contract/opp/25c7516f92d54b5ca45db36384638164/view,,,,
P--WV CANAAN VLY NWR BONNER HS DEMO,New,140FC226Q0037,"INTERIOR, DEPARTMENT OF THE.US FISH AND WILDLIFE SERVICE.FWS, CONSTRUCTION A/E TEAM 2",238910,,,2026-09-25,not specified,,,,https://sam.gov/workspace/contract/opp/1647039ae6c64accb4d25d777b8e4375/view,,,,
F--National Fuels Reduction BPA,New,140F0S26A0049,"INTERIOR, DEPARTMENT OF THE.US FISH AND WILDLIFE SERVICE.FWS, OVER SAT G/S",238910,,,2026-09-25,not specified,,,,https://sam.gov/workspace/contract/opp/7864364c434844099e14cfebebf3671f/view,,,,
Sole-Source Justification for Acquisition Support Services,New,70Z02326I91230002,"HOMELAND SECURITY, DEPARTMENT OF.US COAST GUARD.HQ CONTRACT OPERATIONS (CG-912)(000",541611,,,2026-09-25,"DC, 20593",,,,https://sam.gov/workspace/contract/opp/3967383c47ac4b41a8a4f0cca998f528/view,,,,
F--National Fuels Reduction BPA,New,140F0S26A0050,"INTERIOR, DEPARTMENT OF THE.US FISH AND WILDLIFE SERVICE.FWS, OVER SAT G/S",238910,,,2026-09-25,not specified,,,,https://sam.gov/workspace/contract/opp/7689b5575fdf4a02bb952cc53b18c26d/view,,,,
Building FC371 and FC372 Paint and Flooring Repairs,New,N40085-26-R-9036,DEPT OF DEFENSE.DEPT OF THE NAVY.NAVFAC.NAVFAC ATLANTIC CMD.NAVFAC MID-ATLANTIC.NAVFACSYSCOM MID-ATLANTIC,236220,,2026-06-11T18:00:00.000Z,2026-09-25,"Camp Lejeune, NC, 28547",Small Business Set Aside - Total,,,https://sam.gov/workspace/contract/opp/7b46c66733d1409bac030a4780169b59/view,,,,
"Construction Services for the Construction of the New Operations Office at East Brimfield Dam in Fiskdale, Massachusetts",New,W912WJ26BA017,DEPT OF DEFENSE.DEPT OF THE ARMY.US ARMY CORPS OF ENGINEERS.ENGINEER DIVISION NORTH ATLANTIC.ENDIST NEW ENGLAND.W2SD ENDIST NEW ENGLAND,236220,,,2026-09-25,"Fiskdale, MA, 01518",,,,https://sam.gov/workspace/contract/opp/f48d2fe16cd5423eb96cb555593ece2c/view,,,,
Rehabilitation Program accreditation,New,36C24826Q1044,"VETERANS AFFAIRS, DEPARTMENT OF.VETERANS AFFAIRS, DEPARTMENT OF",541611,,2026-09-28T15:00:00.000Z,2026-09-25,"FL, 33612",No Set aside used,,,https://sam.gov/workspace/contract/opp/978926c2dc0d4d4ea95ec3ac560241c7/view,,,,
Groundskeeping,New,36C24626Q0892_2,"VETERANS AFFAIRS, DEPARTMENT OF.VETERANS AFFAIRS, DEPARTMENT OF.246-NETWORK CONTRACTING OFFICE 6 (36C246)",561730,,2026-10-06T16:00:00.000Z,2026-09-25,"Durham, NC, 27705",Service-Disabled Veteran-Owned Small Business (SDVOSB) Set-Aside (FAR 19.14),,,https://sam.gov/workspace/contract/opp/832ec3d8334b47c5b796c22a01719016/view,,,,
"Justification for Exception to Fair Opportunity (JEFO), Outcome-based Delivery and Development, Security, Operations Services III (ODOS III) Extension",New,FY26-0162,"HOMELAND SECURITY, DEPARTMENT OF.US CITIZENSHIP AND IMMIGRATION SERVICES.USCIS CONTRACTING OFFICE(ERBUR)",541512,,,2026-09-25,"Camp Springs, MD",,,,https://sam.gov/workspace/contract/opp/6ce5a3a7094448919a3c7164d5216072/view,,,,
Cable Fiber Install ATC Tower Dobbins ARB,New,FA670326P0020,DEPT OF DEFENSE.DEPT OF THE AIR FORCE.AIR FORCE RESERVE COMMAND.FA6703  94TH CONTRACTING FLIGHT PK,238210,,,2026-09-25,"Marietta, GA, 30069",Small Business Set Aside - Total,,,https://sam.gov/workspace/contract/opp/729d2306244e496c9e8425a0173f814e/view,,,,
"Operations & Maintenance Services in Memphis & Jackson, TN",New,47PE0121A0002,GENERAL SERVICES ADMINISTRATION.PUBLIC BUILDINGS SERVICE.PBS FACILITY MANAGEMENT EAST - BRANCH C,561210,,,2026-09-25,"Memphis, TN, 38103",,,,https://sam.gov/workspace/contract/opp/d1ebfbd45aea46e29f348eb125614894/view,,,,
"Justification for Exception to Fair Opportunity (JEFO), Outcome-based Delivery and Development, Security, Operations Services III (ODOS III) Extension",New,FY26-0158,"HOMELAND SECURITY, DEPARTMENT OF.US CITIZENSHIP AND IMMIGRATION SERVICES.USCIS CONTRACTING OFFICE(ERBUR)",541512,,,2026-09-25,"Camp Springs, MD",,,,https://sam.gov/workspace/contract/opp/6d91f68c1b6047d79d23f57967313244/view,,,,
"FHWA Transportation Data Collection, Data Method Development, Data Processing, and Information Extraction",New,HPPI_RFI_2026,"TRANSPORTATION, DEPARTMENT OF.FEDERAL HIGHWAY ADMINISTRATION.693JJ3 ACQUISITION AND GRANTS MGT",541611,,2026-09-15T18:00:00.000Z,2026-09-25,"77416, DC",No Set aside used,,,https://sam.gov/workspace/contract/opp/e788af9200e543058078381292431bf6/view,,,,
Z2DA--Sources Sought Notice  Market Research  Expand Ambulatory Rehab-Construction,New,36C24626R0087,"VETERANS AFFAIRS, DEPARTMENT OF.VETERANS AFFAIRS, DEPARTMENT OF.246-NETWORK CONTRACTING OFFICE 6 (36C246)",236220,,2026-10-08T16:00:00.000Z,2026-09-25,"CVHCS Central Virginia VA Healthcare System, Richmond, Virginia, 23249",,,,https://sam.gov/workspace/contract/opp/e139ee5ed1704d2ea280c3146e7aa96e/view,,,,
"Supply and Install Greenhouse Evaporative Cooling System, Stoneville, Mississippi",New,1232SA26P0794,"AGRICULTURE, DEPARTMENT OF.AGRICULTURAL RESEARCH SERVICE.USDA ARS AFM APD",238210,,,2026-09-25,"Stoneville, MS, 38776",Small Business Set Aside - Total,,,https://sam.gov/workspace/contract/opp/45f123c7e51a41e39ee9b0069362872f/view,,,,
Water Recycling Systems Maintenance,New,FA301626Q0215,DEPT OF DEFENSE.DEPT OF THE AIR FORCE.AIR EDUCATION AND TRAINING COMMAND.JOINT BASE SAN ANTONIO.FA3016  502 CONS CL,561210,,,2026-09-25,"0, TX, 78150",Service-Disabled Veteran-Owned Small Business (SDVOSB) Set-Aside (FAR 19.14),,,https://sam.gov/workspace/contract/opp/a875b37ba0b345bb9d289b940f535925/view,,,,
WI Rock Landscape Restoration,New,140FS226Q0205,"INTERIOR, DEPARTMENT OF THE.US FISH AND WILDLIFE SERVICE.FWS, SAT TEAM 2",561730,,2026-10-12T21:00:00.000Z,2026-09-25,not specified,Small Business Set Aside - Total,,,https://sam.gov/workspace/contract/opp/d09e3049b4c14eb1b320b5a1e92d66b8/view,,,,
Notice to Construction Community: USACE Rock Island District RMS to CMP Transition,New,RMS_to_CMP_MVR,DEPT OF DEFENSE.DEPT OF THE ARMY.US ARMY CORPS OF ENGINEERS.ENGINEER DIVISION MISSISSIPPI VALLEY.ENDIST ROCK ISLAND,236220,,2027-06-30T17:00:00.000Z,2026-09-25,"Rock Island, IL",,,,https://sam.gov/workspace/contract/opp/f395cad1299c49c3a7f59811dbb3b1b0/view,,,,
"Building 122 Metal Roof Replacement, Prosser, Washington",New,1232SA26P0795,"AGRICULTURE, DEPARTMENT OF.AGRICULTURAL RESEARCH SERVICE.USDA ARS AFM APD",238160,,,2026-09-25,"Prosser, WA, 99350",Small Business Set Aside - Total,,,https://sam.gov/workspace/contract/opp/c363ea70b1f54d92ab8f65c9b46b131c/view,,,,
S--SERVICE - JANITORIAL SERVICES FOR FWS RHODE ISLAND NWR.,New,140FS326Q0133,"INTERIOR, DEPARTMENT OF THE.US FISH AND WILDLIFE SERVICE.FWS SAT TEAM 3",541611,,,2026-09-25,not specified,,,,https://sam.gov/workspace/contract/opp/b4fb057e7c0a43d287bc0c7e0431d4b9/view,,,,
D--EPRE II supports Information Technology Category’s,New,47QTCX26Q0001,GENERAL SERVICES ADMINISTRATION.FEDERAL ACQUISITION SERVICE.GSA/FAS/ITC OFFICE OF ENTERPRISE TELECOMMUNICATIONS SOLUTIONS ACQUISITIONS,541611,,,2026-09-25,not specified,,,,https://sam.gov/workspace/contract/opp/586557b5f1cd47609d49df0e413bbaec/view,,,,
Z--2026 BIFO TRAIL MAINTENANCE,New,140L3626Q0056,"INTERIOR, DEPARTMENT OF THE.BUREAU OF LAND MANAGEMENT.MONTANA STATE OFFICE",561730,,,2026-09-25,not specified,,,,https://sam.gov/workspace/contract/opp/a6e7ec08d4a544d1a813534d81c1236b/view,,,,
MOF CMNC Generator Replacement,New,12445526P0062,"AGRICULTURE, DEPARTMENT OF.FOREST SERVICE.USDA-FS, CSA EAST 13",238210,,,2026-09-25,"Hillsboro, WV",Small Business Set Aside - Total,,,https://sam.gov/workspace/contract/opp/5c437b4f35a749018af3b4c6d1c97466/view,,,,
CPF SO Quonset Security,New,12445526P0063,"AGRICULTURE, DEPARTMENT OF.FOREST SERVICE.USDA-FS, CSA EAST 13",238210,,,2026-09-25,"Cass Lake, MN",Small Business Set Aside - Total,,,https://sam.gov/workspace/contract/opp/41893d5df1d44309a9f38ed8b432bd05/view,,,,
R--DOI Office of Financial Management for Financial Management Support,New,140D0426Q0872,"INTERIOR, DEPARTMENT OF THE.DEPARTMENTAL OFFICES.IBC ACQ SVCS DIRECTORATE (00004)",541611,,,2026-09-25,not specified,,,,https://sam.gov/workspace/contract/opp/a9bb4c1122574ffcbbd4b7033fd76bf4/view,,,,
Communications Support Services,New,49100426F0026-P00001,NATIONAL SCIENCE FOUNDATION.NATIONAL SCIENCE FOUNDATION.DIV OF ACQ AND COOPERATIVE SUPPORT,541611,,,2026-09-25,"1180, VA",,,,https://sam.gov/workspace/contract/opp/098958ebdc7c4b65b767f1330142b2f5/view,,,,
F--National Fuels Reduction BPA,New,140F0S26A0053,"INTERIOR, DEPARTMENT OF THE.US FISH AND WILDLIFE SERVICE.FWS, OVER SAT G/S",238910,,,2026-09-25,not specified,,,,https://sam.gov/workspace/contract/opp/7b9df00875824d77bee8a2056f3334f2/view,,,,
Quality Data and Validation Services,New,12314426Q0302,"AGRICULTURE, DEPARTMENT OF.USDA, DEPARTMENTAL ADMINISTRATION.USDA, OCP-POD-ACQ-MGMT-BRANCH-FTC",541611,,,2026-09-25,"Washington, DC, 20250",,,,https://sam.gov/workspace/contract/opp/43bf49ec89874032bc7f9b1bbbcb2cf0/view,,,,
"Miscellaneous Renovations for Building 693, Fort Detrick, MD",New,W912DR26FA366,DEPT OF DEFENSE.DEPT OF THE ARMY.US ARMY CORPS OF ENGINEERS.ENGINEER DIVISION NORTH ATLANTIC.ENDIST BALTIMORE.W2SD ENDIST BALTIMORE,236220,,,2026-09-25,"MD, 21702",Small Business Set Aside - Total,,,https://sam.gov/workspace/contract/opp/7e29209ff6e248fd813c5fe9debee139/view,,,,
Repair of CCTV Fiber Connection,New,FA480026Q0097,DEPT OF DEFENSE.DEPT OF THE AIR FORCE.AIR COMBAT COMMAND.FA4800  633 CONS PKP,238210,,2026-09-28T16:00:00.000Z,2026-09-24,"0, VA, 23665",Small Business Set Aside - Total,,,https://sam.gov/workspace/contract/opp/d31985464323465c91faf0fa03af11a7/view,,,,
"N4008526R0228 DESIGN-BUILD (DB), REPAIR OTC DORM KING HALL BLDG 291, NAVAL STATION NEWPORT RI, NEWPORT RHODE ISLAND",New,N4008526R0228,DEPT OF DEFENSE.DEPT OF THE NAVY.NAVFAC.NAVFAC ATLANTIC CMD.NAVFAC MID-ATLANTIC.NAVFACSYSCOM MID-ATLANTIC,236220,,2026-10-16T18:00:00.000Z,2026-09-24,"Naval Station Newport, Newport, Rhode Island, 02841",,,,https://sam.gov/workspace/contract/opp/ece6e9af64b64c0fb7f7be7953b4453b/view,,,,
"1174579 - ARS - Supply and Install Emergency Power Transfer Switch and Controls USDA-ARS 141 Experiment Station Road, Stoneville, Mississippi",New,1174579,"AGRICULTURE, DEPARTMENT OF.FOREST SERVICE.USDA FOREST SERVICE-SPOC EAST",238210,,2026-09-25T17:00:00.000Z,2026-09-24,"Stoneville, MS, 38776",Small Business Set Aside - Total,,,https://sam.gov/workspace/contract/opp/c60e006ba8144cc186298f473698705e/view,,,,
"New ABA compliant elevator at the CMR - Vienna, Austria",New,19GE5026C0100,"STATE, DEPARTMENT OF.STATE, DEPARTMENT OF.ACQUISITIONS - RPSO FRANKFURT",236220,,,2026-09-24,AUSTRIA,No Set aside used,,,https://sam.gov/workspace/contract/opp/927fda7070f8430c991efcc1fb129bae/view,,,,
Green Areas Maintenance Services for Areas Surrounding Bldg. 2022 CSJTC-SALINAS,New,W912LR26PA035,DEPT OF DEFENSE.DEPT OF THE ARMY.NATIONAL GUARD BUREAU.JFHQ USPFO PR.USPFO PR PROCUREMENT.W7PA USPFO ACTIVITY PR ARNG,561730,,,2026-09-24,"Salinas, PR, 00751",Small Business Set Aside - Total,,,https://sam.gov/workspace/contract/opp/c688f72a8bf04f8d8ebc4a403b46cdb1/view,,,,
Z1DZ--695-22-123 Upgrade N Campus  Medium Voltage Feeders,New,36C25226B0023,"VETERANS AFFAIRS, DEPARTMENT OF.VETERANS AFFAIRS, DEPARTMENT OF.252-NETWORK CONTRACT OFFICE 12 (36C252)",238210,,,2026-09-24,not specified,Service-Disabled Veteran-Owned Small Business (SDVOSB) Set-Aside (FAR 19.14),,,https://sam.gov/workspace/contract/opp/0a463683717048738d11e420a1f8b9cb/view,,,,
Y--Multiple-Award Task Order Contracts (MATOC) for Al,New,0044031978000,"INTERIOR, DEPARTMENT OF THE.US FISH AND WILDLIFE SERVICE.FWS, CONSTRUCTION A/E TEAM 1",236220,,,2026-09-24,not specified,,,,https://sam.gov/workspace/contract/opp/9b2378a1dfe94be98a3447290fe15bb0/view,,,,
W911SA26QA238,New,W911SA26QA238,DEPT OF DEFENSE.DEPT OF THE ARMY.AMC.ACC.MISSION INSTALLATION CONTRACTING COMMAND.419TH CSB.W6QM MICC FT MCCOY (RC),561730,,2026-10-05T14:00:00.000Z,2026-09-24,"FOR SERVICES TO OCCUR AT (WA104) 1361340th AVE NE MARYSVILLE, WA 98271, 98271",Small Business Set Aside - Total,,,https://sam.gov/workspace/contract/opp/639e1345cf4c4cdcb6fff9d628afeabe/view,,,,
"M--OPERATION AND MAINTENANCE OF YDP, IDIQ",New,140R3026R0012,"INTERIOR, DEPARTMENT OF THE.BUREAU OF RECLAMATION.LOWER COLORADO REGIONAL OFFICE",561210,,2026-10-14T19:00:00.000Z,2026-09-24,not specified,,,,https://sam.gov/workspace/contract/opp/183b24c665d34ad1a073106c3ee00547/view,,,,
Renovate Building 6403 Containment Lab,New,12639526P0264,"AGRICULTURE, DEPARTMENT OF.ANIMAL AND PLANT HEALTH INSPECTION SERVICE.MRPBS MINNEAPOLIS MN",236220,,,2026-09-24,"Edinburg, TX, 78541",Small Business Set Aside - Total,,,https://sam.gov/workspace/contract/opp/f8ed68f5daaf46c5b567f2a7f484298c/view,,,,
"LAANG HANGAR 5 FIRE SYSTEMS REPAIR NAS JRB NEW ORLEANS, LA",New,N6945026RDC24,DEPT OF DEFENSE.DEPT OF THE NAVY.NAVFAC.NAVFAC ATLANTIC CMD.NAVFAC SOUTHEAST.NAVFACSYSCOM SOUTHEAST,238210,,,2026-09-24,"Naval Air Station JRB, 400 Russell Ave, New Orleans, LA 70143, 70143",,,,https://sam.gov/workspace/contract/opp/88125c744e0849cdbea1c1f304883d0f/view,,,,
Cattle Egret Habitat Removal Property B,New,FA302026P0128,DEPT OF DEFENSE.DEPT OF THE AIR FORCE.AIR EDUCATION AND TRAINING COMMAND.FA3020  82 CONS LGC,561730,,,2026-09-24,"0, TX, 76311",Small Business Set Aside - Total,,,https://sam.gov/workspace/contract/opp/3f4f21afc00f4178907df419ed9468b1/view,,,,
B836 Replace Electrical in Airfield Lighting Vault,New,FA302226C0022,DEPT OF DEFENSE.DEPT OF THE AIR FORCE.AIR EDUCATION AND TRAINING COMMAND.FA3022 14 CONS LGCA,238210,,,2026-09-24,"Columbus, MS, 39705",Small Business Set Aside - Total,,,https://sam.gov/workspace/contract/opp/dcab1613f5b542b0bd7c85bd3d5887bf/view,,,,
Underground Storage Tank - Erie VA Medical Center,New,36C24426Q0901,"VETERANS AFFAIRS, DEPARTMENT OF.VETERANS AFFAIRS, DEPARTMENT OF.244-NETWORK CONTRACT OFFICE 4 (36C244)",561210,,,2026-09-24,"24000, PA",Service-Disabled Veteran-Owned Small Business (SDVOSB) Set-Aside (FAR 19.14),,,https://sam.gov/workspace/contract/opp/6b856f1a80b74c76bdf95bca467774f5/view,,,,
JUSTIFICATION AND APPROVAL FOR USE OF OTHER THAN FULL AND OPEN  COMPETITION - Amentum Services Inc.,New,N6274225C3570P00039,DEPT OF DEFENSE.DEPT OF THE NAVY.NAVFAC.NAVFAC PACIFIC CMD.NAVFACSYSCOM PACIFIC,561210,,,2026-09-24,"Sasebo, JP-42, JAPAN",,,,https://sam.gov/workspace/contract/opp/35a521e1065e4a18b1eb307a0d2c6f0c/view,,,,
"Single Award Construction Contract (SACC) Indefinite Delivery Indefinite Quantity (IDIQ) - Miami, FL (MIA)",New,70CMSW26D00000015,"HOMELAND SECURITY, DEPARTMENT OF.US IMMIGRATION AND CUSTOMS ENFORCEMENT.MISSION SUPPORT WASHINGTON",236220,,,2026-09-24,"Washington, DC",No Set aside used,,,https://sam.gov/workspace/contract/opp/a88ce91265264e1da41ec77176874448/view,,,,
N--FIRE ALARM / SECURITY PANEL REPLACEMENTS,New,140P8126Q0048,"INTERIOR, DEPARTMENT OF THE.NATIONAL PARK SERVICE.PWR LAME(81000)",238210,,,2026-09-24,not specified,,,,https://sam.gov/workspace/contract/opp/7c679d65571640a281b2650c6f726517/view,,,,
Z2DA--FY27 689-22-700 EHRM IU  West Haven,New,36C77627Q0004,"VETERANS AFFAIRS, DEPARTMENT OF.VETERANS AFFAIRS, DEPARTMENT OF.PCAC (36C776)",236220,,2026-10-09T20:00:00.000Z,2026-09-24,"West Haven, CT, 06516",,,,https://sam.gov/workspace/contract/opp/78e9f3a59d5d493bbe7b64c6d4728f8d/view,,,,
Weekly Gardening Services at Residential Properties in Hungary,New,PR16298184 ,"STATE, DEPARTMENT OF.STATE, DEPARTMENT OF.US EMBASSY BUDAPEST",561730,,2026-10-08T15:00:00.000Z,2026-09-24,"Budapest, 1054, HUNGARY",No Set aside used,,,https://sam.gov/workspace/contract/opp/a2a13ef6328c4029a28bfc2f15e76c24/view,,,,
Single Family Housing (SFH) Information Technology Operations and Maintenance Support,New,47QFDA28F0008,GENERAL SERVICES ADMINISTRATION.FEDERAL ACQUISITION SERVICE.GSA FAS AAS REGION 11,541512,,,2026-09-24,"Washington, DC, 20410",No Set aside used,,,https://sam.gov/workspace/contract/opp/6ae8ac34dd204826bb15743f59ca63ae/view,,,,
Fort Leonard Wood BASOPS Solicitation,New,W5168W26RA011,DEPT OF DEFENSE.DEPT OF THE ARMY.AMC.ACC.MISSION INSTALLATION CONTRACTING COMMAND.FDO SAM HOUSTON.W6QM MICC-FDO FT SAM HOUSTON,561210,,2026-11-09T20:00:00.000Z,2026-09-24,65473,8(a) Set-Aside (FAR 19.8),,,https://sam.gov/workspace/contract/opp/ac5369c5a4e04e549a865f84488f1518/view,,,,
"Single Award Construction Contract (SACC) Indefinite Delivery Indefinite Quantity (IDIQ) - El Centro, CA (SND)",New,70CMSW26D00000016,"HOMELAND SECURITY, DEPARTMENT OF.US IMMIGRATION AND CUSTOMS ENFORCEMENT.MISSION SUPPORT WASHINGTON",236220,,,2026-09-24,"Washington, DC",No Set aside used,,,https://sam.gov/workspace/contract/opp/168e44696f114f9aac2708a48943a122/view,,,,
B926 Replace Security Forces Elevator,New,FA302226C0014,DEPT OF DEFENSE.DEPT OF THE AIR FORCE.AIR EDUCATION AND TRAINING COMMAND.FA3022 14 CONS LGCA,236220,,,2026-09-24,"Columbus, MS",Small Business Set Aside - Total,,,https://sam.gov/workspace/contract/opp/c85653d53c3c47bc9e02cdcb3f62c99b/view,,,,
Z--POCOSIN LAKES NWR Roof Repair of Field Station ,New,140FC126Q0037,"INTERIOR, DEPARTMENT OF THE.US FISH AND WILDLIFE SERVICE.FWS, CONSTRUCTION A/E TEAM 1",238160,,,2026-09-24,not specified,,,,https://sam.gov/workspace/contract/opp/2758565e88c840658498f28eaa8c3ed6/view,,,,
"IDIQ Tree Maintenance Services, Beaver Project Office",New,W9127S26QA051,DEPT OF DEFENSE.DEPT OF THE ARMY.US ARMY CORPS OF ENGINEERS.ENGINEER DIVISION SOUTHWESTERN.ENDIST LITTLE ROCK.W076 ENDIST LITTLE ROCK,561730,,2026-10-14T15:00:00.000Z,2026-09-24,"Rogers, AR, 72756",Small Business Set Aside - Total,,,https://sam.gov/workspace/contract/opp/89248642cff04db89a0af5c571ab337e/view,,,,
St. Mary’s Falls Canal and Rock Cut Groundskeeping and Grounds Maintenance,New,PANGLR-26-P-0000032576,DEPT OF DEFENSE.DEPT OF THE ARMY.US ARMY CORPS OF ENGINEERS.ENGINEER DIVISION GREAT LAKES AND OHIO.ENDIST DETROIT.W072 ENDIST DETROIT,561730,,2026-10-08T18:00:00.000Z,2026-09-24,"0, MI",,,,https://sam.gov/workspace/contract/opp/521a6306ecc448a9a22e77e0e2171262/view,,,,
"Electrical service installation for containerized laboratory, USDA-ARS DKI Pacific Basin Agricultural Research Center, HI",New,1174390,"AGRICULTURE, DEPARTMENT OF.FOREST SERVICE.USDA FOREST SERVICE-SPOC EAST",238210,,2026-09-25T19:00:00.000Z,2026-09-24,"Hilo, HI, 96720",Small Business Set Aside - Total,,,https://sam.gov/workspace/contract/opp/c54c9cbe1a684ad4b7fd898440fd371f/view,,,,
Audio System Modernization,New,LCLBN26C0003,LIBRARY OF CONGRESS.LIBRARY OF CONGRESS.CONTRACTS SERVICES,238210,,,2026-09-24,"Washington, DC, 20540",No Set aside used,,,https://sam.gov/workspace/contract/opp/aa4d5d031ae8481d99e806d5b66e6f18/view,,,,
Single Award Construction Contract (SACC) Indefinite Delivery Indefinite Quantity (IDIQ) - Mega Hub - DC,New,70CMSW26D00000017,"HOMELAND SECURITY, DEPARTMENT OF.US IMMIGRATION AND CUSTOMS ENFORCEMENT.MISSION SUPPORT WASHINGTON",236220,,,2026-09-24,"Washington, DC",No Set aside used,,,https://sam.gov/workspace/contract/opp/71ecef62a3644888b643ca0de155659b/view,,,,
Military Equal Opportunity Policy analysis and Recommendation,New,70Z02326Q000H0002,"HOMELAND SECURITY, DEPARTMENT OF.US COAST GUARD.HQ CONTRACT OPERATIONS (CG-912)(000",541611,,2026-09-24T14:00:00.000Z,2026-09-24,"Washington, DC, 20593",Small Business Set Aside - Total,,,https://sam.gov/workspace/contract/opp/a2b8e9991dc745868d8e04e9801a3b05/view,,,,
Dismantle of Monarch Milling Machine,New,N32253-26-P-0066,DEPT OF DEFENSE.DEPT OF THE NAVY.NAVSEA.NAVSEA SHIPYARD.PEARL HARBOR NAVAL SHIPYARD IMF,238910,,,2026-09-24,"JBPHH, HI, 96860",Small Business Set Aside - Total,,,https://sam.gov/workspace/contract/opp/401c4876ee9f4a9e8904bf42915551ad/view,,,,
Single Award Construction Contract (SACC) Indefinite Delivery Indefinite Quantity (IDIQ) - El Paso and Co-Lo,New,70CMSW26D00000013,"HOMELAND SECURITY, DEPARTMENT OF.US IMMIGRATION AND CUSTOMS ENFORCEMENT.MISSION SUPPORT WASHINGTON",236220,,,2026-09-24,"Washington, DC",No Set aside used,,,https://sam.gov/workspace/contract/opp/5dd350a1701f4358af60f9e742fddb8f/view,,,,
"INDUSTRY DAYS - WEST HAVEN, CT & TOGUS, ME",New,36C776-27-AP-0151,"VETERANS AFFAIRS, DEPARTMENT OF",236220,,2026-10-05T20:00:00.000Z,2026-09-24,not specified,,,,https://sam.gov/workspace/contract/opp/ea9ab14003ff4255aba63b8116c51901/view,,,,
S--MN-RYDELL NWR- ROLL OFF DUMPSTER RENTALS WITH HAUL,New,140FS226Q0167,"INTERIOR, DEPARTMENT OF THE.US FISH AND WILDLIFE SERVICE.FWS, SAT TEAM 2",562111,,,2026-09-24,not specified,,,,https://sam.gov/workspace/contract/opp/3ce8f44d1e2a49b88bbe7c443ddadf5e/view,,,,
"USDA Forest Service, Coeur d'Alene Nursery Storage Building Replacement",New,1240LU26Q0119,"AGRICULTURE, DEPARTMENT OF.FOREST SERVICE.USDA-FS, CSA INTERMOUNTAIN 9",238910,,2026-09-23T15:00:00.000Z,2026-09-24,"Athol, ID, 83801",Small Business Set Aside - Total,,,https://sam.gov/workspace/contract/opp/338a15d2b04941e7a35e72f8c2fb48fa/view,,,,
Wapiti Ranger District Warehouse Roof Replacement,New,1240LT26C0056,"AGRICULTURE, DEPARTMENT OF.FOREST SERVICE.USDA-FS, CSA INTERMOUNTAIN 8",238160,,,2026-09-24,"WY, 82414",Small Business Set Aside - Total,,,https://sam.gov/workspace/contract/opp/30c61d375dc3417d9be861d97f24467d/view,,,,
Y1DA--Community Living Center Phase 2  (Minor) Construction - Columbia - Project 589-404,New,36C77626Q0279,"VETERANS AFFAIRS, DEPARTMENT OF.VETERANS AFFAIRS, DEPARTMENT OF.PCAC (36C776)",236220,,2026-10-02T17:00:00.000Z,2026-09-24,"Harry S. Truman VA Medical Center, Columbia, MO, 65201",,,,https://sam.gov/workspace/contract/opp/e17722c3d1d746f4bfff8a31081ca5a2/view,,,,
J--James J. Howard (JJH) Marine Sciences Laboratory S,New,1305M326Q0495,"COMMERCE, DEPARTMENT OF.NATIONAL OCEANIC AND ATMOSPHERIC ADMINISTRATION.DEPT OF COMMERCE NOAA",238210,,,2026-09-24,not specified,,,,https://sam.gov/workspace/contract/opp/6f7b3516ef534713820b0f06be5fe9e4/view,,,,
Electrical Infrastructure Upgrade (Optics),New,1460000296,"JUSTICE, DEPARTMENT OF.FEDERAL PRISON INDUSTRIES, INC.FEDERAL PRISON INDUSTRIES, INC",238210,,,2026-09-24,"Butner, NC, 27509",Small Business Set Aside - Total,,,https://sam.gov/workspace/contract/opp/fc8c52d65a9a412fa69b3a36b72433b0/view,,,,
DLA Disposition Services Ft. Bragg Lawn Maintenance Services,New,SP451026P0025,DEPT OF DEFENSE.DEFENSE LOGISTICS AGENCY.DLA DISPOSITION SERVICES.DLA DISPOSITION SERVICES -  EBS,561730,,,2026-09-24,"Fort Bragg, NC, 28310",Small Business Set Aside - Total,,,https://sam.gov/workspace/contract/opp/32ef3eb1f60a40cb94896eaab6452f59/view,,,,
Single Award Construction Contract (SACC) Indefinite Delivery Indefinite Quantity (IDIQ) - Florence AZ and Co-Lo,New,70CMSW26D00000014,"HOMELAND SECURITY, DEPARTMENT OF.US IMMIGRATION AND CUSTOMS ENFORCEMENT.MISSION SUPPORT WASHINGTON",236220,,,2026-09-24,"Washington, DC",No Set aside used,,,https://sam.gov/workspace/contract/opp/aa9899aade6740e8966469473bd196cf/view,,,,
Office Furniture Upgrade,New,W912HQ26S0078,DEPT OF DEFENSE.DEPT OF THE ARMY.US ARMY CORPS OF ENGINEERS.SCO ALEXANDRIA.ENGINEER CENTER SUPPORT ACT HUMPHREYS.W4LD USA HECSA,561210,,2026-09-26T22:00:00.000Z,2026-09-24,"Alexandria, VA, 22315",Small Business Set Aside - Total,,,https://sam.gov/workspace/contract/opp/461c107318694b1284ed2a28518c8568/view,,,,
"Single Award Construction Contract (SACC) Indefinite Delivery Indefinite Quantity (IDIQ) - Batavia, NY",New,70CMSW26D00000012,"HOMELAND SECURITY, DEPARTMENT OF.US IMMIGRATION AND CUSTOMS ENFORCEMENT.MISSION SUPPORT WASHINGTON",236220,,,2026-09-24,"Washington, DC",No Set aside used,,,https://sam.gov/workspace/contract/opp/f7881d5815c24203a2332e92bcd55251/view,,,,
"Single Award Construction Contract (SACC) Indefinite Delivery Indefinite Quantity (IDIQ) _Ft Benning, GA",New,70CMSW26D00000010,"HOMELAND SECURITY, DEPARTMENT OF.US IMMIGRATION AND CUSTOMS ENFORCEMENT.MISSION SUPPORT WASHINGTON",236220,,,2026-09-24,"Washington, DC",No Set aside used,,,https://sam.gov/workspace/contract/opp/db4b40916f924c188c77a71e13d5fda7/view,,,,
"K--Award - FIBER OPTIC LINE REPLACEMENTS ML, Lassen V",New,140P8426P0090,"INTERIOR, DEPARTMENT OF THE.NATIONAL PARK SERVICE.PWR PORE MABO (84000)",238210,,,2026-09-24,not specified,,,,https://sam.gov/workspace/contract/opp/c31b326b99de4036a513c1d9739f7ca5/view,,,,
"FC294 Bay Doors, 1606 Fire Exit Doors, G640 Freezer Doors, 67 Wall and Door, WC100 Remote Condensing Unit",New,N4008526R9081,DEPT OF DEFENSE.DEPT OF THE NAVY.NAVFAC.NAVFAC ATLANTIC CMD.NAVFAC MID-ATLANTIC.NAVFACSYSCOM MID-ATLANTIC,236220,,,2026-09-24,"NC, 28547",Small Business Set Aside - Total,,,https://sam.gov/workspace/contract/opp/f03398ad1a564678a0827aaba29e786a/view,,,,
Expeditionary Loitering Munitions Professional Support Services,New,RFP1837016,DEPT OF DEFENSE.DEPT OF THE NAVY.NAVSEA.NAVSEA WARFARE CENTER.NAVAL SURFACE WARFARE CENTER,541611,,,2026-09-24,"VA, 22202",,,,https://sam.gov/workspace/contract/opp/5c0bcb5cbbee4261a8896c8aa58c57e5/view,,,,
"F--Tree Pruning and Deadwood Removal, NPS-WHIS ",New,140P8426Q0048,"INTERIOR, DEPARTMENT OF THE.NATIONAL PARK SERVICE.PWR PORE MABO (84000)",561730,,,2026-09-24,not specified,,,,https://sam.gov/workspace/contract/opp/d3d49cd9699b4e7dac45adfb5b61820a/view,,,,
F--INDU PINHOOK BOG REVEGETATION,New,140P6426Q0128,"INTERIOR, DEPARTMENT OF THE.NATIONAL PARK SERVICE.MWR OHIO(64000)",561730,,,2026-09-24,not specified,,,,https://sam.gov/workspace/contract/opp/a1e867e001e14b5e9abda4016adae32d/view,,,,
Ft. Stewart Job Order Contract (JOC),New,W5168W26DA037,DEPT OF DEFENSE.DEPT OF THE ARMY.AMC.ACC.MISSION INSTALLATION CONTRACTING COMMAND.FDO SAM HOUSTON.W6QM MICC-FDO FT SAM HOUSTON,236220,,,2026-09-24,"Fort Stewart, GA",Historically Underutilized Business (HUBZone) Set-Aside (FAR 19.13),,,https://sam.gov/workspace/contract/opp/0590ba345f4c4a19a5aedcc321520ea7/view,,,,
Repair Replace Roof B4433 Hazmat Storage,New,N4008526F1780,DEPT OF DEFENSE.DEPT OF THE NAVY.NAVFAC.NAVFAC ATLANTIC CMD.NAVFAC MID-ATLANTIC.NAVFACSYSCOM MID-ATLANTIC,236220,,,2026-09-24,"Cherry Point, NC, 28533",Small Business Set Aside - Total,,,https://sam.gov/workspace/contract/opp/32ff8855c7d84cc0a31d9e11a9091d1e/view,,,,
26-SIMACQ-PHD-E40-0004: Stratasys,New,N6339426P4050,DEPT OF DEFENSE.DEPT OF THE NAVY.NAVSEA.NAVSEA WARFARE CENTER.COMMANDING OFFICER,541512,,,2026-09-24,"Port Hueneme CBC Base, CA, 93043",No Set aside used,,,https://sam.gov/workspace/contract/opp/55e6f9cb1f254c3d8073619ab386fbce/view,,,,
Z--MISSOULA FIELD OFFICE RENOVATION,New,140L3626Q0048,"INTERIOR, DEPARTMENT OF THE.BUREAU OF LAND MANAGEMENT.MONTANA STATE OFFICE",238160,,,2026-09-24,not specified,,,,https://sam.gov/workspace/contract/opp/93fdfacf09984346a3b37dc9ccd2f65a/view,,,,
N400857190530 Upgrade Life Health Safety Systems in Hangar 250,New,N400857190530,DEPT OF DEFENSE.DEPT OF THE NAVY.NAVFAC.NAVFAC ATLANTIC CMD.NAVFAC MID-ATLANTIC.NAVFACSYSCOM MID-ATLANTIC,236220,,2026-09-24T19:00:00.000Z,2026-09-24,"Cherry Point, NC",Small Business Set Aside - Total,,,https://sam.gov/workspace/contract/opp/82f20d010a0047eaad6038b0efc3aa63/view,,,,
DBEH 25-1628_Demolition Indefinite Delivery Indefinite Quantity,New,FA252126D0008,DEPT OF DEFENSE.DEPT OF THE AIR FORCE.SPACE SYSTEMS COMMAND.FA2521  45 CONS PK,238910,,,2026-09-24,"Patrick Air Force Base, FL, 32925",Economically Disadvantaged Women-Owned Small Business,,,https://sam.gov/workspace/contract/opp/8de83049090c485c9aca2dd08dd72c3c/view,,,,
"Somerville Lake Mowing Services, Capital Region, Texas",New,W9126G26QA094,DEPT OF DEFENSE.DEPT OF THE ARMY.US ARMY CORPS OF ENGINEERS.ENGINEER DIVISION SOUTHWESTERN.ENDIST FT WORTH.W076 ENDIST FT WORTH,561730,,,2026-09-24,"Somerville Lake Office, 1560 Thornberry Drive, Somerville, TX 77879-6347, 77879",Small Business Set Aside - Total,,,https://sam.gov/workspace/contract/opp/9f7bc2d991674553be2b6de4d285c10a/view,,,,
"HHS Modernization Discovery, Prototyping, and Implementation Planning",New,OMAS-01-2026,"HEALTH AND HUMAN SERVICES, DEPARTMENT OF.OFFICE OF THE ASSISTANT SECRETARY FOR ADMINISTRATION (ASA).PROGRAM SUPPORT CENTER ACQ MGMT SVC",541512,,2026-09-28T14:00:00.000Z,2026-09-24,"Rockville, MD, 20850",Small Business Set Aside - Total,,,https://sam.gov/workspace/contract/opp/d1b2654bca0947c9986011c9b6894602/view,,,,
Z1DA--NCO5 - MATOC II,New,36C24525D0040,"VETERANS AFFAIRS, DEPARTMENT OF.VETERANS AFFAIRS, DEPARTMENT OF.245-NETWORK CONTRACT OFFICE 5 (36C245)",236220,,,2026-09-24,"Martinsburg, WV, 25405",Service-Disabled Veteran-Owned Small Business (SDVOSB) Set-Aside (FAR 19.14),,,https://sam.gov/workspace/contract/opp/f54377351f8540a4a5e68d64514b3680/view,,,,
Z1DA--Sources Sought for Multiple Award Construction Task Order  Contract,New,36C24526Q0856,"VETERANS AFFAIRS, DEPARTMENT OF.VETERANS AFFAIRS, DEPARTMENT OF.245-NETWORK CONTRACT OFFICE 5 (36C245)",236220,,2026-10-30T18:00:00.000Z,2026-09-24,HSA 1.3,Service-Disabled Veteran-Owned Small Business (SDVOSB) Set-Aside (FAR 19.14),,,https://sam.gov/workspace/contract/opp/18a308cf5f5c4c3a95790d175fa68939/view,,,,
WMF Hermit Lake Asbestos Removal,New,12445526P0060,"AGRICULTURE, DEPARTMENT OF.FOREST SERVICE.USDA-FS, CSA EAST 13",236220,,,2026-09-24,not specified,Small Business Set Aside - Total,,,https://sam.gov/workspace/contract/opp/e9dcaff48f4c4e1fa39f526bb48114b4/view,,,,
Renovate Base Chapel,New,FA489726Q0025,DEPT OF DEFENSE.DEPT OF THE AIR FORCE.AIR COMBAT COMMAND.FA4897 366 CONS PKP,236220,,2026-09-28T20:00:00.000Z,2026-09-24,"0, ID, 83648",Service-Disabled Veteran-Owned Small Business (SDVOSB) Set-Aside (FAR 19.14),,,https://sam.gov/workspace/contract/opp/41c7b91f073f4fdbb0070777e68ede85/view,,,,
F--PMIS 340733A REMOVE OR PRUNE HAZARD TREE,New,140P3026Q0037,"INTERIOR, DEPARTMENT OF THE.NATIONAL PARK SERVICE.NCR REGIONAL CONTRACTING(30000)",561730,,,2026-09-24,not specified,,,,https://sam.gov/workspace/contract/opp/d2186052d0aa48f2bf309b41d3bba573/view,,,,
Single Award Construction Contract (SACC) Indefinite Delivery Indefinite Quantity (IDIQ) Firm Fixed Price (FFP) contract vehicle designed to support a broad range of construction-related service for Office of Assets and Facility Management (OAFM) at Port I,New,70CMSW26D00000009,"HOMELAND SECURITY, DEPARTMENT OF.US IMMIGRATION AND CUSTOMS ENFORCEMENT.MISSION SUPPORT WASHINGTON",236220,,,2026-09-24,"Washington, DC",No Set aside used,,,https://sam.gov/workspace/contract/opp/c55ae83bcd46499f8fe89f699646f710/view,,,,
"PROTECT eIRB Software Subscription, Maintenance, and Technical Support",New,7571TE26Q00388 ,"HEALTH AND HUMAN SERVICES, DEPARTMENT OF.OFFICE OF THE ASSISTANT SECRETARY FOR FINANCIAL RESOURCES (ASFR).OMAS STRATEGIC BUYING CENTER - INFORMATION TECHNOLOGY",541512,,2026-09-24T20:00:00.000Z,2026-09-24,"68464, MD",,,,https://sam.gov/workspace/contract/opp/3c3bfc559a7a4a4e896131d9aeea5ca5/view,,,,
W--SERVICE - DUMPSTER RENTAL SERVICES FOR DEBRIS REMOVAL AT FWS BOMBAY HOOK NWR.  ,New,140FS326Q0179,"INTERIOR, DEPARTMENT OF THE.US FISH AND WILDLIFE SERVICE.FWS SAT TEAM 3",562111,,,2026-09-24,not specified,,,,https://sam.gov/workspace/contract/opp/3af5e2c50ec44efab980a1f12e184555/view,,,,
S--UMESC TRASH REMOVAL,New,140G0226Q0125,"INTERIOR, DEPARTMENT OF THE.US GEOLOGICAL SURVEY.OFC OF ACQUISITION  GRANTS-DENVER",562111,,,2026-09-24,not specified,,,,https://sam.gov/workspace/contract/opp/5957b54fc9ad4cbd8cd86d9a76c00de7/view,,,,
"Embassy Libreville, Gabon - Landscaping Services",New,19GB5026Q0024,"STATE, DEPARTMENT OF.STATE, DEPARTMENT OF.US EMBASSY LIBREVILLE",561730,,2026-09-25T09:00:00.000Z,2026-09-23,"LIbreville, GA-1, 4000, GABON",,,,https://sam.gov/workspace/contract/opp/09a0cccfccf94fd5b71d933255897904/view,,,,
"Landscaping Services for Corvallis, OR",New,1232SA26P0792,"AGRICULTURE, DEPARTMENT OF.AGRICULTURAL RESEARCH SERVICE.USDA ARS AFM APD",561730,,,2026-09-23,"Corvallis, OR, 97330",Small Business Set Aside - Total,,,https://sam.gov/workspace/contract/opp/a7c9f6c5b9994749871b915155c147bb/view,,,,
"EAGLE Fort Stewart, GA W519TC-26-R-A056",New,W519TC-26-R-A056,DEPT OF DEFENSE.DEPT OF THE ARMY.AMC.ACC.ACC-CTRS.ACC RI.W6QK ACC-RI,561210,,2026-10-14T17:00:00.000Z,2026-09-23,"GA, 31313",Small Business Set Aside - Total,,,https://sam.gov/workspace/contract/opp/6a91abf335c44ac6ac34df1fc2af266a/view,,,,
"R499--FY26 Longitudinal Study  Congressionally mandated Longitudinal Study,  required per Public Law 110-389, Section 334",New,36C10D26Q0134,"VETERANS AFFAIRS, DEPARTMENT OF.VETERANS AFFAIRS, DEPARTMENT OF.VETERANS BENEFITS ADMIN (36C10D)",541611,,,2026-09-23,"Department of Veterans Affairs Veterans Benefits Administration, Washington, DC, 20006",Service-Disabled Veteran-Owned Small Business (SDVOSB) Set-Aside (FAR 19.14),,,https://sam.gov/workspace/contract/opp/b7b48bc9a9ae42b38942f7c7ac400b47/view,,,,
Fire System Installation Preparation,New,N6600126Q6298,DEPT OF DEFENSE.DEPT OF THE NAVY.SPAWAR.SPAWAR PACIFIC.NIWC PACIFIC,238210,,2026-09-26T07:55:00.000Z,2026-09-23,not specified,,,,https://sam.gov/workspace/contract/opp/faee795267e14ce8ba7e427a234bf410/view,,,,
"Amended Tree pruning, tree removal and stump grinding for Togus National Cemetery",New,36C78626P50340,"VETERANS AFFAIRS, DEPARTMENT OF.VETERANS AFFAIRS, DEPARTMENT OF.NATIONAL CEMETERY ADMIN (36C786)",561730,,,2026-09-23,"ME, 04330",Service-Disabled Veteran-Owned Small Business (SDVOSB) Set-Aside (FAR 19.14),,,https://sam.gov/workspace/contract/opp/80801d942a6e409fbf63add0cc8fed07/view,,,,
Soo Lock Fire Alarm Modernization,New,W912QR-62373550,DEPT OF DEFENSE.DEPT OF THE ARMY.US ARMY CORPS OF ENGINEERS.ENGINEER DIVISION GREAT LAKES AND OHIO.ENDIST LOUISVILLE.W072 ENDIST LOUISVILLE,236220,,2026-10-30T15:00:00.000Z,2026-09-23,"0, MI",,,,https://sam.gov/workspace/contract/opp/bbc2a2be792f46c7adc0364d53b74e22/view,,,,
R--LE RADIO NETWORK SERVICES,New,DOILFBO260036,"INTERIOR, DEPARTMENT OF THE.BUREAU OF LAND MANAGEMENT.CALIFORNIA STATE OFFICE",541512,,2026-10-02T16:00:00.000Z,2026-09-23,not specified,,,,https://sam.gov/workspace/contract/opp/4e4e9ca40a4d4fe5850fec8ed3001f98/view,,,,
Waterline Repair and Tie-in for Greenhouse,New,1232SA26P0805,"AGRICULTURE, DEPARTMENT OF.AGRICULTURAL RESEARCH SERVICE.USDA ARS AFM APD",561210,,,2026-09-23,"Hilo, HI, 96720",Small Business Set Aside - Total,,,https://sam.gov/workspace/contract/opp/26db1ad4c6184bd797addb5eacc57a34/view,,,,
"LTUY232044 Repair Buildings 1, 28, and 36 Windows",New,W50S8K26PA004,DEPT OF DEFENSE.DEPT OF THE ARMY.NATIONAL GUARD BUREAU.JFHQ USPFO MO.USPFO MO PROCUREMENT.W7NJ USPFO ACTIVITY MOANG 131,236220,,,2026-09-23,"Saint Louis, MO, 63125",Small Business Set Aside - Total,,,https://sam.gov/workspace/contract/opp/f6e601adf057421faa56908915dadba6/view,,,,
Sole Source to Parraid for Cloud and Migration AI Readiness Study,New,N0042126Q1352,DEPT OF DEFENSE.DEPT OF THE NAVY.NAVAIR.NAVAIR NAWC AD.NAVAL AIR WARFARE CENTER AIR DIV,541512,,2026-09-24T15:59:00.000Z,2026-09-23,"0, MD, 20670",No Set aside used,,,https://sam.gov/workspace/contract/opp/6f071836b3b04f23b3b6e13cb29f0de7/view,,,,
"Grounds Maintenance Services, Ft Sill National Cemetery",New,36C78626Q50235,"VETERANS AFFAIRS, DEPARTMENT OF.VETERANS AFFAIRS, DEPARTMENT OF.NATIONAL CEMETERY ADMIN (36C786)",561730,,2026-09-28T19:00:00.000Z,2026-09-23,"Elgin, OK, 73538",Service-Disabled Veteran-Owned Small Business (SDVOSB) Set-Aside (FAR 19.14),,,https://sam.gov/workspace/contract/opp/8b7a1322257f4a9ab989d56d3dfd06ea/view,,,,
Z1DA--VANJHCS Demolition and Abatement IDIQ East Orange and Lyons,New,36C24226Q0857,"VETERANS AFFAIRS, DEPARTMENT OF.VETERANS AFFAIRS, DEPARTMENT OF.242-NETWORK CONTRACT OFFICE 02 (36C242)",236220,,2026-08-13T14:00:00.000Z,2026-09-23,"East Orange VA Medical Center 385 Tremont Avenue, East Orange, NJ, 07018",Service-Disabled Veteran-Owned Small Business (SDVOSB) Set-Aside (FAR 19.14),,,https://sam.gov/workspace/contract/opp/ccbe21dcfa234eaf98c00b844afac818/view,,,,
FUTURE CAPABILITY AND CAPACITY ASSESSMENT,New,89233126FNA400818,"ENERGY, DEPARTMENT OF.ENERGY, DEPARTMENT OF.NNSA NON-MO CNTRCTNG OPS DIV",541611,,,2026-09-23,"Washington, DC, 20585",,,,https://sam.gov/workspace/contract/opp/ab5ce6c450a64ae6b8381ee3cf56088b/view,,,,
Request for Quotes: Independent Condition Assessment of Solar PV Systems Non-Personal Services,New,W912LR26QA040 ,DEPT OF DEFENSE.DEPT OF THE ARMY.NATIONAL GUARD BUREAU.JFHQ USPFO PR.USPFO PR PROCUREMENT.W7PA USPFO ACTIVITY PR ARNG,561210,,2026-09-16T20:00:00.000Z,2026-09-23,"Salinas, PR",Small Business Set Aside - Total,,,https://sam.gov/workspace/contract/opp/27e43f672d8c440285d97d0dad32642e/view,,,,
Notice of Intent to Sole Source - Substation Electrical Protection Relay System Upgrade,New,FA480026SS92326,DEPT OF DEFENSE.DEPT OF THE AIR FORCE.AIR COMBAT COMMAND.FA4800  633 CONS PKP,238210,,2026-09-24T16:00:00.000Z,2026-09-23,"0, VA, 23665",No Set aside used,,,https://sam.gov/workspace/contract/opp/0f11ed206f9948a9a41c69cb8e28883b/view,,,,
Replace Playground Protective Surfacing System,New,SP330026P1093,DEPT OF DEFENSE.DEFENSE LOGISTICS AGENCY.DLA DISTRIBUTION.DLA DISTRIBUTION,236220,,,2026-09-23,"New Cumberland, PA, 17070",SBA Certified Women-Owned Small Business (WOSB) Program Set-Aside (FAR 19.15),,,https://sam.gov/workspace/contract/opp/e5f9b24973db479ea95356b06adbf751/view,,,,
Z1DA--VANJHCS Demolition and Abatement IDIQ East Orange and Lyons,New,36C24226Q0857_0001,"VETERANS AFFAIRS, DEPARTMENT OF.VETERANS AFFAIRS, DEPARTMENT OF.242-NETWORK CONTRACT OFFICE 02 (36C242)",236220,,2026-10-16T16:00:00.000Z,2026-09-23,"East Orange, NJ, 07018",Service-Disabled Veteran-Owned Small Business (SDVOSB) Set-Aside (FAR 19.14),,,https://sam.gov/workspace/contract/opp/343cfaa5dc964d3a992fe8926a827d8d/view,,,,
Z1DA--NEW: Comprehensive Roof Maintenance and Repair | 549,New,36C25727Q0022,"VETERANS AFFAIRS, DEPARTMENT OF.VETERANS AFFAIRS, DEPARTMENT OF.257-NETWORK CONTRACT OFFICE 17 (36C257)",238160,,2026-10-14T20:00:00.000Z,2026-09-23,"Department of Veterans Affairs 4500 S. Lancaster Rd., Dallas, TX, 75218",Service-Disabled Veteran-Owned Small Business (SDVOSB) Set-Aside (FAR 19.14),,,https://sam.gov/workspace/contract/opp/b49d1932bd2e4ea28b453ac113704334/view,,,,
S215--Spacesaver and VIDIR Bed Lift Preventative Maintenance -  Services - SAVAHCS,New,36C26227Q0005,"VETERANS AFFAIRS, DEPARTMENT OF.VETERANS AFFAIRS, DEPARTMENT OF.262-NETWORK CONTRACT OFFICE 22 (36C262)",561210,,2026-10-05T21:00:00.000Z,2026-09-23,"Department of Veterans Affairs NCO 22 - Network Contracting, Tucson, AZ, 85723",Small Business Set Aside - Total,,,https://sam.gov/workspace/contract/opp/a379421dc79240fcb9674af746142069/view,,,,
Traumatic Brain Injury Center of Excellence,New,TBICoE-3,DEPT OF DEFENSE.DEFENSE HEALTH AGENCY (DHA).DEFENSE HEALTH AGENCY,541611,,2026-09-24T14:00:00.000Z,2026-09-23,"MD, 20910",No Set aside used,,,https://sam.gov/workspace/contract/opp/8c9575681b3b4b58afd47df4de7513a0/view,,,,
Intent to Sole source Waste MGT bridge contract,New,36C24127P0014,"VETERANS AFFAIRS, DEPARTMENT OF.VETERANS AFFAIRS, DEPARTMENT OF.241-NETWORK CONTRACT OFFICE 01 (36C241)",562111,,2026-09-29T14:00:00.000Z,2026-09-23,"Manchester, NH, 03104",No Set aside used,,,https://sam.gov/workspace/contract/opp/68c219e889d248469472eae3d949f463/view,,,,
Z2DA--FY26 NRM | 460-26-008 | CLC Roof HVAC Piping Replacement,New,36C24426B0017,"VETERANS AFFAIRS, DEPARTMENT OF.VETERANS AFFAIRS, DEPARTMENT OF.244-NETWORK CONTRACT OFFICE 4 (36C244)",236220,,2026-09-30T17:00:00.000Z,2026-09-23," Wilmington DE VAMC, Wilmington, DE, 19805",Service-Disabled Veteran-Owned Small Business (SDVOSB) Set-Aside (FAR 19.14),,,https://sam.gov/workspace/contract/opp/3feac63526e842ba9e2f1e2aa6a989c7/view,,,,
Waste MGT and Recycling Intent to Sole source,New,36C24127P0013,"VETERANS AFFAIRS, DEPARTMENT OF.VETERANS AFFAIRS, DEPARTMENT OF.241-NETWORK CONTRACT OFFICE 01 (36C241)",562111,,2026-09-29T14:00:00.000Z,2026-09-23,"Bedford, MA, 01730",No Set aside used,,,https://sam.gov/workspace/contract/opp/3c0bf5916dde4ae08233fcc9626707b5/view,,,,
"Well #11 - Well, Rehabilitation, and Pump Building 1530 STAG4F FMD",New,N400857559998,DEPT OF DEFENSE.DEPT OF THE NAVY.NAVFAC.NAVFAC ATLANTIC CMD.NAVFAC MID-ATLANTIC.NAVFACSYSCOM MID-ATLANTIC,236220,,,2026-09-23,"Cherry Point, NC, 28533",Small Business Set Aside - Total,,,https://sam.gov/workspace/contract/opp/239d03ec35984ee4a6238c4c16047645/view,,,,
Intent to sole source Waste Management Bridge contract,New,36C24127P0016,"VETERANS AFFAIRS, DEPARTMENT OF.VETERANS AFFAIRS, DEPARTMENT OF.241-NETWORK CONTRACT OFFICE 01 (36C241)",562111,,2026-09-29T14:00:00.000Z,2026-09-23,"Brockton, MA, 02301",No Set aside used,,,https://sam.gov/workspace/contract/opp/71a08714e1554574b60480a6bee39373/view,,,,
R499--Fraud Waste and Abuse  Bridge 09/26/2026 - 03/25/2027,New,36C10D26F0050,"VETERANS AFFAIRS, DEPARTMENT OF.VETERANS AFFAIRS, DEPARTMENT OF.VETERANS BENEFITS ADMIN (36C10D)",541611,,,2026-09-23,not specified,,,,https://sam.gov/workspace/contract/opp/644c6ac743ec4ea696cf7f6e6318634a/view,,,,
"Y1DA--658-317 | Consolidate Intensive Care Unit | Salem, VA |  Jesse/Mica",New,36C77626R0080,"VETERANS AFFAIRS, DEPARTMENT OF.VETERANS AFFAIRS, DEPARTMENT OF.PCAC (36C776)",236220,,,2026-09-23,not specified,Service-Disabled Veteran-Owned Small Business (SDVOSB) Set-Aside (FAR 19.14),,,https://sam.gov/workspace/contract/opp/d41aea87729a4448996b8a8c9710716d/view,,,,
Intent to sole source Bridge contract Waste MGT,New,36C24127P0009,"VETERANS AFFAIRS, DEPARTMENT OF.VETERANS AFFAIRS, DEPARTMENT OF.241-NETWORK CONTRACT OFFICE 01 (36C241)",562111,,2026-09-29T14:00:00.000Z,2026-09-23,"Providence, RI, 02908",No Set aside used,,,https://sam.gov/workspace/contract/opp/1ed6dc0f294d407d8786d32aa9e8f727/view,,,,
Voice and Paging Infrastructure for New Sunrise Regional Treatment Center (NSRTC),New,75H70726P00135,"HEALTH AND HUMAN SERVICES, DEPARTMENT OF.INDIAN HEALTH SERVICE.ALBUQUERQUE AREA INDIAN HEALTH SVC",238210,,,2026-09-23,"Zuni, NM, 87327",,,,https://sam.gov/workspace/contract/opp/59eec1d4c46f45ae8036e6c5f586a508/view,,,,
DNF Duck Creek Bunkhouse Roof Repairs,New,1240LT26P0043,"AGRICULTURE, DEPARTMENT OF.FOREST SERVICE.USDA-FS, CSA INTERMOUNTAIN 8",238160,,,2026-09-23,"Cedar City, UT",Small Business Set Aside - Total,,,https://sam.gov/workspace/contract/opp/4e3d6dd699e146d881ed45371b46d65e/view,,,,
Repair Kiddie Pool,New,FA302226C0005,DEPT OF DEFENSE.DEPT OF THE AIR FORCE.AIR EDUCATION AND TRAINING COMMAND.FA3022 14 CONS LGCA,561210,,,2026-09-23,"Columbus, MS, 39710",Small Business Set Aside - Total,,,https://sam.gov/workspace/contract/opp/80f922ab726943ee83a9794ecfd89399/view,,,,
R499--On-site Survey Readiness Services (Mock Physical Environment  / Life Safety Survey),New,36C25226Q0636,"VETERANS AFFAIRS, DEPARTMENT OF.VETERANS AFFAIRS, DEPARTMENT OF.252-NETWORK CONTRACT OFFICE 12 (36C252)",541611,,,2026-09-23,not specified,Service-Disabled Veteran-Owned Small Business (SDVOSB) Set-Aside (FAR 19.14),,,https://sam.gov/workspace/contract/opp/d3cda985006d4a85956018bf7e24fa83/view,,,,
Video Audio Camera Installation - New Sunrise Regional Treatment Center (NSRTC),New,75H70726P00137,"HEALTH AND HUMAN SERVICES, DEPARTMENT OF.INDIAN HEALTH SERVICE.ALBUQUERQUE AREA INDIAN HEALTH SVC",238210,,,2026-09-23,"Zuni, NM, 87327",,,,https://sam.gov/workspace/contract/opp/13e4161c19c94c43bed99fc908555d40/view,,,,
"SOLICITATION NOTICE FOR UPPER DES PLAINES RIVER AND TRIBUTARIES PHASE II - AQUATIC ECOSYSTEM RESTORATION - POLLACK LAKE AND HASTINGS CREEK (RAVEN GLEN), ANTIOCH, LAKE COUNTY, ILLINOIS",New,W912P626RA009,DEPT OF DEFENSE.DEPT OF THE ARMY.US ARMY CORPS OF ENGINEERS.ENGINEER DIVISION GREAT LAKES AND OHIO.ENDIST CHICAGO.W072 ENDIST CHICAGO,238910,,,2026-09-23,"ANTIOCH, LAKE COUNTY, ILLINOIS",,,,https://sam.gov/workspace/contract/opp/2a0ebc53965c4aee9dc3a1308f9e4122/view,,,,
Y--Hickman Wildlife Water Catchment and Pipe Fence,New,140L1726Q0054,"INTERIOR, DEPARTMENT OF THE.BUREAU OF LAND MANAGEMENT.NEW MEXICO STATE OFFICE",238910,,2026-10-22T17:00:00.000Z,2026-09-23,NM,Small Business Set Aside - Total,,,https://sam.gov/workspace/contract/opp/bb68ccd497ee4cf09bed2cce28b98eeb/view,,,,
Solicitation for Homestead ARB BAK 12/14 Aircraft Arresting System,New,W912QR26CA034,DEPT OF DEFENSE.DEPT OF THE ARMY.US ARMY CORPS OF ENGINEERS.ENGINEER DIVISION GREAT LAKES AND OHIO.ENDIST LOUISVILLE.W072 ENDIST LOUISVILLE,236220,,,2026-09-23,"FL, 33030",,,,https://sam.gov/workspace/contract/opp/c3b14ddce163426288dc9957bb38692e/view,,,,
Grounds maintenance services for Riverside National Cemetery. -- S208,New,36C78626R501200004,"VETERANS AFFAIRS, DEPARTMENT OF.VETERANS AFFAIRS, DEPARTMENT OF.NATIONAL CEMETERY ADMIN (36C786)",561730,,2026-09-30T00:00:00.000Z,2026-09-23,"Riverside, CA, 92518",Service-Disabled Veteran-Owned Small Business (SDVOSB) Set-Aside (FAR 19.14),,,https://sam.gov/workspace/contract/opp/37ca01e61bcd4d47921aafd2e63288b9/view,,,,
CONSOLIDATED WEED CONTROL FOR WESTERN SIDE OF KANSAS CITY DISTRICT FACILITIES,New,697DCK-26-R-00432,"TRANSPORTATION, DEPARTMENT OF.FEDERAL AVIATION ADMINISTRATION.697DCK REGIONAL ACQUISITIONS SVCS",561730,,2026-11-02T22:00:00.000Z,2026-09-23,"Olathe, KS",Small Business Set Aside - Total,,,https://sam.gov/workspace/contract/opp/8b406a5344c543b28dd50d8887027013/view,,,,
R--AFRH Property Regulatory and Management Support,New,140D0426Q0756,"INTERIOR, DEPARTMENT OF THE.DEPARTMENTAL OFFICES.IBC ACQ SVCS DIRECTORATE (00004)",541611,,,2026-09-23,not specified,,,,https://sam.gov/workspace/contract/opp/2b1fc9ee690b4ee58bef103af2cb4608/view,,,,
Campbell Tract Facility Snow and Ice Removal,New,140L6326Q0035,"INTERIOR, DEPARTMENT OF THE.BUREAU OF LAND MANAGEMENT.ALASKA STATE OFFICE",561730,,2026-10-15T01:00:00.000Z,2026-09-23,not specified,Small Business Set Aside - Total,,,https://sam.gov/workspace/contract/opp/7873af91082b478d9aab917288db8a92/view,,,,
Repair Building Damage B4211,New,N400857584739,DEPT OF DEFENSE.DEPT OF THE NAVY.NAVFAC.NAVFAC ATLANTIC CMD.NAVFAC MID-ATLANTIC.NAVFACSYSCOM MID-ATLANTIC,236220,,2026-09-25T20:30:00.000Z,2026-09-23,"Cherry Point, NC, 28533",Small Business Set Aside - Total,,,https://sam.gov/workspace/contract/opp/5327372e91f04855a864bf9e3ca1ac3b/view,,,,
Tree Cutting and Removal Services – USDA ARS Beltsville Agricultural Research Center,New,127EAU26Q0076 ,"AGRICULTURE, DEPARTMENT OF.FOREST SERVICE.USDA-FS, CSA SOUTHWEST 4",561730,,2026-09-28T00:00:00.000Z,2026-09-23,"Beltsville, MD, 20705",Small Business Set Aside - Total,,,https://sam.gov/workspace/contract/opp/427774c1137f409d9435967cf2594a0c/view,,,,
"Base Operations Support (BOS) Services at U.S. Naval Air Station (NAS) Sigonella and its outlying support activities, Sicily, Italy",New,N6247026D0010,DEPT OF DEFENSE.DEPT OF THE NAVY.NAVFAC.NAVFAC ATLANTIC CMD.NAVFACSYSCOM ATLANTIC,561210,,,2026-09-23,"Sigonella, ITALY",No Set aside used,,,https://sam.gov/workspace/contract/opp/01a7e6111a8d4cf782e3ed9792733681/view,,,,
Z--Design-Build & Design-Bid-Build Construction Servi,New,140D0426R0010,"INTERIOR, DEPARTMENT OF THE.DEPARTMENTAL OFFICES.IBC ACQ SVCS DIRECTORATE (00004)",236220,,,2026-09-23,not specified,,,,https://sam.gov/workspace/contract/opp/d7ed30660eb14249bf828d13e3cd3900/view,,,,
AMARILLO JANITORIAL CONTRACT,New,140L1726Q0070,"INTERIOR, DEPARTMENT OF THE.BUREAU OF LAND MANAGEMENT.COLORADO STATE OFFICE",561210,,2026-09-25T14:00:00.000Z,2026-09-23,"801 S. FILLMORE, Amarillo, TX, 79101",Small Business Set Aside - Total,,,https://sam.gov/workspace/contract/opp/21139661bcee491599821b8606ae4588/view,,,,
Intent to Sole Source - OECD Work Programme,New,SS-DO-26-061,"TREASURY, DEPARTMENT OF THE.DEPARTMENTAL OFFICES",541611,,2026-10-07T12:00:00.000Z,2026-09-23,"Paris, FR-IDF, FRANCE",No Set aside used,,,https://sam.gov/workspace/contract/opp/b536d10028de4822b0249333d615743f/view,,,,
Reporting Data and Documentation Limited Sources Justification,New,DFACQ260017,UNITED STATES INTERNATIONAL DEVELOPMENT FINANCE CORPORATION.UNITED STATES INTERNATIONAL DEVELOPMENT FINANCE CORPORATION.OFFICE OF ACQUISITION,541611,,,2026-09-23,"DC, 20527",,,,https://sam.gov/workspace/contract/opp/03844bee42c24994b7413b36c35171db/view,,,,
EAGLE Fort Riley KS W519TC-26-R-A054,New,W519TC26RA054,DEPT OF DEFENSE.DEPT OF THE ARMY.AMC.ACC.ACC-CTRS.ACC RI.W6QK ACC-RI,561210,,2026-10-14T17:00:00.000Z,2026-09-23,"KS, 66442",Small Business Set Aside - Total,,,https://sam.gov/workspace/contract/opp/fa0cbdc085b4444aab52507227930e16/view,,,,
Z--Oklahoma Fish and Wildlife Conservation Office Bui,New,140FGA26Q0051,"INTERIOR, DEPARTMENT OF THE.US FISH AND WILDLIFE SERVICE.FWS, GAOA",238160,,,2026-09-23,not specified,,,,https://sam.gov/workspace/contract/opp/22f66ea103ef4a74a0cf80a53a1f2975/view,,,,
Black Rock Lock High Mast Lighting Project,New,W912P426QA015,DEPT OF DEFENSE.DEPT OF THE ARMY.US ARMY CORPS OF ENGINEERS.ENGINEER DIVISION GREAT LAKES AND OHIO.ENDIST BUFFALO.W072 ENDIST BUFFALO,238210,,2026-10-22T18:00:00.000Z,2026-09-23,"1776 Niagara Street, Buffalo, NY, 14207",,,,https://sam.gov/workspace/contract/opp/266d588bd4154e54b3511a30afd90c7e/view,,,,
Electronic Security System VIII Draft Solicitation,New,W912DY26RAX12,DEPT OF DEFENSE.DEPT OF THE ARMY.US ARMY CORPS OF ENGINEERS.SCO ALEXANDRIA.SUPPORT CENTER HUNTSVILLE.W2V6 USA ENG SPT CTR HUNTSVIL,541512,,2026-09-29T17:00:00.000Z,2026-09-23,"Various locations both CONUS and OCONUS. Specific locations to be determined at the Task Order Level., 35808",,,,https://sam.gov/workspace/contract/opp/0dce081936d24663a78021fe87ae4a11/view,,,,
FASTC Barrier Replacement,New,19AQMM26R0459,"STATE, DEPARTMENT OF.STATE, DEPARTMENT OF.ACQUISITIONS - AQM MOMENTUM",236220,,2026-09-24T20:00:00.000Z,2026-09-23,"6366, VA",Small Business Set Aside - Total,,,https://sam.gov/workspace/contract/opp/d99677c2b2c743779e11e1a4903d393b/view,,,,
RND Grounds Maintenance - Sources Sought - JBSA Randolph,New,RND-GROUNDS-2026,DEPT OF DEFENSE.DEPT OF THE AIR FORCE.AIR EDUCATION AND TRAINING COMMAND.JOINT BASE SAN ANTONIO.FA3016  502 CONS CL,561730,,2026-09-30T17:00:00.000Z,2026-09-23,"San Antonio, TX",8(a) Set-Aside (FAR 19.8),,,https://sam.gov/workspace/contract/opp/7e0d0f26578f476987aceb6249f56b4d/view,,,,
"FY26 Installation of New 3-Phase Primary Underground Electrical Service Ellington Field, TX",New,W50S77-26-p-a007,DEPT OF DEFENSE.DEPT OF THE ARMY.NATIONAL GUARD BUREAU.JFHQ USPFO TX.USPFO TX PROCUREMENT.W7N2 USPFO ACTIVITY TXANG 147,238210,,,2026-09-23,"Houston, TX, 77034",Small Business Set Aside - Total,,,https://sam.gov/workspace/contract/opp/dbf6c2c2627f4736b65faee704efa237/view,,,,
"IDIQ JOC TOTAL SMALL-BUSINESS SET-ASIDE FOR ELECTRICAL AND OTHER WIRING INSTALLATION PROJECTS AT VARIOUS GOVERNMENT FACILITIES LOCATED WITHIN THE MARINE CORPS LOGISTICS BASE BARSTOW, MARINE CO",New,N6247324R2610,DEPT OF DEFENSE.DEPT OF THE NAVY.NAVFAC.NAVFAC PACIFIC CMD.NAVFAC SOUTHWEST SW.NAVFACSYSCOM SOUTHWEST,238210,,2024-10-15T21:00:00.000Z,2026-09-23,not specified,Small Business Set Aside - Total,,,https://sam.gov/workspace/contract/opp/fd645a6ebde44f01b9351dffdb110604/view,,,,
UMSB A-wing renovation,New,W912HQ26PA075,DEPT OF DEFENSE.DEPT OF THE ARMY.US ARMY CORPS OF ENGINEERS.SCO ALEXANDRIA.ENGINEER CENTER SUPPORT ACT HUMPHREYS.W4LD USA HECSA,561210,,,2026-09-23,"Alexandria, VA, 22315",,,,https://sam.gov/workspace/contract/opp/d31fea544a574a898e9d00481c8cb611/view,,,,
Y1DA--NRM-CONST 630-26-101 CONSTRUCTION ONCOLOGY PHARMACY CHILLER  USP 800,New,36C24226B0040,"VETERANS AFFAIRS, DEPARTMENT OF.VETERANS AFFAIRS, DEPARTMENT OF.242-NETWORK CONTRACT OFFICE 02 (36C242)",236220,,,2026-09-23,not specified,Service-Disabled Veteran-Owned Small Business (SDVOSB) Set-Aside (FAR 19.14),,,https://sam.gov/workspace/contract/opp/d8b49b81081f49e79220b8191f5f69c6/view,,,,
Security Clearance Processing,New,20250008357,DEPT OF DEFENSE.DEPT OF THE NAVY.NAVSUP.NAVSUP GLOBAL LOGISTICS SUPPORT.NAVSUP FLC JACKSONVILLE.NAVSUP FLC JACKSONVILLE ERP,541611,,2026-09-28T14:00:00.000Z,2026-09-23,"Jacksonville, FL",No Set aside used,,,https://sam.gov/workspace/contract/opp/2271f6ead80b49ec87605ec9eeda3506/view,,,,
"Z--Award - REPAIR SEPTIC SYSTEM, Channel Islands NP",New,140P8426Q0074,"INTERIOR, DEPARTMENT OF THE.NATIONAL PARK SERVICE.PWR PORE MABO (84000)",238910,,,2026-09-23,not specified,,,,https://sam.gov/workspace/contract/opp/8b0ff37f585045bb90119ea420a14f25/view,,,,
S218--Snow Removal Services Lebanon VAMC,New,36C24426Q0980,"VETERANS AFFAIRS, DEPARTMENT OF.VETERANS AFFAIRS, DEPARTMENT OF.244-NETWORK CONTRACT OFFICE 4 (36C244)",561730,,2026-10-06T14:00:00.000Z,2026-09-23,"Lebanon VAMC, Lebanon, PA, 17042",Service-Disabled Veteran-Owned Small Business (SDVOSB) Set-Aside (FAR 19.14),,,https://sam.gov/workspace/contract/opp/740138fbbe5b4a49ab62fbc23a50975d/view,,,,
"Bldg's 1403, 1404, FC255 Security Screens, TT21 Gate Replacement",New,N4008526F1855,DEPT OF DEFENSE.DEPT OF THE NAVY.NAVFAC.NAVFAC ATLANTIC CMD.NAVFAC MID-ATLANTIC.NAVFACSYSCOM MID-ATLANTIC,236220,,,2026-09-23,"Camp Lejeune, NC, 28547",Small Business Set Aside - Total,,,https://sam.gov/workspace/contract/opp/e65362045f7448d3b1cb72ff10255a5e/view,,,,
CMDS MAC Awardees Only PWS Review Request,New,CMDSONLYLOGITALE,DEPT OF DEFENSE.DEPT OF THE NAVY.SPAWAR.SPAWAR HQ.NAVAL INFORMATION WARFARE SYSTEMS,541512,,2026-10-02T21:00:00.000Z,2026-09-23,not specified,,,,https://sam.gov/workspace/contract/opp/9bf29c5cc5a64d078d811033760b32b3/view,,,,
"Trash Removal and Disposal for Busan Area, USAG-Daegu",New,W90VN926QA046,DEPT OF DEFENSE.DEPT OF THE ARMY.AMC.ACC.ACC-OO.411TH CSB.0906 AQ CO     DET A CONTRACTI,562111,,2026-09-29T04:00:00.000Z,2026-09-23,not specified,,,,https://sam.gov/workspace/contract/opp/6f77b2c4e65c4a94a2192156c155cc15/view,,,,
"Embassy Libreville, Gabon - Request for Quotations (RFQ) for trash collection services",New,19GB5026Q0025,"STATE, DEPARTMENT OF.STATE, DEPARTMENT OF.US EMBASSY LIBREVILLE",562111,,2026-09-24T14:00:00.000Z,2026-09-23,"Libreville, GA-1, 4000, GABON",,,,https://sam.gov/workspace/contract/opp/f122df2060a3491791125bc194e3fb79/view,,,,
Removal of Abandoned Telecommunications Equipment,New,36C24526Q0853,"VETERANS AFFAIRS, DEPARTMENT OF.VETERANS AFFAIRS, DEPARTMENT OF.245-NETWORK CONTRACT OFFICE 5 (36C245)",238210,,2026-09-28T15:00:00.000Z,2026-09-23,"Washington, DC, 20422",No Set aside used,,,https://sam.gov/workspace/contract/opp/442fbf128c294f619df7d18ecae9d907/view,,,,
Local Area Network (LAN) Cable Installation & Repair,New,W51AA1-26-Q-A097,DEPT OF DEFENSE.DEPT OF THE ARMY.AMC.ACC.ACC-CTRS.ACC-APG.W6QK ACC-APG CONT CT TYAD OFC,238210,,2026-10-08T17:00:00.000Z,2026-09-23,"Tobyhanna, PA, 18466",Small Business Set Aside - Total,,,https://sam.gov/workspace/contract/opp/36b53aadbf284016a2e5f9a187b9065c/view,,,,
Demolition of Grape Genetic Research Unit Administraton Building,New,12RADA26Q0017,"AGRICULTURE, DEPARTMENT OF.RURAL HOUSING SERVICE.USDA/RD/REGIONAL ACQ DIVISION",238910,,2026-09-25T17:00:00.000Z,2026-09-23,"Geneva, NY, 14456",No Set aside used,,,https://sam.gov/workspace/contract/opp/ee7450696749474682a859934e638fae/view,,,,
J042--FIRE SUPPRESSION SYSTEM REPAIRS (VA-26-00075910)  (VA-26-00083574),New,36C25626R0113,"VETERANS AFFAIRS, DEPARTMENT OF.VETERANS AFFAIRS, DEPARTMENT OF.256-NETWORK CONTRACT OFFICE 16 (36C256)",561210,,,2026-09-23,not specified,Service-Disabled Veteran-Owned Small Business (SDVOSB) Set-Aside (FAR 19.14),,,https://sam.gov/workspace/contract/opp/7798d5c793644700be1f7ea9c75534cf/view,,,,
TARC Building 1 Roof Replacement,New,W9133L26CA015,DEPT OF DEFENSE.DEPT OF THE ARMY.NATIONAL GUARD BUREAU.HQ NGB.HQ NGB DIR OF ACQUISITIONS.W39L USA NG READINESS CENTER,238160,,,2026-09-23,"Arlington, VA, 22204",Small Business Set Aside - Total,,,https://sam.gov/workspace/contract/opp/af52e8fdf1804ae4afd6108c60fc758a/view,,,,
Building Exterior Repair Project – FDA Pacific Southwest Laboratory,New,OC-2026-133499,"HEALTH AND HUMAN SERVICES, DEPARTMENT OF.FOOD AND DRUG ADMINISTRATION.FDA OFFICE OF ACQ  GRANT SVCS",238320,,,2026-09-23,"Irvine, CA",Small Business Set Aside - Total,,,https://sam.gov/workspace/contract/opp/dfe967d4ec9846efbf8aff0d827fb5ef/view,,,,
Intent to sole source Waste MGT bridge contract,New,36C24127P0015,"VETERANS AFFAIRS, DEPARTMENT OF.VETERANS AFFAIRS, DEPARTMENT OF.241-NETWORK CONTRACT OFFICE 01 (36C241)",562111,,2026-09-29T14:00:00.000Z,2026-09-23,"White River Junction, VT, 05001",No Set aside used,,,https://sam.gov/workspace/contract/opp/93963efd9c424d94a947229d5f098cee/view,,,,
Evidence Tracking System,New,63000-26-0289,SECURITIES AND EXCHANGE COMMISSION.SECURITIES AND EXCHANGE COMMISSION.SECURITIES AND EXCHANGE COMMISSION,541512,,,2026-09-23,"Washington, DC, 20549",,,,https://sam.gov/workspace/contract/opp/f7449c130928410d8a05a0d40f91b4e3/view,,,,
"Construction Manager as Constructor (CMc) Requirement for a New Land Port of Entry (LPOE), Coburn Gore, Maine",New,47PB0025R0044,GENERAL SERVICES ADMINISTRATION.PUBLIC BUILDINGS SERVICE.PBS R1 ACQ MANAGEMENT DIVISION,236220,,,2026-09-23,"Coburn Gore, ME, 04936",No Set aside used,,,https://sam.gov/workspace/contract/opp/b2d370c7c55e4843aea7bff187762867/view,,,,
Electronical IPC PDS Maintenance,New,W91RUS26QA69,DEPT OF DEFENSE.DEPT OF THE ARMY.AMC.ACC.ACC-CTRS.ACC-APG.W6QK ACC-APG CONTR CTR,238210,,2026-09-25T15:00:00.000Z,2026-09-23,"Fort Huachuca, AZ, 85613",,,,https://sam.gov/workspace/contract/opp/74ef3ceca54042c093c41723cb389871/view,,,,
S--CHESAPEAKE & OHIO CANAL NATIONAL HISTORICAL PARK -,New,140P3026R0005,"INTERIOR, DEPARTMENT OF THE.NATIONAL PARK SERVICE.NCR REGIONAL CONTRACTING(30000)",561730,,2026-09-22T21:00:00.000Z,2026-09-23,not specified,Small Business Set Aside - Total,,,https://sam.gov/workspace/contract/opp/c1a51555879f4865b4671f8ba2544a58/view,,,,
"DISASTER RESILIENCY PROGRAM PHASE 3, CREECH AFB, NEVADA",New,W912PL26RA027,DEPT OF DEFENSE.DEPT OF THE ARMY.US ARMY CORPS OF ENGINEERS.ENGINEER DIVISION SOUTH PACIFIC.ENDIST LOS ANGELES.W075 ENDIST LOS ANGELES,236220,,2026-09-25T21:00:00.000Z,2026-09-23,"CREECH AIR FORCE BASE, CLARK COUNTY, NEVADA, 89018",,,,https://sam.gov/workspace/contract/opp/ffa188c5e7914114b6c49182239570e1/view,,,,
"The purpose of this special notice is to notify industry of the transfer of Department of the Interior Contract Number 47QRAA18D00BQ/140D0425F0979 awarded to Mathematica Policy research Inc. on September 25, 2025, to the Department of Health and Human Ser",New,OMAS-ACF350714,"HEALTH AND HUMAN SERVICES, DEPARTMENT OF",541611,,2026-09-30T14:00:00.000Z,2026-09-23,not specified,,,,https://sam.gov/workspace/contract/opp/7c01447738604edf9779a3babe73f913/view,,,,
M--R10 RO: Facilities Support Services ,New,68HE0726R0020,ENVIRONMENTAL PROTECTION AGENCY.ENVIRONMENTAL PROTECTION AGENCY.REGION 7 CONTRACTING OFFICE,561210,,,2026-09-23,"US Environmental Protection Agency, Seattle, WA, 98101",,,,https://sam.gov/workspace/contract/opp/08b813fa36024bb08338561c9d45ca6a/view,,,,
USDA-Forest Service - Alexandria Forestry Center (AFC) Grounds Maintenance on the Kisatchie National Forest,New,12444026P0193,"AGRICULTURE, DEPARTMENT OF.FOREST SERVICE.USDA-FS, CSA EAST 2",561730,,,2026-09-23,"Pineville, LA, 71360",Small Business Set Aside - Total,,,https://sam.gov/workspace/contract/opp/56c2c28f1b274d4e90e9c125f6595642/view,,,,
Enterprise Wide Evidence,New,CNS-CNCS-26-0160CR26-0160,CORPORATION FOR NATIONAL AND COMMUNITY SERVICE.CORPORATION FOR NATIONAL AND COMMUNITY SERVICE.CORPORATION FOR NTL  COMM SERVICE,541611,,,2026-09-23,"Washington, DC, 20024",,,,https://sam.gov/workspace/contract/opp/626a6fef7ba941238bcda5c119b75e8a/view,,,,
"FY26 Installation of New 3-Phase Primary Underground Electrical Service Ellington Field, TX",New,W50S77-26-Q-A001,DEPT OF DEFENSE.DEPT OF THE ARMY.NATIONAL GUARD BUREAU.JFHQ USPFO TX.USPFO TX PROCUREMENT.W7N2 USPFO ACTIVITY TXANG 147,238210,,2026-07-29T21:00:00.000Z,2026-09-23,"Houston, TX, 77034",Small Business Set Aside - Total,,,https://sam.gov/workspace/contract/opp/087b8f4fd20e42f698870ac9f8cadf22/view,,,,
"N--Manchester Bldg (Port Orchard, WA) Automation Sys",New,1305M326Q0491,"COMMERCE, DEPARTMENT OF.NATIONAL OCEANIC AND ATMOSPHERIC ADMINISTRATION.DEPT OF COMMERCE NOAA",238210,,,2026-09-22,not specified,,,,https://sam.gov/workspace/contract/opp/509b5e9910bd4bc29f09ba98bcad47b1/view,,,,
Z--Facilities Maintenance and Repair IDIQ,New,140R3026Q0036,"INTERIOR, DEPARTMENT OF THE.BUREAU OF RECLAMATION.LOWER COLORADO REGIONAL OFFICE",561210,,,2026-09-22,not specified,,,,https://sam.gov/workspace/contract/opp/f49938f5863a4d24bab53336a423e0a1/view,,,,
Y--Merritt Island NWR VC Constr. and Demo,New,140FC126F0017,"INTERIOR, DEPARTMENT OF THE.US FISH AND WILDLIFE SERVICE.FWS, CONSTRUCTION A/E TEAM 1",236220,,,2026-09-22,not specified,,,,https://sam.gov/workspace/contract/opp/6b75ab7059964d3d921e8b40fd4cfeed/view,,,,
"Grounds Maintenance Dale Bumpers National Rice Research Center Stuttgart, AR",New,127EAV26P0031,"AGRICULTURE, DEPARTMENT OF.FOREST SERVICE.USDA-FS, CSA SOUTHWEST 5",561730,,,2026-09-22,"Stuttgart, AR, 72160",Small Business Set Aside - Total,,,https://sam.gov/workspace/contract/opp/ffb9eda15de34df79436bc4648835244/view,,,,
Administrative Space Expansion - Combined Special Operations Group (CSOG),New,HC102826R0058,DEPT OF DEFENSE.DEFENSE INFORMATION SYSTEMS AGENCY (DISA).IT CONTRACTING DIVISION - PL83,561210,,2026-10-02T19:00:00.000Z,2026-09-22,"Columbus, OH, 43218",Small Business Set Aside - Total,,,https://sam.gov/workspace/contract/opp/7991cf2c581d437ca32137a81285d770/view,,,,
Y--Multiple-Award Task Order Contracts (MATOC) for Alt/Repair Construction Services for the continental US and Hawaii in any state or US territory for the Department of Interior (DOI) and Forest Service,New,0044047888000,"INTERIOR, DEPARTMENT OF THE.US FISH AND WILDLIFE SERVICE.FWS, CONSTRUCTION A/E TEAM 1",236220,,,2026-09-22,not specified,,,,https://sam.gov/workspace/contract/opp/73282f26d7d44829a89e4cff7a07837a/view,,,,
J--WA-SPRING CRK NFH-AUTO TRANSFER SWITCH,New,140FS126Q0200,"INTERIOR, DEPARTMENT OF THE.US FISH AND WILDLIFE SERVICE.FWS, SAT TEAM 1",238210,,,2026-09-22,not specified,,,,https://sam.gov/workspace/contract/opp/75d6404212b84051a86d38395ba2643a/view,,,,
Z1DA--Upgrade Fire Alarm System Construction  676-22-110,New,36C25226B0014-1,"VETERANS AFFAIRS, DEPARTMENT OF.VETERANS AFFAIRS, DEPARTMENT OF.252-NETWORK CONTRACT OFFICE 12 (36C252)",238210,,2026-10-20T15:00:00.000Z,2026-09-22,"Tomah, WI, 54660",Service-Disabled Veteran-Owned Small Business (SDVOSB) Set-Aside (FAR 19.14),,,https://sam.gov/workspace/contract/opp/3f1ce400ee3f4d75b698e92ca2029707/view,,,,
N--NOAA Western Regional Center H32 Electrical Repair,New,1305M326P0358,"COMMERCE, DEPARTMENT OF.NATIONAL OCEANIC AND ATMOSPHERIC ADMINISTRATION.DEPT OF COMMERCE NOAA",238210,,,2026-09-22,"Seattle, WA, 98115",Small Business Set Aside - Total,,,https://sam.gov/workspace/contract/opp/5df2808f3ea3441c814c20581e15dead/view,,,,
USDA-ARS Mississippi Roofing Repairs - 01 Package 1174723 Roof Protective Seal Coating.,New,12445126C0038,"AGRICULTURE, DEPARTMENT OF.FOREST SERVICE.USDA-FS, CSA EAST 11",238160,,,2026-09-22,MS,Small Business Set Aside - Total,,,https://sam.gov/workspace/contract/opp/aa14fd1a29bf457bb915154287a43066/view,,,,
Social Media Listening Dashboard and Strategic Intelligence Service - PDS,New,19PM0726Q0031,"STATE, DEPARTMENT OF.STATE, DEPARTMENT OF.US EMBASSY PANAMA CITY",541611,,2026-09-24T14:00:00.000Z,2026-09-22,"Panama, PA-8, PANAMA",,,,https://sam.gov/workspace/contract/opp/1866a430b86544bcb52fe473871ae0d3/view,,,,
"FY27 SPECIAL PROJECT USNH YOKOSUKA ALTERATION, JAPAN",New,N4008427R1027,DEPT OF DEFENSE.DEPT OF THE NAVY.NAVFAC.NAVFAC PACIFIC CMD.NAVFAC FAR EAST.NAVFACSYSCOM FAR EAST,236220,,2026-10-07T06:00:00.000Z,2026-09-22,"YOKOSUKA, JP-14, JAPAN",No Set aside used,,,https://sam.gov/workspace/contract/opp/2eb97d03d2ab48b2a943208a15aed7ee/view,,,,
"N--STLI - Statue of Liberty National Monument, Ellis Island AV THEATER UPGRADE",New,140P2126R0029,"INTERIOR, DEPARTMENT OF THE.NATIONAL PARK SERVICE.WASHINGTON CONTRACTING OFFICE",238210,,,2026-09-22,not specified,,,,https://sam.gov/workspace/contract/opp/d8014df7f19645b98354a03757324d18/view,,,,
J059--MCC & Panelboards Replacement,New,36C25026Q0628,"VETERANS AFFAIRS, DEPARTMENT OF.VETERANS AFFAIRS, DEPARTMENT OF.250-NETWORK CONTRACT OFFICE 10 (36C250)",238210,,,2026-09-22,not specified,Service-Disabled Veteran-Owned Small Business (SDVOSB) Set-Aside (FAR 19.14),,,https://sam.gov/workspace/contract/opp/91ef39f43de1415ebae609c21b3d7f5d/view,,,,
S--REFUSE SERVICE - SHIPROCK SCHOOL HOUSING,New,140A2326Q266,"INTERIOR, DEPARTMENT OF THE.BUREAU OF INDIAN AFFAIRS.INDIAN EDUCATION ACQUISITION OFFICE",562111,,,2026-09-22,not specified,,,,https://sam.gov/workspace/contract/opp/ad66f956bbb649a39cc1364598c6d1b1/view,,,,
Z1DA--550-20-121 Demo Old Boiler Plant B100 (CON),New,36C25227B0002,"VETERANS AFFAIRS, DEPARTMENT OF.VETERANS AFFAIRS, DEPARTMENT OF.252-NETWORK CONTRACT OFFICE 12 (36C252)",236220,,2026-11-18T19:00:00.000Z,2026-09-22,"Veterans Affairs Illiana Healthcare System -VAIHCS, Danville, IL, 61832",Service-Disabled Veteran-Owned Small Business (SDVOSB) Set-Aside (FAR 19.14),,,https://sam.gov/workspace/contract/opp/c81ce2acfdf6410aa1e7124791276f8e/view,,,,
"Replace 32 Exhaust Fans, Poplarville, Mississippi",New,1232SA26P0786,"AGRICULTURE, DEPARTMENT OF.AGRICULTURAL RESEARCH SERVICE.USDA ARS AFM APD",238210,,,2026-09-22,"Poplarville, MS, 39470",Small Business Set Aside - Total,,,https://sam.gov/workspace/contract/opp/e4dd1a2bfb69413b9e46d2fe470e3327/view,,,,
J065--FY26: REPAIR MEDICAL GAS LEAK,New,36C24726Q08680001,"VETERANS AFFAIRS, DEPARTMENT OF.VETERANS AFFAIRS, DEPARTMENT OF.247-NETWORK CONTRACT OFFICE 7 (36C247)",561210,,2026-09-28T17:00:00.000Z,2026-09-22,not specified,,,,https://sam.gov/workspace/contract/opp/dc8dd51dd38d4994b879fef4fec41896/view,,,,
SLAC Job Order Contract,New,SLAC_RFP_368624,"ENERGY, DEPARTMENT OF.ENERGY, DEPARTMENT OF.SLAC Natl Accel Lab -DOE Contractor",236220,,2026-09-29T00:00:00.000Z,2026-09-22,"Menlo Park, CA, 94025",,,,https://sam.gov/workspace/contract/opp/f63c57df6b6245008db7e2e184005f5a/view,,,,
FY27 Mentor Protege Program (MPP) Broad Agency Announcement,New,MPP-FY2027,DEPT OF DEFENSE.DEPT OF THE ARMY.AMC.ACC.ACC-CTRS.ACC-APG.W6QK ACC-APG,541611,,2027-08-01T05:01:00.000Z,2026-09-22,"Aberdeen Proving Ground, MD",,,,https://sam.gov/workspace/contract/opp/33d0ecbb5721401f9cc7c7a84ea07b9f/view,,,,
Automatic Transfer Switch (ATS) Testing & Imaging Services,New,36C24126Q0840,"VETERANS AFFAIRS, DEPARTMENT OF.VETERANS AFFAIRS, DEPARTMENT OF.241-NETWORK CONTRACT OFFICE 01 (36C241)",238210,,2026-09-23T21:00:00.000Z,2026-09-22,"Jamaica Plain, MA, 02130",,,,https://sam.gov/workspace/contract/opp/cd7e2fd5c96b45c6a1c3cb620653f09c/view,,,,
"Design/Build ISF Aramoun Indoor Shooting Range, Lebanon",New,19GE50,"STATE, DEPARTMENT OF.STATE, DEPARTMENT OF.ACQUISITIONS - RPSO FRANKFURT",236220,,,2026-09-22,LEBANON,No Set aside used,,,https://sam.gov/workspace/contract/opp/dfabb6b79f464fd89c478b46732c794d/view,,,,
Trickle Charger Installation Notification Warning System SAFB,New,FA440726Q8002,DEPT OF DEFENSE.DEPT OF THE AIR FORCE.AIR MOBILITY COMMAND.FA4407  375 CONS LGC,238210,,2026-09-25T17:00:00.000Z,2026-09-22,"Scott Air Force Base, IL, 62225",Small Business Set Aside - Total,,,https://sam.gov/workspace/contract/opp/0275fc393e714b42b37f679805e5ea42/view,,,,
"CONSTRUCT US SPACE FORCE INTEGRATION FACILITY, F/10852 WPAFB, OHIO",New,W912QR27-USSF-F10852,DEPT OF DEFENSE.DEPT OF THE ARMY.US ARMY CORPS OF ENGINEERS.ENGINEER DIVISION GREAT LAKES AND OHIO.ENDIST LOUISVILLE.W072 ENDIST LOUISVILLE,236220,,2026-10-06T20:00:00.000Z,2026-09-22,"Wright Patterson AFB, OH",,,,https://sam.gov/workspace/contract/opp/fea3d661672a4e6884e22b9e20093e87/view,,,,
DA01--VA-26-00071371 Memorials Integration Services and Innovation,New,36C10B26Q0625,"VETERANS AFFAIRS, DEPARTMENT OF.VETERANS AFFAIRS, DEPARTMENT OF.TECHNOLOGY ACQUISITION CENTER NJ (36C10B)",541512,,,2026-09-22,not specified,,,,https://sam.gov/workspace/contract/opp/5024ec784f894e20876492987e4f9813/view,,,,
CUP - Two-Phase Design-Build Acquisition for Modernization and Expansion of Central Utility Plant,New,1333ND26DNB190009,"COMMERCE, DEPARTMENT OF.NATIONAL INSTITUTE OF STANDARDS AND TECHNOLOGY.DEPT OF COMMERCE NIST",236220,,,2026-09-22,"Gaithersburg, MD",,,,https://sam.gov/workspace/contract/opp/e8475c0c523b4ae997e685f6271b5351/view,,,,
walk-in cooler/freezer system ,New,SP330026P1021,DEPT OF DEFENSE.DEFENSE LOGISTICS AGENCY.DLA DISTRIBUTION.DLA DISTRIBUTION,236220,,,2026-09-22,"New Cumberland, PA, 17070",SBA Certified Women-Owned Small Business (WOSB) Program Set-Aside (FAR 19.15),,,https://sam.gov/workspace/contract/opp/852af90123ff4a0db1cf680bd038020e/view,,,,
Snow and Ice Removal Management Services,New,36C24526Q0848,"VETERANS AFFAIRS, DEPARTMENT OF.VETERANS AFFAIRS, DEPARTMENT OF.245-NETWORK CONTRACT OFFICE 5 (36C245)",561730,,2026-09-28T07:00:00.000Z,2026-09-22,"Beckley, WV, 25801",Small Business Set Aside - Total,,,https://sam.gov/workspace/contract/opp/4411493635174b128b170d23f48be103/view,,,,
Z--MORA-LIGHT FIXTURE REPLACE OR RETROFIT IN TAHOMA W,New,140P8326Q0058,"INTERIOR, DEPARTMENT OF THE.NATIONAL PARK SERVICE.PWR OLYM MABO(83000)",238210,,,2026-09-22,not specified,,,,https://sam.gov/workspace/contract/opp/7b0b1894e7b84fb58a901576fbe5203f/view,,,,
Next Generation Operational Control System (NGOCS),New,FA8629-26-R-5017,"DEPT OF DEFENSE.DEPT OF THE AIR FORCE.AIR FORCE MATERIEL COMMAND.AIR FORCE LIFE CYCLE MANAGEMENT CENTER.INTELLIGENCE, SURVEILLANCE, RECONNAISSANCE.FA8629 AFLCMC WISK SOF/PR",541512,,2026-10-22T16:00:00.000Z,2026-09-22,"Wright Patterson AFB, OH, 45433",,,,https://sam.gov/workspace/contract/opp/1c1e9e75dffc4bff8e630d7f4e1650fb/view,,,,
USDA-ARS Mississippi Roofing Repairs - 02 Package 1174574 Vent boots,New,12445126C0039,"AGRICULTURE, DEPARTMENT OF.FOREST SERVICE.USDA-FS, CSA EAST 11",238160,,,2026-09-22,MS,Small Business Set Aside - Total,,,https://sam.gov/workspace/contract/opp/aac869e3e3a840cfaec205b9f001f300/view,,,,
Award Notice - NMMC Standalone RFID Firearm Accountability System,New,M0026426P0108,DEPT OF DEFENSE.DEPT OF THE NAVY.USMC.MARCORP I&L.MARINE CORPS INSTALLATIONS COMMAND.MCINCR.COMMANDER,541512,,,2026-09-22,"Triangle, VA, 22172",Small Business Set Aside - Total,,,https://sam.gov/workspace/contract/opp/3333b74906e7487985d4114c5e87ddaa/view,,,,
R--Operational/Administrative Business Support Services (DNS / NA-70),New,89233126QNA000478,"ENERGY, DEPARTMENT OF.ENERGY, DEPARTMENT OF.NNSA NON-MO CNTRCTNG OPS DIV",541611,,,2026-09-22,not specified,,,,https://sam.gov/workspace/contract/opp/d6487b35c94c42549078ea7381fad778/view,,,,
Z1DA--598-19-112 Replace Underground 15kV Connectors and  transformers-NLR,New,36C25626R0023,"VETERANS AFFAIRS, DEPARTMENT OF.VETERANS AFFAIRS, DEPARTMENT OF.256-NETWORK CONTRACT OFFICE 16 (36C256)",238210,,,2026-09-22,not specified,Service-Disabled Veteran-Owned Small Business (SDVOSB) Set-Aside (FAR 19.14),,,https://sam.gov/workspace/contract/opp/70b1156dca734668ba1619371c91100a/view,,,,
MASTERCAM SOFTWARE MAINTEANCE,New,W911PT26QA157,DEPT OF DEFENSE.DEPT OF THE ARMY.AMC.ACC.ACC-CTRS.ACC-DTA.W6QK ACC WVA,541512,,2026-09-23T17:00:00.000Z,2026-09-22,"Watervliet, NY, 12189",,,,https://sam.gov/workspace/contract/opp/72a356b54e2745c8bd1e5ec891d92cbb/view,,,,
"Y1DA--586-401 | Construct CLC Residential Neighborhood | Jackson,  MS | Scott  Tom",New,36C77626C0087,"VETERANS AFFAIRS, DEPARTMENT OF.VETERANS AFFAIRS, DEPARTMENT OF.PCAC (36C776)",236220,,,2026-09-22,"Jackson, MS, 39216",Service-Disabled Veteran-Owned Small Business (SDVOSB) Set-Aside (FAR 19.14),,,https://sam.gov/workspace/contract/opp/d8fdfb049b1a4641b89b2062da86bce1/view,,,,
PACAREA Battle Watch Command Center Display System (CCDS),New,75150PR260000082,"HOMELAND SECURITY, DEPARTMENT OF.US COAST GUARD.LOG-9",541512,,2026-09-23T15:00:00.000Z,2026-09-22,"Alameda, CA, 94501",Small Business Set Aside - Total,,,https://sam.gov/workspace/contract/opp/2acb1c9ba0e94c97ae0547376aebf9bd/view,,,,
N33191-26-R-0032 D-B Maritime Center of Excellence Phase III Tunisia,New,N3319126C0010,DEPT OF DEFENSE.DEPT OF THE NAVY.NAVFAC.NAVFAC ATLANTIC CMD.NAVFAC EUR SWA.NAVFACSYSCOM EUROPE AFRICA CENTRAL,236220,,,2026-09-22,"Bizerte, Tunisia",,,,https://sam.gov/workspace/contract/opp/daef1eb9e3db4879a02b7d4f2a4c9e84/view,,,,
Tremonton Field Office ADA Entrance Compliance Project,New,12FPC326Q0058,"AGRICULTURE, DEPARTMENT OF.FARM PRODUCTION AND CONSERVATION BUSINESS CENTER.FPAC BUS CNTR-ACQ DIV",236220,,2026-09-22T16:00:00.000Z,2026-09-22,"Tremonton, UT, 84337",Small Business Set Aside - Total,,,https://sam.gov/workspace/contract/opp/e3bcb5336f754481be0dbdc384e76d26/view,,,,
"Repair LRS Hazmat Roof, B155",New,FA302226P0023,DEPT OF DEFENSE.DEPT OF THE AIR FORCE.AIR EDUCATION AND TRAINING COMMAND.FA3022 14 CONS LGCA,238160,,,2026-09-22,"Columbus, MS, 39710",Small Business Set Aside - Total,,,https://sam.gov/workspace/contract/opp/f1c790be8339485eb395be0797e637de/view,,,,
"Construction of Fire Protection System at Building C2 at Naval Weapons Station Earle, NJ",New,N4008526R0214,DEPT OF DEFENSE.DEPT OF THE NAVY.NAVFAC.NAVFAC ATLANTIC CMD.NAVFAC MID-ATLANTIC.NAVFACSYSCOM MID-ATLANTIC,238210,,2026-09-30T15:00:00.000Z,2026-09-22,"Colts Neck, NJ, 07722",Small Business Set Aside - Total,,,https://sam.gov/workspace/contract/opp/22601f5f6c484c1ea878637aeb362b8e/view,,,,
"Formal RFP for WWYK200131 - Repair Chilled Water System, Bldg. 2280",New,FA813726R0010,DEPT OF DEFENSE.DEPT OF THE AIR FORCE.AIR FORCE MATERIEL COMMAND.AIR FORCE SUSTAINMENT CENTER.FA8137  AFSC PZIOC,236220,,2026-07-27T22:00:00.000Z,2026-09-22,"0, OK, 73145",Small Business Set Aside - Total,,,https://sam.gov/workspace/contract/opp/500f429c9ba04d6d8f38116f6a93db7a/view,,,,
Waste MGT and Recycling Intent to Sole source 8 months stop gap,New,36C24127P0012,"VETERANS AFFAIRS, DEPARTMENT OF.VETERANS AFFAIRS, DEPARTMENT OF.241-NETWORK CONTRACT OFFICE 01 (36C241)",562111,,2026-09-29T14:00:00.000Z,2026-09-22,"Leeds, MA, 01053",No Set aside used,,,https://sam.gov/workspace/contract/opp/8d7127bb683847988f0830792641fb60/view,,,,
Chafee Strengthening Outcomes for Transition to Adulthood II (Chafee SOTA II),New,7571MN26Q00023,"HEALTH AND HUMAN SERVICES, DEPARTMENT OF.OFFICE OF THE ASSISTANT SECRETARY FOR FINANCIAL RESOURCES (ASFR).OMAS STRATEGIC BUYING CENTER - HHS MISSION",541611,,,2026-09-22,"Bethesda, MD, 20814",,,,https://sam.gov/workspace/contract/opp/38cc5dc1b47546f886c06a45d8a1c575/view,,,,
Persistent Cyber Training Environment Support Services,New,N0018926PL364,DEPT OF DEFENSE.DEPT OF THE NAVY.NAVSUP.NAVSUP GLOBAL LOGISTICS SUPPORT.NAVSUP FLC NORFOLK.NAVSUP FLT LOG CTR NORFOLK,541611,,,2026-09-22,"Norfolk, VA, 23551",SBA Certified Women-Owned Small Business (WOSB) Program Set-Aside (FAR 19.15),,,https://sam.gov/workspace/contract/opp/fefcc8b820a544bbb67edcf99b34e577/view,,,,
"HOTEL SPACE, YOKOTA AIR BASE",New,W912HV27RA002,DEPT OF DEFENSE.DEPT OF THE ARMY.US ARMY CORPS OF ENGINEERS.ENGINEER DIVISION PACIFIC OCEAN.ENDIST JAPAN.W2SN ENDIST JAPAN,236220,,2026-10-10T00:00:00.000Z,2026-09-22,"Yokota Air Base, JP-13, 197-0001, JAPAN",No Set aside used,,,https://sam.gov/workspace/contract/opp/91c025e06c354b458dba6059c93b2806/view,,,,
Shake Creek Guard Station & Big Smoky Guard Station Hybrid Electrical Improvements,New,1240LT26C0053,"AGRICULTURE, DEPARTMENT OF.FOREST SERVICE.USDA-FS, CSA INTERMOUNTAIN 8",238210,,,2026-09-22,"23182, ID",Small Business Set Aside - Total,,,https://sam.gov/workspace/contract/opp/de1c7e9a79c5458e864c19ae773b6d07/view,,,,
R--DOI Office of Financial Management Blanket Purchase Agreement for Financial Management and Operations Support,New,140D0426Q0857,"INTERIOR, DEPARTMENT OF THE.DEPARTMENTAL OFFICES.IBC ACQ SVCS DIRECTORATE (00004)",541611,,,2026-09-22,not specified,,,,https://sam.gov/workspace/contract/opp/2bb917b5a23447adac1eb9ebc3f9e86a/view,,,,
Sound Blocking,New,W912hq26PA065,DEPT OF DEFENSE.DEPT OF THE ARMY.US ARMY CORPS OF ENGINEERS.SCO ALEXANDRIA.ENGINEER CENTER SUPPORT ACT HUMPHREYS.W4LD USA HECSA,561210,,,2026-09-22,"VA, 22315",Small Business Set Aside - Total,,,https://sam.gov/workspace/contract/opp/08c98226df7141a1b9bb49ac695db094/view,,,,
"Greenhouse Environmental Control and Lighting Modernization, Cold Spring Harbor, New York",New,1232SA26P0780,"AGRICULTURE, DEPARTMENT OF.AGRICULTURAL RESEARCH SERVICE.USDA ARS AFM APD",561210,,,2026-09-22,"Ithaca, NY, 14853",Small Business Set Aside - Total,,,https://sam.gov/workspace/contract/opp/612f4f5d61e24acea0935fce2c94fb10/view,,,,
Z1DA--B406 AHU to Emergency Power  676-22-108,New,36C25226B0017,"VETERANS AFFAIRS, DEPARTMENT OF.VETERANS AFFAIRS, DEPARTMENT OF.252-NETWORK CONTRACT OFFICE 12 (36C252)",238210,,,2026-09-22,not specified,Service-Disabled Veteran-Owned Small Business (SDVOSB) Set-Aside (FAR 19.14),,,https://sam.gov/workspace/contract/opp/6f2ed478831e40229de12351eae37242/view,,,,
Multiple Award Schedule,New,47QSMD20R0001,GENERAL SERVICES ADMINISTRATION.FEDERAL ACQUISITION SERVICE.GSA/FAS FURNITURE SYSTEMS MGT DIV,541611,,2026-09-18T16:12:13.000Z,2026-09-21,not specified,,,,https://sam.gov/workspace/contract/opp/361b57b669084e2681474d6020f9d361/view,,,,
Y--Rehabilitate Buildings at Boston National Historic,New,140P4326R0021,"INTERIOR, DEPARTMENT OF THE.NATIONAL PARK SERVICE.NER SERVICES MABO (43000)",236220,,,2026-09-21,"Boston, MA, 02129",,,,https://sam.gov/workspace/contract/opp/2c6f6e06af4543e296705083472c2826/view,,,,
"Announcement of FAA's intent to single source award to Prometheus Intelligence, Inc.",New,ES-26-02036,"TRANSPORTATION, DEPARTMENT OF.FEDERAL AVIATION ADMINISTRATION.692M15 ACQUISITION & GRANTS, AAQ600",541512,,2026-09-21T16:00:00.000Z,2026-09-21,"Washington, DC",No Set aside used,,,https://sam.gov/workspace/contract/opp/33d39e59b76646a2a4b4ace88d2aad63/view,,,,
NAVAL RESEARCH LABORATORY (NRL) FACILITY SUPPORT SERVICES (FSS),New,N4008027R1001,DEPT OF DEFENSE.DEPT OF THE NAVY.NAVFAC.NAVFAC ATLANTIC CMD.NAVFAC WASHINGTON.NAVFACSYSCOM WASHINGTON,561210,,2026-10-19T18:00:00.000Z,2026-09-21,"Washington, DC",Small Business Set Aside - Total,,,https://sam.gov/workspace/contract/opp/b2f7194532d44595afc5f8c515c6d347/view,,,,
S--REFUSE SERVICE - SHIPROCK HDQTR HOUSING,New,140A2326Q267,"INTERIOR, DEPARTMENT OF THE.BUREAU OF INDIAN AFFAIRS.INDIAN EDUCATION ACQUISITION OFFICE",562111,,,2026-09-21,not specified,,,,https://sam.gov/workspace/contract/opp/3a32a4ae2ec247e793f9f530796cfc7e/view,,,,
W9123726QA100 - Bulkhead Crane Bus Rails Replacement at Captain Anthony Meldahl Locks and Dam,New,W9123726QA100,DEPT OF DEFENSE.DEPT OF THE ARMY.US ARMY CORPS OF ENGINEERS.ENGINEER DIVISION GREAT LAKES AND OHIO.ENDIST HUNTINGTON.W072 ENDIST HUNTINGTON,238210,,2026-09-23T15:00:00.000Z,2026-09-21,"CPT A MELDAHL LD HUNTINGTON DIST, 2443 US 52, FELICITY, OH 45120-9717, 45120",,,,https://sam.gov/workspace/contract/opp/f298f6c64d9a4aec86b6d4f56dc51a0d/view,,,,
OEM SALWICO CONSILIUM FIRE ALARM PANEL INSTALLATION,New,52000RFQ260028451,"HOMELAND SECURITY, DEPARTMENT OF.US COAST GUARD.SFLC PROCUREMENT BRANCH 1(00080)",238210,,2026-09-25T16:00:00.000Z,2026-09-21,"Miami Beach, FL, 33139",Small Business Set Aside - Total,,,https://sam.gov/workspace/contract/opp/fdbba23f33024fbb8b77dd0a6956b3af/view,,,,
Paint and Repairs IDIQ,New,W911S7-26-D-A012,DEPT OF DEFENSE.DEPT OF THE ARMY.AMC.ACC.MISSION INSTALLATION CONTRACTING COMMAND.FDO EUSTIS.W6QM MICC-FT LEONARD WOOD,238320,,,2026-09-21,"Fort Leonard Wood, MO, 65473",Service-Disabled Veteran-Owned Small Business (SDVOSB) Set-Aside (FAR 19.14),,,https://sam.gov/workspace/contract/opp/cb77bff9ae884609b4f9806f6da585ec/view,,,,
Z--TX-HAGERMAN NWR-SANDY PT DUA VAULT TOILE,New,140FC126Q0022,"INTERIOR, DEPARTMENT OF THE.US FISH AND WILDLIFE SERVICE.FWS CONSTRUCTION & A/E - BIL/DISASTER",236220,,2026-08-06T14:00:00.000Z,2026-09-21,not specified,Small Business Set Aside - Total,,,https://sam.gov/workspace/contract/opp/4d86e2efb4a24a3c9bf8dbe090a4d161/view,,,,
Cable Fiber Install ATC Tower Dobbins ARB,New,FA670326Q0015,DEPT OF DEFENSE.DEPT OF THE AIR FORCE.AIR FORCE RESERVE COMMAND.FA6703  94TH CONTRACTING FLIGHT PK,238210,,2026-09-21T18:00:00.000Z,2026-09-21,"Marietta, GA, 30069",Small Business Set Aside - Total,,,https://sam.gov/workspace/contract/opp/313550655dcd4916a7700cb5c8f0ab68/view,,,,
TDAC-WSMR Installation of Motion Sensors,New,W911SG26BA014,DEPT OF DEFENSE.DEPT OF THE ARMY.AMC.ACC.MISSION INSTALLATION CONTRACTING COMMAND.418TH CSB.W6QM MICC-FT BLISS,238210,,2026-09-18T20:00:00.000Z,2026-09-21,"NM, 88002",Small Business Set Aside - Total,,,https://sam.gov/workspace/contract/opp/04e677c5a15548bd815b375055cf02dc/view,,,,
Comprehensive Mail Processing Services Program,New,1232SA26Q1507,"AGRICULTURE, DEPARTMENT OF.AGRICULTURAL RESEARCH SERVICE.USDA ARS AFM APD",541611,,2026-09-28T19:00:00.000Z,2026-09-21,"Beltsville, MD, 20705",8(a) Sole Source (FAR 19.8),,,https://sam.gov/workspace/contract/opp/965145d891154e0fa9637fe7317e7743/view,,,,
TSA Breakroom Appliance Replacement and Upgrade,New,70T01026Q7668N005 ,"HOMELAND SECURITY, DEPARTMENT OF.TRANSPORTATION SECURITY ADMINISTRATION.CONTRACTING AND PROCUREMENT",561210,,2026-09-22T16:00:00.000Z,2026-09-21,"Springfield, VA, 22150",Small Business Set Aside - Total,,,https://sam.gov/workspace/contract/opp/81a8c859be1445c8bfe7ad5a740de353/view,,,,
"Z2DA--Danville Construction MATOC (FY27)  SEED PROJECT NO: 550-25-108  Renovate Bathrooms in B103 PRRTP & B64/7 at  the VA Illiana Health Care System (VIHCS), Danville IL.",New,36C25227R0001,"VETERANS AFFAIRS, DEPARTMENT OF.VETERANS AFFAIRS, DEPARTMENT OF.252-NETWORK CONTRACT OFFICE 12 (36C252)",236220,,2026-10-21T21:00:00.000Z,2026-09-21,"VA Illiana Health Care System (VIHCS) 1900 E Main St., Danville, IL, 61832",Service-Disabled Veteran-Owned Small Business (SDVOSB) Set-Aside (FAR 19.14),,,https://sam.gov/workspace/contract/opp/e8848c6e51634b4aac78a2931a5459f3/view,,,,
Z--GETT RENO INTERIOR LIGHTING FLOORING DWH,New,140P4226R0030,"INTERIOR, DEPARTMENT OF THE.NATIONAL PARK SERVICE.NER SERVICES MABO (43000)",236220,,2026-09-21T20:00:00.000Z,2026-09-21,"1195 Baltimore Pike, Gettysburg, PA, 17325",Small Business Set Aside - Total,,,https://sam.gov/workspace/contract/opp/6edf217c916141c7bb61e6da6cae23c9/view,,,,
Interagency Coordinating Committee on the Promotion of Optimal Birth Outcomes: Maternal Health Data and Outcomes and Technical Assistance for the HHS Maternal Health Portfolio,New,2026-ONC-00040,"HEALTH AND HUMAN SERVICES, DEPARTMENT OF.OFFICE OF THE ASSISTANT SECRETARY FOR ADMINISTRATION (ASA).PROGRAM SUPPORT CENTER ACQ MGMT SVC",541611,,2026-09-23T18:00:00.000Z,2026-09-21,"Rockville, MD, 20850",No Set aside used,,,https://sam.gov/workspace/contract/opp/17ffa7f9c70f44e5ad66cc02c0a90617/view,,,,
Rapid Nicotine Pouch Data Analysis Services,New,75F40126Q00407,"HEALTH AND HUMAN SERVICES, DEPARTMENT OF.FOOD AND DRUG ADMINISTRATION.FDA OFFICE OF ACQ  GRANT SVCS",541618,,2026-09-21T19:00:00.000Z,2026-09-21,"Silver Spring, MD, 20993",No Set aside used,,,https://sam.gov/workspace/contract/opp/280e258bd32f466797c9fa897b9dad34/view,,,,
USAG DPW Maintenance and Repair Airfield Lighting System,New,W91247-26-P-A039,DEPT OF DEFENSE.DEPT OF THE ARMY.AMC.ACC.MISSION INSTALLATION CONTRACTING COMMAND.419TH CSB.W6QM MICC FDO FT BRAGG,238210,,2026-09-17T20:00:00.000Z,2026-09-21,"Fort Bragg, NC, 28310",,,,https://sam.gov/workspace/contract/opp/ef6a029c5b244a1e8fe0bb45e063f737/view,,,,
Landscaping services,New,19TC1026R0002,"STATE, DEPARTMENT OF.STATE, DEPARTMENT OF.US EMBASSY ABU DHABI",561730,,,2026-09-21,"Abu Dhabi, UNITED ARAB EMIRATES",,,,https://sam.gov/workspace/contract/opp/5582fc595d574990a85d8595c92243b3/view,,,,
Program Management and Analytical Support Services,New,70Z02326F12500006,"HOMELAND SECURITY, DEPARTMENT OF.US COAST GUARD.HQ CONTRACT OPERATIONS (CG-912)(000",541611,,,2026-09-21,"DC, 20593",,,,https://sam.gov/workspace/contract/opp/3f9c56a447204d0dba8d84f23048356e/view,,,,
Fiber Installation,New,W508Z26PA023,DEPT OF DEFENSE.DEPT OF THE ARMY.NATIONAL GUARD BUREAU.JFHQ USPFO OR.USPFO OR PROCUREMENT.W7NW USPFO ACTIVITY ORANG 173,238210,,,2026-09-21,"OR, 97603",Small Business Set Aside - Total,,,https://sam.gov/workspace/contract/opp/160f4a29ebb84b84b92b365e75c9738f/view,,,,
"Notice of Award - W912QR26CA035; DBB Construction of USDA FAPRU in Lexington, KY",New,W912QR26CA035_Notice-of-Award,DEPT OF DEFENSE.DEPT OF THE ARMY.US ARMY CORPS OF ENGINEERS.ENGINEER DIVISION GREAT LAKES AND OHIO.ENDIST LOUISVILLE.W072 ENDIST LOUISVILLE,236220,,,2026-09-21,"Lexington, KY",,,,https://sam.gov/workspace/contract/opp/0f983de794bf4b7eba4ec461c5cf60fe/view,,,,
INDUSTRY DAY:  Fort Carson Equipment Concentration Site - Construction Management at Risk using Other Transaction Authority (CM@Risk w/OTA),New,W912QR-IndustryDay-FortCarsonECS-CMARwithOTA,DEPT OF DEFENSE.DEPT OF THE ARMY.US ARMY CORPS OF ENGINEERS.ENGINEER DIVISION GREAT LAKES AND OHIO.ENDIST LOUISVILLE.W072 ENDIST LOUISVILLE,236220,,2026-10-06T15:00:00.000Z,2026-09-21,"Colorado Springs, CO, 80913",No Set aside used,,,https://sam.gov/workspace/contract/opp/d436ade70b504d718d0b3a37ba144617/view,,,,
Total Maintenance for Critical Facilities at USAG Humphreys and Camp Yongin,New,W51LL526RA004,DEPT OF DEFENSE.DEPT OF THE ARMY.AMC.ACC.ACC-OO.411TH CSB.0411 AQ HQ     CONTRACT AUG,236220,,2026-10-02T04:00:00.000Z,2026-09-21,Camp Humphreys and Camp Yongin,,,,https://sam.gov/workspace/contract/opp/99c281f07b9c4bcfbcf828f153d9c6c1/view,,,,
D--UHDAS services redacted JOFOC,New,1305M226Q0252,"COMMERCE, DEPARTMENT OF.NATIONAL OCEANIC AND ATMOSPHERIC ADMINISTRATION.DEPT OF COMMERCE NOAA",541512,,,2026-09-21,not specified,,,,https://sam.gov/workspace/contract/opp/4e933f203f5d4529a3482f53c00915ac/view,,,,
REPAIR LIVE FIRE TRAINING FACILITY AIRCRAFT MOCK-UP,New,FA665626R0006,DEPT OF DEFENSE.DEPT OF THE AIR FORCE.AIR FORCE RESERVE COMMAND.FA6656  910 AW LGC  YNGSTN WRN ARPT,236220,,2026-09-25T14:00:00.000Z,2026-09-21,"Vienna, OH, 44473",SBA Certified Women-Owned Small Business (WOSB) Program Set-Aside (FAR 19.15),,,https://sam.gov/workspace/contract/opp/ebf736ef9b7241ed81d152ffdd87ce9c/view,,,,
"Paint All Exterior and Common Area Doors, Buildings 4166, 4167, 4168, 4169 & 3673",New,N400857606105,DEPT OF DEFENSE.DEPT OF THE NAVY.NAVFAC.NAVFAC ATLANTIC CMD.NAVFAC MID-ATLANTIC.NAVFACSYSCOM MID-ATLANTIC,236220,,2026-09-23T16:00:00.000Z,2026-09-21,"Cherry Point, NC, 28533",,,,https://sam.gov/workspace/contract/opp/b5e87e998fbe4413a03e6bec684311e6/view,,,,
WMF Saco Ranger Station Snow Plowing Removal,New,12444326P0047,"AGRICULTURE, DEPARTMENT OF.FOREST SERVICE.WHITE MOUNTAIN NATIONAL FOREST",561730,,,2026-09-21,"Conway, NH, 03818",Small Business Set Aside - Total,,,https://sam.gov/workspace/contract/opp/8f3ef2037cb747f7a1a8c3c5b363625c/view,,,,
Notice of Award: 1501 HVAC Controls,New,FA489726P0052,DEPT OF DEFENSE.DEPT OF THE AIR FORCE.AIR COMBAT COMMAND.FA4897 366 CONS PKP,236220,,,2026-09-21,"0, ID",8(a) Sole Source (FAR 19.8),,,https://sam.gov/workspace/contract/opp/bc924466217f48d99a14973e83d19a1e/view,,,,
"Award Notice - W912QR26CA037; Construction of Small Arms Ammunition Magazine, Blue Grass Army Depot",New,W912QR26CA037_Award-Notice,DEPT OF DEFENSE.DEPT OF THE ARMY.US ARMY CORPS OF ENGINEERS.ENGINEER DIVISION GREAT LAKES AND OHIO.ENDIST LOUISVILLE.W072 ENDIST LOUISVILLE,236220,,,2026-09-21,"Richmond, KY, 40475",,,,https://sam.gov/workspace/contract/opp/adc0079a32fb4e129a748427505c1bc6/view,,,,
"Install Irrigation & Sod at the U.S. National Poultry Research Center Athens, GA",New,1232SA26Q1449,"AGRICULTURE, DEPARTMENT OF.FOREST SERVICE.USDA FOREST SERVICE-SPOC EAST",561730,,2026-09-22T16:00:00.000Z,2026-09-21,"GA, 30605",Small Business Set Aside - Total,,,https://sam.gov/workspace/contract/opp/d9d386e49c144010b368b74c85ec4e3c/view,,,,
Replace Roofing Phase 6 at FCI Fort Dix,New,15BBNF26C20600002,"JUSTICE, DEPARTMENT OF.FEDERAL PRISON SYSTEM / BUREAU OF PRISONS.FAO",238160,,,2026-09-21,"NJ, 08640",8(a) Sole Source (FAR 19.8),,,https://sam.gov/workspace/contract/opp/60fbce0c3e6d4031a6b0bbafe9f6509c/view,,,,
"J--BACKFLOWS - INSPECTION, MAINTENANCE & REPAIR ",New,140P4226Q0059,"INTERIOR, DEPARTMENT OF THE.NATIONAL PARK SERVICE.NORTHEAST REGIONAL CONTRACTING",561210,,2026-09-22T17:00:00.000Z,2026-09-21,"Philadelphia, PA, 19106",Small Business Set Aside - Total,,,https://sam.gov/workspace/contract/opp/6b2a1c3625c140b1b46509c178e6e86c/view,,,,
Industrial Base Analysis Support,New,BB051320261046,DEPT OF DEFENSE.WASHINGTON HEADQUARTERS SERVICES (WHS).WASHINGTON HEADQUARTERS SERVICES,541611,,,2026-09-21,"Washington, DC, 20301",Small Business Set Aside - Total,,,https://sam.gov/workspace/contract/opp/23f67f285a964063b6e763b1ee0b17ef/view,,,,
"Chapel Sound System Upgrade and Maintenance, Gricignano Support Site",New,N6817126QN087,DEPT OF DEFENSE.DEPT OF THE NAVY.NAVSUP.NAVSUP GLOBAL LOGISTICS SUPPORT.NAVSUP FLC SIGONELLA.NAVSUP FLC SIGONELLA NAPLES OFFICE,238210,,2026-09-22T10:00:00.000Z,2026-09-21,"Gricignano, Support Site, IT-72, ITALY",,,,https://sam.gov/workspace/contract/opp/ecc9ae2570ae4fde950923e34d70feab/view,,,,
Sources Sought - Building and Grounds Maintenance Services at Kinzua Dam,New,PANGLR-26-P-0000-033344,DEPT OF DEFENSE.DEPT OF THE ARMY.US ARMY CORPS OF ENGINEERS.ENGINEER DIVISION GREAT LAKES AND OHIO.ENDIST PITTSBURGH.W072 ENDIST PITTSBURGH,561730,,2026-10-01T14:00:00.000Z,2026-09-21,"PA, 16365",Small Business Set Aside - Total,,,https://sam.gov/workspace/contract/opp/c32a25dd9a1d492494194cb9fa772218/view,,,,
DC Battery Replacement/Disposal,New,W911SG26QA068,DEPT OF DEFENSE.DEPT OF THE ARMY.AMC.ACC.MISSION INSTALLATION CONTRACTING COMMAND.418TH CSB.W6QM MICC-FT BLISS,238210,,2026-09-23T15:00:00.000Z,2026-09-21,NM,Small Business Set Aside - Total,,,https://sam.gov/workspace/contract/opp/d9c94a2424fb4ec38bda976774549db6/view,,,,
FY26 AFJROTC Accoutrements Purchasing Services | Combo Synopsis Solicitation Notice,New,F2XJA76244AW01,DEPT OF DEFENSE.DEPT OF THE AIR FORCE.AIR EDUCATION AND TRAINING COMMAND.FA3300  42 CONS CC,541611,,2026-09-21T17:00:00.000Z,2026-09-21,"Montgomery, AL, 36112",Small Business Set Aside - Total,,,https://sam.gov/workspace/contract/opp/d0a1ae9c2f5445848f985db64be47ed8/view,,,,
PKA - VIP Furniture Management,New,FA706026R0016,DEPT OF DEFENSE.DEPT OF THE AIR FORCE.AIR FORCE DISTRICT OF WASHINGTON.FA7060 11TH CONTRACTING SQ PK,561210,,2026-09-22T20:00:00.000Z,2026-09-21,"DC, 20032",Small Business Set Aside - Total,,,https://sam.gov/workspace/contract/opp/d0c4059c213a40fab9bcff5ead27f611/view,,,,
Communications Uses Market Rent Study,New,12318726Q0077,"AGRICULTURE, DEPARTMENT OF.FOREST SERVICE.USDA FOREST SERVICE",541611,,2026-09-25T18:00:00.000Z,2026-09-19,not specified,No Set aside used,,,https://sam.gov/workspace/contract/opp/0ee161d1fe724b8c93a6c89a729ba7c9/view,,,,
Grounds maintenance services for Riverside National Cemetery. -- S208,New,36C78626R501200003,"VETERANS AFFAIRS, DEPARTMENT OF.VETERANS AFFAIRS, DEPARTMENT OF.NATIONAL CEMETERY ADMIN (36C786)",561730,,2026-09-26T00:00:00.000Z,2026-09-19,"Riverside, CA, 92518",Service-Disabled Veteran-Owned Small Business (SDVOSB) Set-Aside (FAR 19.14),,,https://sam.gov/workspace/contract/opp/66728f3758894911bb5f0e43b50d4e4e/view,,,,
C--Havasupai Elementary School - Urgent Fire Alarm,New,140A2326Q0183,"INTERIOR, DEPARTMENT OF THE.BUREAU OF INDIAN AFFAIRS.INDIAN EDUCATION ACQUISITION OFFICE",238210,,2026-09-14T23:00:00.000Z,2026-09-19,not specified,,,,https://sam.gov/workspace/contract/opp/5f874e3c86e549efab7525cc7401d48a/view,,,,
Installation Support Services at DLA Distribution San Joaquin CA (DDJC),New,SP330026R0001,DEPT OF DEFENSE.DEFENSE LOGISTICS AGENCY.DLA DISTRIBUTION.DLA DISTRIBUTION,561210,,2026-10-23T17:00:00.000Z,2026-09-19,"DLA Distribution San Joaquin, CA25600 Chrisman RoadTracy CA, 95304, 95304",SBA Certified Women-Owned Small Business (WOSB) Program Set-Aside (FAR 19.15),,,https://sam.gov/workspace/contract/opp/9ab34d1aa02a4d6aa6df5f4a68202412/view,,,,
Space Port of the Future Infrastructure (SPOTFi) Campus,New,W9127826SC075,DEPT OF DEFENSE.DEPT OF THE ARMY.US ARMY CORPS OF ENGINEERS.ENGINEER DIVISION SOUTH ATLANTIC.ENDIST MOBILE.W074 ENDIST MOBILE,236220,,2026-10-09T19:00:00.000Z,2026-09-19,"Cape Canaveral Space Force Station, FL",,,,https://sam.gov/workspace/contract/opp/c26339446f97438e95b187140ece6c14/view,,,,
Tri-Lakes Chatfield Trash Removal Service,New,W9128F26PA084,DEPT OF DEFENSE.DEPT OF THE ARMY.US ARMY CORPS OF ENGINEERS.ENGINEER DIVISION NORTHWESTERN.ENDIST OMAHA.W071 ENDIST OMAHA,562111,,,2026-09-19,"Littleton, CO, 80128",Small Business Set Aside - Total,,,https://sam.gov/workspace/contract/opp/99ed8dd0868a4013a60238b28d89d692/view,,,,
SPD-AF Fuels Maintenance and Repair,New,W912DY26RA006,DEPT OF DEFENSE.DEPT OF THE ARMY.US ARMY CORPS OF ENGINEERS.SCO ALEXANDRIA.SUPPORT CENTER HUNTSVILLE.W2V6 USA ENG SPT CTR HUNTSVIL,561210,,2026-09-24T19:00:00.000Z,2026-09-19,not specified,,,,https://sam.gov/workspace/contract/opp/7b3655cea64b47ef8617d3080e4de523/view,,,,
Design-Build to Budget (DB2B) Tactical Unmanned Aerial Vehicle (TUAV) Hangar,New,W912PL26RA039,DEPT OF DEFENSE.DEPT OF THE ARMY.US ARMY CORPS OF ENGINEERS.ENGINEER DIVISION SOUTH PACIFIC.ENDIST LOS ANGELES.W075 ENDIST LOS ANGELES,236220,,2026-10-19T21:00:00.000Z,2026-09-19,"Ft. Huachuca, Arizona, 85613",Small Business Set Aside - Total,,,https://sam.gov/workspace/contract/opp/ba72e56b512f4c4fb1f97dda4f4928d6/view,,,,
"MT0055AW, 34406, Roof and Building Envelope Modernization, Turner LPOE - Amendment 0001",New,47PD5526R0042,GENERAL SERVICES ADMINISTRATION.PUBLIC BUILDINGS SERVICE.PBS PROJECT DELIVERY WEST - BRANCH E,236220,,2026-10-22T22:30:00.000Z,2026-09-19,"Turner, MT",Small Business Set Aside - Total,,,https://sam.gov/workspace/contract/opp/6e38dc3f19aa4a83b516dc5985888a5a/view,,,,
"Snow Removal Services, Westville Lake, Southbridge, MA",New,W912WJ26QA172,DEPT OF DEFENSE.DEPT OF THE ARMY.US ARMY CORPS OF ENGINEERS.ENGINEER DIVISION NORTH ATLANTIC.ENDIST NEW ENGLAND.W2SD ENDIST NEW ENGLAND,561730,,2026-10-06T18:00:00.000Z,2026-09-19,not specified,Small Business Set Aside - Total,,,https://sam.gov/workspace/contract/opp/250d72f11ffd435eb2347a57726d5977/view,,,,
Strategic Sourcing Pilot,New,19AQMM26F1365,"STATE, DEPARTMENT OF.STATE, DEPARTMENT OF.ACQUISITIONS - AQM MOMENTUM",541611,,,2026-09-19,"Washington, DC, 20520",,,,https://sam.gov/workspace/contract/opp/933a5a3a84ed4b8fa0dcf95c64c91b87/view,,,,
PMEL Freezer Farm Renovation Project,New,1305M326P0395,"COMMERCE, DEPARTMENT OF.NATIONAL OCEANIC AND ATMOSPHERIC ADMINISTRATION.DEPT OF COMMERCE NOAA",236220,,,2026-09-19,"WA, 98115",Small Business Set Aside - Total,,,https://sam.gov/workspace/contract/opp/84f3fae9e68d48aab765502c4fa7ab80/view,,,,
INTENT TO SOLE SOURCE ME,New,36C24127P0007 ,"VETERANS AFFAIRS, DEPARTMENT OF.VETERANS AFFAIRS, DEPARTMENT OF.241-NETWORK CONTRACT OFFICE 01 (36C241)",562111,,2026-09-24T15:00:00.000Z,2026-09-19,"Augusta, ME, 04330",No Set aside used,,,https://sam.gov/workspace/contract/opp/7dcce11589714555b1f280747b83c672/view,,,,
Z--CA-RED BLUFF FISH FWO-GARAGE SHOP REPAIR,New,140FC326Q0055,"INTERIOR, DEPARTMENT OF THE.US FISH AND WILDLIFE SERVICE.FWS, CONSTRUCTION A/E TEAM 3",238160,,,2026-09-19,not specified,,,,https://sam.gov/workspace/contract/opp/34bcd57903914d02a622de271d18c792/view,,,,
Exterior Building Mural Painting,New,W912HQ26PA070,DEPT OF DEFENSE.DEPT OF THE ARMY.US ARMY CORPS OF ENGINEERS.SCO ALEXANDRIA.ENGINEER CENTER SUPPORT ACT HUMPHREYS.W4LD USA HECSA,238320,,,2026-09-19,"Fort Belvoir, VA",,,,https://sam.gov/workspace/contract/opp/d1fc7f4fe4ec4c42b2abf81d68e47386/view,,,,
"IDIQ General Maintenance Services, Beaver Project Office",New,W9127S26RA079,DEPT OF DEFENSE.DEPT OF THE ARMY.US ARMY CORPS OF ENGINEERS.ENGINEER DIVISION SOUTHWESTERN.ENDIST LITTLE ROCK.W076 ENDIST LITTLE ROCK,561210,,2026-10-19T18:00:00.000Z,2026-09-19,"Within the geographic boundaries of the Beaver Lake Project Office., 72756",Small Business Set Aside - Total,,,https://sam.gov/workspace/contract/opp/adb5e20c69014d399661aafc381fc084/view,,,,
Bldg. 52 Windows Replacement Fort Leavenworth,New,Award_W91QF426CA011_Windows,DEPT OF DEFENSE.DEPT OF THE ARMY.AMC.ACC.MISSION INSTALLATION CONTRACTING COMMAND.FDO EUSTIS.W6QM MICC-FT LEAVENWORTH,236220,,,2026-09-19,"Fort Leavenworth, KS, 66027",Small Business Set Aside - Total,,,https://sam.gov/workspace/contract/opp/ac05aa6f5f304460bd4545ecaab983d5/view,,,,
OPF-S IRD/Codorus Creek Herbicide Application NEW,New,W912DR26QA065,DEPT OF DEFENSE.DEPT OF THE ARMY.US ARMY CORPS OF ENGINEERS.ENGINEER DIVISION NORTH ATLANTIC.ENDIST BALTIMORE.W2SD ENDIST BALTIMORE,561730,,2026-09-21T20:00:00.000Z,2026-09-19,not specified,Small Business Set Aside - Total,,,https://sam.gov/workspace/contract/opp/deed731dce7b445fbaa0c46f8b135119/view,,,,
IDIQ Boundary Maintenance Beaver Lake Project,New,W9127S26DA016,DEPT OF DEFENSE.DEPT OF THE ARMY.US ARMY CORPS OF ENGINEERS.ENGINEER DIVISION SOUTHWESTERN.ENDIST LITTLE ROCK.W076 ENDIST LITTLE ROCK,561730,,,2026-09-19,"Rogers, AR",Small Business Set Aside - Total,,,https://sam.gov/workspace/contract/opp/d6edd7a49b524276a71be35d8a636a20/view,,,,
Z--WACO - Install Dig Shelter,New,140P6026Q0052,"INTERIOR, DEPARTMENT OF THE.NATIONAL PARK SERVICE.MWR MIDWEST REGION(60000)",238210,,,2026-09-19,"6220 Steinbeck Bend Road, Waco, TX, 76708",,,,https://sam.gov/workspace/contract/opp/cc763360413942a8902fd19d1dc2336e/view,,,,
Lolo National Forest - Lookout Pass FAA Comm Site Parking Area,New,1240LU26C0048,"AGRICULTURE, DEPARTMENT OF.FOREST SERVICE.USDA-FS, CSA INTERMOUNTAIN 9",238910,,,2026-09-19,MT,Small Business Set Aside - Total,,,https://sam.gov/workspace/contract/opp/fc9d8601cb10476fa774f11ad174c99a/view,,,,
Greenhouse Roof Replacement Hilo Repository,New,1240LT26Q0183,"AGRICULTURE, DEPARTMENT OF.FOREST SERVICE.USDA-FS, CSA INTERMOUNTAIN 8",236220,,2026-09-24T23:00:00.000Z,2026-09-19,"Hilo, HI",Small Business Set Aside - Total,,,https://sam.gov/workspace/contract/opp/9c091e609bad408ab04e5bcddb83c2fe/view,,,,
North Gate – Clear Brush and Tree Removal,New,FA309926Q0023,DEPT OF DEFENSE.DEPT OF THE AIR FORCE.AIR EDUCATION AND TRAINING COMMAND.FA3099  47 CONF CC,561730,,2026-09-18T21:00:00.000Z,2026-09-19,"Del Rio, TX, 78840",,,,https://sam.gov/workspace/contract/opp/5f5f6d1718c14363b4a0d4e88630812c/view,,,,
Fiber Optic Network Rebuild,New,1331L526FIBEROPTI,"COMMERCE, DEPARTMENT OF.OFFICE OF THE SECRETARY.DEPT OF COMMERCE SSPO",238210,,2026-09-21T20:00:00.000Z,2026-09-19,"Longmont, CO, 80503",Small Business Set Aside - Total,,,https://sam.gov/workspace/contract/opp/f3ec8ad4fcd44e068e76841d6c8800db/view,,,,
Design and Build Covered Parking Structure for Fighter Aircraft,New,FA664826C0007,DEPT OF DEFENSE.DEPT OF THE AIR FORCE.AIR FORCE RESERVE COMMAND.FA6648  482 LSS LGC,236220,,,2026-09-19,"Homestead, FL, 33039",Small Business Set Aside - Total,,,https://sam.gov/workspace/contract/opp/6c45d85b278e41519f88231cc2c9c255/view,,,,
Wash Rack Utility Connection,New,FA940126Q0043,DEPT OF DEFENSE.DEPT OF THE AIR FORCE.AIR FORCE GLOBAL STRIKE COMMAND.FA9401  377 MSG PK,238210,,2026-09-22T19:00:00.000Z,2026-09-19,"0, NM",Small Business Set Aside - Total,,,https://sam.gov/workspace/contract/opp/54b2918058d048fdbf6cc76b99f710f4/view,,,,
R--SUPPLY: PR SANDY POINT NWR MAINT WORKER SUPPORT,New,140F1S26Q0101,"INTERIOR, DEPARTMENT OF THE.US FISH AND WILDLIFE SERVICE.FWS, IT SERVICES",561210,,,2026-09-19,not specified,,,,https://sam.gov/workspace/contract/opp/a67e751373234adf9491ccb129db362e/view,,,,
MN-UPR MS RIV NWF WINONA-HAZARDOUS FUELS REDUCTION,New,140FS226Q0202,"INTERIOR, DEPARTMENT OF THE.US FISH AND WILDLIFE SERVICE.FWS, SAT TEAM 2",238910,,2026-10-02T21:00:00.000Z,2026-09-19,not specified,Small Business Set Aside - Total,,,https://sam.gov/workspace/contract/opp/6c391b75387d4324a78f86d9b6b26057/view,,,,
"Replacement of the Outdated Fire Alarm System, Curtius Annex, U.S. Embassy Berlin, Germany",New,19GE5026Q0037,"STATE, DEPARTMENT OF.STATE, DEPARTMENT OF.ACQUISITIONS - RPSO FRANKFURT",238210,,2026-09-21T21:59:00.000Z,2026-09-19,"Berlin, DE-BE, 12205, GERMANY",,,,https://sam.gov/workspace/contract/opp/746b5d184673421d958aceffe9c8df09/view,,,,
Pool 2 Park Cleaning Services Pine Bluff Project Office/Arkansas Post Field Office,New,W9127S26PA087,DEPT OF DEFENSE.DEPT OF THE ARMY.US ARMY CORPS OF ENGINEERS.ENGINEER DIVISION SOUTHWESTERN.ENDIST LITTLE ROCK.W076 ENDIST LITTLE ROCK,561210,,,2026-09-19,"Pine Bluff, AR, 71601",Small Business Set Aside - Total,,,https://sam.gov/workspace/contract/opp/8ad68d1849fd4d6f8b2008b4151ed1a8/view,,,,
Solicitation - BWT Operation and Maintenance,New,W9127826RA005,DEPT OF DEFENSE.DEPT OF THE ARMY.US ARMY CORPS OF ENGINEERS.ENGINEER DIVISION SOUTH ATLANTIC.ENDIST MOBILE.W074 ENDIST MOBILE,561210,,2026-10-16T20:00:00.000Z,2026-09-19,"Black Warrior-Tombigbee, Tuscaloosa, Alabama 101 21st Avenue, Tuscaloosa, AL 35401, 35401",Small Business Set Aside - Total,,,https://sam.gov/workspace/contract/opp/0f2fea5bed11486f9e70390bb0d07105/view,,,,
Salesforce Center of Innovation (CoI) Professional Services,New,20153595,"HOMELAND SECURITY, DEPARTMENT OF.US CUSTOMS AND BORDER PROTECTION.INFORMATION TECHNOLOGY CONTRACTING DIVISION",541512,,,2026-09-19,"Ashburn, VA, 20147",,,,https://sam.gov/workspace/contract/opp/acebc646be884484bc7419f3fbd00ae8/view,,,,
AMENDMENT 0001_NRCS Puerto Rico Backup Battery Power System for Corozal Field Office,New,12FPC426Q0071,"AGRICULTURE, DEPARTMENT OF.FARM PRODUCTION AND CONSERVATION BUSINESS CENTER.FPAC BUS CNTR-ACQ DIV",238210,,2026-09-23T18:00:00.000Z,2026-09-19,"Corozal, PR, 00783",,,,https://sam.gov/workspace/contract/opp/ed2d1b85093843d8b1ea0df6b0a34608/view,,,,
FCI Elkton - Upgrade Fire Pump,New,15BBNF26Q21600002,"JUSTICE, DEPARTMENT OF.FEDERAL PRISON SYSTEM / BUREAU OF PRISONS.FAO",238210,,2026-10-21T15:00:00.000Z,2026-09-19,"Lisbon, OH, 44432",Small Business Set Aside - Total,,,https://sam.gov/workspace/contract/opp/19b4cd11dc74449087a110acab0647b1/view,,,,
Z--AK-KENAI NWR-ENVRONMENTAL ED EXTERIOR,New,140FC326Q0052,"INTERIOR, DEPARTMENT OF THE.US FISH AND WILDLIFE SERVICE.FWS, CONSTRUCTION A/E TEAM 3",238320,,,2026-09-19,not specified,,,,https://sam.gov/workspace/contract/opp/fb9ae8a21d7d4412aa45100e47b2bbb8/view,,,,
Communication for Leaders SaaS,New,47QACB26F0085,GENERAL SERVICES ADMINISTRATION.OFFICE OF ADMINISTRATIVE SERVICES.OAS OFFICE OF INTERNAL ACQUISITION,541611,,,2026-09-19,"Washington, DC, 20405",,,,https://sam.gov/workspace/contract/opp/415cf8d81b9c4b8b8e3b9ebf740dd2ff/view,,,,
Project CLARA - Contested Logistics Airlift Reduction Assessment,New,FA701426F0314,DEPT OF DEFENSE.DEPT OF THE AIR FORCE.AIR FORCE DISTRICT OF WASHINGTON.FA7014  AFDW PK,541611,,,2026-09-19,"VA, 22192",Service-Disabled Veteran-Owned Small Business (SDVOSB) Sole Source (FAR 19.14),,,https://sam.gov/workspace/contract/opp/e1086a4532e34af0b4c9f4955a2dbb45/view,,,,
Terminal Flight Data Manager (TFDM) Market Survey Industry Capability for Maintenance Sustainment Development,New,TFDM-MarketSurvey-2026,"TRANSPORTATION, DEPARTMENT OF.FEDERAL AVIATION ADMINISTRATION.693KA7 ENROUTE & TERMINAL CONTRACTS",541512,,2026-10-16T21:00:00.000Z,2026-09-19,"Washington, DC, 20591",,,,https://sam.gov/workspace/contract/opp/709fb399b6974190b30e7a87b2eab0d0/view,,,,
Dale Hollow - Powerhouse Doors Coating,New,W912P526QA047,DEPT OF DEFENSE.DEPT OF THE ARMY.US ARMY CORPS OF ENGINEERS.ENGINEER DIVISION GREAT LAKES AND OHIO.ENDIST NASHVILLE.W072 ENDIST NASHVILLE,238320,,2026-09-23T16:00:00.000Z,2026-09-19,"Celina, TN, 38551",Service-Disabled Veteran-Owned Small Business (SDVOSB) Set-Aside (FAR 19.14),,,https://sam.gov/workspace/contract/opp/730c58b83fcc4f4895878d270444a567/view,,,,
Shirley Creek Campground Improvements,New,127EAX26Q0114,"AGRICULTURE, DEPARTMENT OF.FOREST SERVICE.USDA-FS, CSA SOUTHWEST 7",238910,,2026-10-07T17:00:00.000Z,2026-09-19,"Bedford, IN, 47421",Small Business Set Aside - Total,,,https://sam.gov/workspace/contract/opp/af80eef12bd744bd99fdce62ee15d53d/view,,,,
 Facilities Reduction Program IV (FRP) Solicitation - Official - Amendment 0002,New,W912DY26RA022,DEPT OF DEFENSE.DEPT OF THE ARMY.US ARMY CORPS OF ENGINEERS.SCO ALEXANDRIA.SUPPORT CENTER HUNTSVILLE.W2V6 USA ENG SPT CTR HUNTSVIL,238910,,2026-09-24T19:00:00.000Z,2026-09-19,35898,,,,https://sam.gov/workspace/contract/opp/828f8851c70f4159a7c662aec06254d5/view,,,,
Z1AA--TV DIGITAL CONVERSION,New,36C24526Q0850,"VETERANS AFFAIRS, DEPARTMENT OF.VETERANS AFFAIRS, DEPARTMENT OF.245-NETWORK CONTRACT OFFICE 5 (36C245)",561210,,2026-09-24T19:00:00.000Z,2026-09-19,Department of Veterans Affairs Washington DC VA Medical Center,,,,https://sam.gov/workspace/contract/opp/6436d84e2d5f4eca8a848c7e8b94c998/view,,,,
Enterprise Management & Control (EM&C) System Integrator Requirement,New,EMC2026-001,DEPT OF DEFENSE.DEPT OF THE AIR FORCE.SPACE SYSTEMS COMMAND.PEO MILITARY COMMUNICATION AND POSITION NAVIGATION TIMING.FA8807 MIL COMM AND PNT SSC/CGK,541512,,2026-10-03T00:00:00.000Z,2026-09-19,"El Segundo, CA, 90245",No Set aside used,,,https://sam.gov/workspace/contract/opp/c66e445c26224bc3aa0e7b28b1e05d76/view,,,,
"Z2DA--657A5-21-401, Construct New Campus Chiller  Plant| MC|  NRM FY26",New,36C25526R0129,"VETERANS AFFAIRS, DEPARTMENT OF.VETERANS AFFAIRS, DEPARTMENT OF.255-NETWORK CONTRACT OFFICE 15 (36C255)",236220,,,2026-09-19,not specified,Service-Disabled Veteran-Owned Small Business (SDVOSB) Set-Aside (FAR 19.14),,,https://sam.gov/workspace/contract/opp/f6038cd9388d4c95ba38cfb46e02a7cf/view,,,,
"Lambert International Airport Demolition (St. Louis, MO)",New,W9128F27QA001,DEPT OF DEFENSE.DEPT OF THE ARMY.US ARMY CORPS OF ENGINEERS.ENGINEER DIVISION NORTHWESTERN.ENDIST OMAHA.W071 ENDIST OMAHA,238910,,2026-10-01T20:00:00.000Z,2026-09-19,"Lambert International Airport (St. Louis, MO), 63145",Small Business Set Aside - Total,,,https://sam.gov/workspace/contract/opp/311af917824f42d48c42239a9b9b09c0/view,,,,
Air Compressor Relocation,New,N0017326Q1905,DEPT OF DEFENSE.DEPT OF THE NAVY.ONR.ONR NRL.NAVAL RESEARCH LABORATORY,238210,,2026-09-23T17:00:00.000Z,2026-09-19,"Washington, DC, 20375",Small Business Set Aside - Total,,,https://sam.gov/workspace/contract/opp/8194bfecc1ee4505b9a2e20156eac75b/view,,,,
"Design-Build (DB) Barracks Initiative (Package #2), Marine Corps Base (MCB) Camp Lejeune, North Carolina",New,N40085,DEPT OF DEFENSE.DEPT OF THE NAVY.NAVFAC.NAVFAC ATLANTIC CMD.NAVFAC MID-ATLANTIC.NAVFACSYSCOM MID-ATLANTIC,236220,,,2026-09-19,"Camp Lejeune, NC",No Set aside used,,,https://sam.gov/workspace/contract/opp/f3c05ef38eb84d1299a708cf74f92273/view,,,,
Storm Damage Roof Repairs and B1085 Roof Repairs,New,N6247326C0029,DEPT OF DEFENSE.DEPT OF THE NAVY.NAVFAC.NAVFAC PACIFIC CMD.NAVFAC SOUTHWEST SW.NAVFACSYSCOM SOUTHWEST,238160,,,2026-09-19,"AZ, 85364",8(a) Sole Source (FAR 19.8),,,https://sam.gov/workspace/contract/opp/6e065c2709464a359154203b138e1157/view,,,,
EDCOM ITSS Presolicitation,New,M00264-26-R-0015,DEPT OF DEFENSE.DEPT OF THE NAVY.USMC.MARCORP I&L.MARINE CORPS INSTALLATIONS COMMAND.MCINCR.COMMANDER,541512,,,2026-09-19,"Quantico, VA , 22134",SBA Certified Women-Owned Small Business (WOSB) Program Set-Aside (FAR 19.15),,,https://sam.gov/workspace/contract/opp/7c474918c191423f99e32039c4b7e006/view,,,,
Nolin River Lake Fuel Tank Painting and Signage,New,W912QR,DEPT OF DEFENSE.DEPT OF THE ARMY.US ARMY CORPS OF ENGINEERS.ENGINEER DIVISION GREAT LAKES AND OHIO.ENDIST LOUISVILLE.W072 ENDIST LOUISVILLE,238320,,,2026-09-19,"Mammoth Cave, KY",Small Business Set Aside - Total,,,https://sam.gov/workspace/contract/opp/205a918a700b4e2cba680df7242ea06c/view,,,,
"Snow Removal Services, Colebrook River Lake, Colebrook, CT and Sandisfield, MA",New,W912WJ26QA169,DEPT OF DEFENSE.DEPT OF THE ARMY.US ARMY CORPS OF ENGINEERS.ENGINEER DIVISION NORTH ATLANTIC.ENDIST NEW ENGLAND.W2SD ENDIST NEW ENGLAND,561730,,2026-10-01T18:00:00.000Z,2026-09-19,not specified,Small Business Set Aside - Total,,,https://sam.gov/workspace/contract/opp/31f790eb99a84ff78eea200c55b0bca8/view,,,,
Tree Removal and Pruning,Pursuing,1232SA26Q1515 ,"AGRICULTURE, DEPARTMENT OF.AGRICULTURAL RESEARCH SERVICE.USDA ARS AFM APD",561730,,2026-09-23T21:00:00.000Z,2026-09-19,"DC, 20002",Small Business Set Aside - Total,,,https://sam.gov/workspace/contract/opp/9270eb0f2a694bc98e9a1f985ca5cf54/view,,,,
Rooftop Optical Markers Construction,New,N6893626SIMACQDC00000EC000000193,DEPT OF DEFENSE.DEPT OF THE NAVY.NAVAIR.NAVAIR NAWC WD.NAVAL AIR WARFARE CENTER,238160,,2026-09-23T23:00:00.000Z,2026-09-19,not specified,,,,https://sam.gov/workspace/contract/opp/d8dd157141c64d718083762e127f82d3/view,,,,
S--GRSM CALL OUT TREE SERVICES,New,140P5326Q0031,"INTERIOR, DEPARTMENT OF THE.NATIONAL PARK SERVICE.SER NORTH MABO (53000)",561730,,2026-09-22T20:00:00.000Z,2026-09-19,not specified,Small Business Set Aside - Total,,,https://sam.gov/workspace/contract/opp/d916e61e469d442a8ceeb5ebd4eaf9eb/view,,,,
"S208--LOU Landscaping, Ice and Snow Removal",New,36C24926Q0196,"VETERANS AFFAIRS, DEPARTMENT OF.VETERANS AFFAIRS, DEPARTMENT OF.249-NETWORK CONTRACT OFFICE 9 (36C249)",561730,,,2026-09-19,not specified,Service-Disabled Veteran-Owned Small Business (SDVOSB) Set-Aside (FAR 19.14),,,https://sam.gov/workspace/contract/opp/c482f54bcc1346d8af36a7655ed2cb20/view,,,,
Z--DENA 332037 Eielson Roof Replacement,New,140P2026R0087,"INTERIOR, DEPARTMENT OF THE.NATIONAL PARK SERVICE.DSC CONTRACTING SERVICES DIVISION",236220,,2026-10-15T23:00:00.000Z,2026-09-19,not specified,Small Business Set Aside - Total,,,https://sam.gov/workspace/contract/opp/d32b48d05a4b4f2dbe0b00af635a8647/view,,,,
"Missile Munitions Distribution Facility and Rail Classification Yard at Letterkenny Army Depot in Chambersburg, Pennsylvania",New,W912DR26R125N,DEPT OF DEFENSE.DEPT OF THE ARMY.US ARMY CORPS OF ENGINEERS.ENGINEER DIVISION NORTH ATLANTIC.ENDIST BALTIMORE.W2SD ENDIST BALTIMORE,236220,,,2026-09-19,"Letterkenny Army Depot, 17202",,,,https://sam.gov/workspace/contract/opp/cce98ef784e545b6bc57667bf606d333/view,,,,
Alaska Construction Multiple Award Task Order Contract (MATOC),New,W912CN27RA002,DEPT OF DEFENSE.DEPT OF THE ARMY.AMC.ACC.ACC-OO.413TH CSB.0413 AQ HQ     RCO-HI,236220,,2026-10-02T19:00:00.000Z,2026-09-19,"Fort Wainwright Cantonment Area, Fort Greely Cantonment Area, and Seward Military Resort Area of Responsibility, 99703",Small Business Set Aside - Total,,,https://sam.gov/workspace/contract/opp/737567eb39a2437fa80d385b9cf07d68/view,,,,
Pharmacy - Supply Chain Risk Management,New,HT001126CE031,DEPT OF DEFENSE.DEFENSE HEALTH AGENCY (DHA).DEFENSE HEALTH AGENCY,541611,,,2026-09-19,"Falls Church, VA, 22042",8(a) Sole Source (FAR 19.8),,,https://sam.gov/workspace/contract/opp/cb5f28d53aeb474ba605e6cb9d26a172/view,,,,
Communications Plan and Campaign of Learning Option,New,SP4704-24-F-0098,DEPT OF DEFENSE.DEFENSE LOGISTICS AGENCY.DCSO.DCSO RICHMOND.DCSO RICHMOND DIVISION #2,541611,,,2026-09-19,"Fort Belvoir, VA",,,,https://sam.gov/workspace/contract/opp/6d4358d769ff487ca2dfd6edcaea4859/view,,,,
Solicitation N4008526R0187 MULTIPLE BARRACKS RENOVATION AT SOUTH CAROLINA MARINE CORPS BASES,New,N4008526R0187,DEPT OF DEFENSE.DEPT OF THE NAVY.NAVFAC.NAVFAC ATLANTIC CMD.NAVFAC MID-ATLANTIC.NAVFACSYSCOM MID-ATLANTIC,236220,,2026-10-15T18:00:00.000Z,2026-09-19,not specified,,,,https://sam.gov/workspace/contract/opp/90ca588bdc62467a95ab6335293f9201/view,,,,
"B--NT-26-02, ADDRESSING OIL AND GAS ECONOMI",New,140M0126Q0034,"INTERIOR, DEPARTMENT OF THE.BUREAU OF OCEAN ENERGY MANAGEMENT.ACQUISITION MANAGEMENT DIVISION",541611,,,2026-09-19,not specified,,,,https://sam.gov/workspace/contract/opp/268c788325a64ff3b7be8284f06c9a1d/view,,,,
J&A FY26 POF BRIDGE CONTRACT,New,W912DY26CA051 ,DEPT OF DEFENSE.DEPT OF THE ARMY.US ARMY CORPS OF ENGINEERS.SCO ALEXANDRIA.SUPPORT CENTER HUNTSVILLE.W2V6 USA ENG SPT CTR HUNTSVIL,561210,,,2026-09-19,"Suwon, KR-11, KOREA, SOUTH",,,,https://sam.gov/workspace/contract/opp/fb03ae29924d4a0c826d55549526feab/view,,,,
Ohio Wide Water Testing,New,36C25026R0092,"VETERANS AFFAIRS, DEPARTMENT OF.VETERANS AFFAIRS, DEPARTMENT OF.250-NETWORK CONTRACT OFFICE 10 (36C250)",561210,,2026-09-29T18:00:00.000Z,2026-09-19,"OH, 45409",Service-Disabled Veteran-Owned Small Business (SDVOSB) Set-Aside (FAR 19.14),,,https://sam.gov/workspace/contract/opp/65498b081ca94ecfb24bac1f921994ea/view,,,,
Redacted J&A FBGA Grounds Maintenance Bridge Contract,New,MICC_2026-3,DEPT OF DEFENSE.DEPT OF THE ARMY.AMC.ACC.MISSION INSTALLATION CONTRACTING COMMAND.FDO EUSTIS.W6QM MICC-FT BENNING,561730,,,2026-09-19,"Fort Benning, GA, 31905",,,,https://sam.gov/workspace/contract/opp/9c6fd036d74d4e9c9a7760be91f58692/view,,,,
"Prequalification of Sources for Construction Services to include Design-Build (DB) and Design Bid-Build (DBB) for the U.S. Army Corps of Engineers (USACE) Honolulu District, Area of Responsibility (AOR), Primarily on Kwajalein Atoll, Republic of the Marsh",New,W9128A26RA023,DEPT OF DEFENSE.DEPT OF THE ARMY.US ARMY CORPS OF ENGINEERS.ENGINEER DIVISION PACIFIC OCEAN.ENDIST HONOLULU.W2SN ENDIST HONOLULU,236220,,2026-09-26T00:00:00.000Z,2026-09-19,not specified,,,,https://sam.gov/workspace/contract/opp/edab4a1d4ded4830a48457eac690a32b/view,,,,
JIATF 80 Ton Chiller Replacement,New,N6945026F0523,DEPT OF DEFENSE.DEPT OF THE NAVY.NAVFAC.NAVFAC ATLANTIC CMD.NAVFAC SOUTHEAST.NAVFACSYSCOM SOUTHEAST,236220,,,2026-09-19,"Key West, FL, 33040",8(a) Sole Source (FAR 19.8),,,https://sam.gov/workspace/contract/opp/a5dfad8f555c48359fdaab4a657bbc85/view,,,,
Z--Remodel Golden Spike Visitor Center,New,140P1426R0012,"INTERIOR, DEPARTMENT OF THE.NATIONAL PARK SERVICE.IMR NORTHERN ROCKIES(12200)",236220,,,2026-09-19,not specified,,,,https://sam.gov/workspace/contract/opp/7c7cff964a0f4793a0ca0f4caf2bf324/view,,,,
Berlin Roof Replacement,New,W911WN26QA068,DEPT OF DEFENSE.DEPT OF THE ARMY.US ARMY CORPS OF ENGINEERS.ENGINEER DIVISION GREAT LAKES AND OHIO.ENDIST PITTSBURGH.W072 ENDIST PITTSBURGH,238160,,2026-10-02T21:00:00.000Z,2026-09-19,not specified,Small Business Set Aside - Total,,,https://sam.gov/workspace/contract/opp/adddf2d5def9439f906210877d1c805d/view,,,,
FCC Uninterruptible Power Supply Installation,New,W911S026QA013,DEPT OF DEFENSE.DEPT OF THE ARMY.AMC.ACC.MISSION INSTALLATION CONTRACTING COMMAND.FDO EUSTIS.W6QM MICC-FDO FT EUSTIS,238210,,2026-09-21T16:00:00.000Z,2026-09-19,"Fort Eustis, VA, 23604",Small Business Set Aside - Total,,,https://sam.gov/workspace/contract/opp/fbc27e363f7d47af96220cc6a2a99765/view,,,,
6150--654-26-020 |  Bldg 12 Pump Power Relocation,New,36C26126R0050,"VETERANS AFFAIRS, DEPARTMENT OF.VETERANS AFFAIRS, DEPARTMENT OF.261-NETWORK CONTRACT OFFICE 21 (36C261)",238210,,,2026-09-19,not specified,Service-Disabled Veteran-Owned Small Business (SDVOSB) Set-Aside (FAR 19.14),,,https://sam.gov/workspace/contract/opp/cbb51396c63e4d8e836005034409e1c8/view,,,,
"SOLE-SOURCE Special Notice Regarding a Project Entitled ""Versar Security Systems (VSS) ESS Upgrade, Maintenance & Monitoring (IDS Upgrade & Annual PM/CM Support)""",New,693JK4R500008,"TRANSPORTATION, DEPARTMENT OF.OFFICE OF THE SECRETARY.693JK4 OST",541512,,2026-09-21T03:30:00.000Z,2026-09-19,"Piney Point, MD, 20674",,,,https://sam.gov/workspace/contract/opp/6c877cd1f1fb487aa2bdc41a6d6369bb/view,,,,
Locker Room Renovation at UMSB,New,W912HQ26PA071,DEPT OF DEFENSE.DEPT OF THE ARMY.US ARMY CORPS OF ENGINEERS.SCO ALEXANDRIA.ENGINEER CENTER SUPPORT ACT HUMPHREYS.W4LD USA HECSA,561210,,,2026-09-19,"VA, 22315",Small Business Set Aside - Total,,,https://sam.gov/workspace/contract/opp/01e2af3bd2e14601b1280814eb816073/view,,,,
W--OR-WILLAMETTE VLY NWR COMPLX-BPA small eqpt,New,140FS126F0095,"INTERIOR, DEPARTMENT OF THE.US FISH AND WILDLIFE SERVICE.FWS, SAT TEAM 1",238910,,,2026-09-19,not specified,,,,https://sam.gov/workspace/contract/opp/65e2b112f3b4446b93413c2321244586/view,,,,
Electrical Maintenance - IPC PDS,New,PANAPG26P0000055213,DEPT OF DEFENSE.DEPT OF THE ARMY.AMC.ACC.ACC-CTRS.ACC-APG.W6QK ACC-APG CONTR CTR,238210,,2026-09-22T17:00:00.000Z,2026-09-19,"Fort Huachuca, AZ, 85613",Small Business Set Aside - Total,,,https://sam.gov/workspace/contract/opp/2c0f5b7294d14b65a0b7092c115d560b/view,,,,
"BLDG C9, C10, C11 TRANSFORMER REPLACEMENT",New,6020996,DEPT OF DEFENSE.DEPT OF THE NAVY.NAVFAC.NAVFAC ATLANTIC CMD.NAVFAC MID-ATLANTIC.NAVFACSYSCOM MID-ATLANTIC,238210,,,2026-09-19,"Colts Neck, NJ, 07722",8(a) Set-Aside (FAR 19.8),,,https://sam.gov/workspace/contract/opp/6ca4143bb9a14ac8b87ff21e13fbdc70/view,,,,
J&A for Ceiling Increase to Repair Electrical Systems IDIQ,New,FA8601-24-D-0006,DEPT OF DEFENSE.DEPT OF THE AIR FORCE.AIR FORCE MATERIEL COMMAND.AIR FORCE LIFE CYCLE MANAGEMENT CENTER.FA8601  AFLCMC PZIO,238210,,,2026-09-19,"Wright Patterson AFB, OH, 45433",,,,https://sam.gov/workspace/contract/opp/088be23755c34e2b9632046ce956ea22/view,,,,
D--Replacement of NWQL's Wastewater Treatment Monitor,New,140G0226Q0180,"INTERIOR, DEPARTMENT OF THE.US GEOLOGICAL SURVEY.OFC OF ACQUISITION  GRANTS-DENVER",541512,,2026-10-09T20:30:00.000Z,2026-09-19,not specified,,,,https://sam.gov/workspace/contract/opp/2632f79a0d98428195d0a25947092723/view,,,,
J056--Correct Fire (Life) Safety Issues (Construction),New,36C24626R0078,"VETERANS AFFAIRS, DEPARTMENT OF.VETERANS AFFAIRS, DEPARTMENT OF.246-NETWORK CONTRACTING OFFICE 6 (36C246)",236220,,2026-09-25T15:00:00.000Z,2026-09-19,not specified,,,,https://sam.gov/workspace/contract/opp/a56038ca206646c0953c0a0d6f486cfd/view,,,,
FTA Closeout Support 2026,New,FTACLOSEOUTSUPPORT,"TRANSPORTATION, DEPARTMENT OF.FEDERAL TRANSIT ADMINISTRATION.693195 OFFICE OF ACQUISITION MGT",541611,,2026-10-13T21:00:00.000Z,2026-09-19,"Washington, DC, 20590",Small Business Set Aside - Total,,,https://sam.gov/workspace/contract/opp/2320ce2e6516479091ce8be5a7f09d43/view,,,,
Emergency Power and Switchgear,New,FA460026Q0119,DEPT OF DEFENSE.DEPT OF THE AIR FORCE.AIR COMBAT COMMAND.FA4600  55 CONS  PKP,561210,,2026-09-23T16:00:00.000Z,2026-09-19,"0, NE",No Set aside used,,,https://sam.gov/workspace/contract/opp/afeec3a1ce504d76a71a501f0f5dc56b/view,,,,
FSA Time Credit Solution,New,15BNAS26D00000208,"JUSTICE, DEPARTMENT OF.FEDERAL PRISON SYSTEM / BUREAU OF PRISONS.NATIONAL ACQUISITIONS - CO",541512,,,2026-09-19,"Washington, DC, 20534",No Set aside used,,,https://sam.gov/workspace/contract/opp/329cfa6c45b546959e2b73d3f6b4dea2/view,,,,
Z--CCSC AV Receptacles Install,New,140L6326Q0026,"INTERIOR, DEPARTMENT OF THE.BUREAU OF LAND MANAGEMENT.ALASKA STATE OFFICE",238210,,,2026-09-19,not specified,,,,https://sam.gov/workspace/contract/opp/9d5b74f526474856981dbc28bfc90409/view,,,,
DA01-Compensation & Pension (C&P) Product Line Help Desk Tier 2 and Deployment Support Services 2.0,New,36C10B26Q0725,"VETERANS AFFAIRS, DEPARTMENT OF.VETERANS AFFAIRS, DEPARTMENT OF.TECHNOLOGY ACQUISITION CENTER NJ (36C10B)",541512,,2026-10-01T14:00:00.000Z,2026-09-19,not specified,,,,https://sam.gov/workspace/contract/opp/17385c5fc1a44eecbe2294da8487075e/view,,,,
"FY26 Building 405 Repair Rooms 36 and 37, Kirtland Air Force Base, NM",New,W912PP26PA032,DEPT OF DEFENSE.DEPT OF THE ARMY.US ARMY CORPS OF ENGINEERS.ENGINEER DIVISION SOUTH PACIFIC.ENDIST ALBUQUERQUE.W075 ENDIST ALBUQUERQUE,236220,,,2026-09-19,"NM, 87117",8(a) Sole Source (FAR 19.8),,,https://sam.gov/workspace/contract/opp/c97dbb69c1844bbab728795276d36392/view,,,,
CUGA- PREPARE & PAINT HEADQUARTERS/IT,New,140P5326R0026,"INTERIOR, DEPARTMENT OF THE.NATIONAL PARK SERVICE.SER SOUTH MABO (54000)",238320,,2026-09-22T20:00:00.000Z,2026-09-19,not specified,Small Business Set Aside - Total,,,https://sam.gov/workspace/contract/opp/aefe806b69b8406d8a134338fed6d335/view,,,,
B268 Replace STUS Backup Generator,New,FA302226C0021,DEPT OF DEFENSE.DEPT OF THE AIR FORCE.AIR EDUCATION AND TRAINING COMMAND.FA3022 14 CONS LGCA,236220,,,2026-09-19,"Columbus, MS, 39705",Small Business Set Aside - Total,,,https://sam.gov/workspace/contract/opp/f8d3a0d859d34271893ff6ce48e751e1/view,,,,
"Landscaping and Groundskeeping Services, Maricopa, AZ",New,1232SA26Q1315,"AGRICULTURE, DEPARTMENT OF.AGRICULTURAL RESEARCH SERVICE.USDA ARS AFM APD",561730,,2026-09-22T14:00:00.000Z,2026-09-19,"Maricopa, AZ, 85138",Service-Disabled Veteran-Owned Small Business (SDVOSB) Set-Aside (FAR 19.14),,,https://sam.gov/workspace/contract/opp/17d6b6a31f6546c5b6b32bb842821d41/view,,,,
Licenses,New,D-26-OD-0026,"JUSTICE, DEPARTMENT OF.DRUG ENFORCEMENT ADMINISTRATION",541512,,2026-09-21T16:00:00.000Z,2026-09-19,"3070, VA",,,,https://sam.gov/workspace/contract/opp/9d41a8b3a2e84dfe8868199e7a01b1fa/view,,,,
Trash Removal and Disposal,Pass,36C24926Q03100002,"VETERANS AFFAIRS, DEPARTMENT OF.VETERANS AFFAIRS, DEPARTMENT OF.249-NETWORK CONTRACT OFFICE 9 (36C249)",562111,,2026-09-23T04:59:00.000Z,2026-09-19,"47616, TN, 38105",Service-Disabled Veteran-Owned Small Business (SDVOSB) Set-Aside (FAR 19.14),,,https://sam.gov/workspace/contract/opp/dd4ed8b699894a1bb389db6a43a25394/view,,,,
"58--COVER,ELECTRONIC COMMU",New,SPE4A726T759S,DEPT OF DEFENSE.DEFENSE LOGISTICS AGENCY.DLA AVIATION,238210,,2026-09-25T04:00:00.000Z,2026-09-17,,,,,https://sam.gov/workspace/contract/opp/3cfe87b753b54b1daf56d96520924622/view,,,,
MI-SENEY NWR-HAZARDOUS FUELS REDUCTION VEGETATION,New,140FS226Q0200,"INTERIOR, DEPARTMENT OF THE.US FISH AND WILDLIFE SERVICE",238910,,2026-10-02T21:00:00.000Z,2026-09-17,,Small Business Set Aside - Total,,,https://sam.gov/workspace/contract/opp/f2dd819b419542f29b92a4b49d11c9e5/view,,,,
"Cooling Tower, Roofing, and Structural Construction",New,2031ZA26R00027,"TREASURY, DEPARTMENT OF THE.BUREAU OF ENGRAVING AND PRINTING",236220,,2026-10-09T17:00:00.000Z,2026-09-17,District of Columbia/DC,Small Business Set Aside - Total,,,https://sam.gov/workspace/contract/opp/f2f8f52c75c04ef08312066ba0a7555d/view,,,,
Y--Industry Day - TIMU Fort Caroline Memorial,New,DOIPFBO260028,"INTERIOR, DEPARTMENT OF THE",236220,,,2026-09-17,,,,,,,,,
Z--CANE - Rehabilitation of the exterior of the Fee C,New,140P5326R0011,"INTERIOR, DEPARTMENT OF THE",236220,,,2026-09-17,,,,,,,,,
Price Benchmarking and Small Business Analytics Refresh,New,SP4704-26-F-0064,DEPT OF DEFENSE > DEFENSE LOGISTICS AGENCY > DCSO RICHMOND DIVISION #2,541611,,,2026-09-17,"Fort Belvoir, VA",None,,,https://sam.gov/workspace/contract/opp/61c72915fd3449f799640c67aa8c9cc7/view,,,,
Y--Datil Well CG Double Vault Toilet Socorro Field Of,New,140L1726Q0048,"INTERIOR, DEPARTMENT OF THE.BUREAU OF LAND MANAGEMENT",238910,,,2026-09-17,New Mexico 87801,,,,https://sam.gov/workspace/contract/opp/8b7ac141bbc54bb5909f68de84582640/view,,,,
Building 154 Cooling Tower Media Replacement,New,1232SA26C0017,"AGRICULTURE, DEPARTMENT OF.AGRICULTURAL RESEARCH SERVICE",236220,,,2026-09-17,Ames/Iowa,Small Business Set Aside - Total,,,https://sam.gov/workspace/contract/opp/ccd350d02f944b09a34c0f0dca2b2f63/view,,,,
DA01--Controlled Unclassified Information (CUI),New,36C10B26Q0291,"VETERANS AFFAIRS, DEPARTMENT OF.VETERANS AFFAIRS, DEPARTMENT OF.TECHNOLOGY ACQUISITION CENTER NJ",541611,,2026-09-16T14:00:00.000Z,2026-09-17,,,,,https://sam.gov/workspace/contract/opp/7c1cb0a0510a411fa19afc1dbfbfdf72/view,,,,
"Z2DA--Install and Upgrade 2nd Floor Duct Work Project 612A4-18-202 VA Medical Center Mather, CA",New,36C26126Q1279,"VETERANS AFFAIRS, DEPARTMENT OF.261-NETWORK CONTRACT OFFICE 21 (36C261)",236220,,2026-09-21T16:00:00.000Z,2026-09-17,Mather/CA,,,,https://sam.gov/workspace/contract/opp/e0febe4777ab4867a757e8355caa467a/view,,,,
"Design-Build Services for the Bridge of the Americas (BOTA) Land Port of Entry (LPOE) Modernization Project, El Paso, Texas",New,47PB5126R0003,GENERAL SERVICES ADMINISTRATION.PUBLIC BUILDINGS SERVICE,236220,,2026-10-15T19:00:00.000Z,2026-09-17,El Paso/Texas,No Set aside used,,,https://sam.gov/workspace/contract/opp/f5fdd93019d44b40bbc0d6ffd9a778b6/view,,,,
W912P626QA028 Mississinewa Lake Garage Door Replacement,New,W912P626QA028,DEPT OF DEFENSE.DEPT OF THE ARMY,236220,,,2026-09-17,,,,,,,,,
"Patten Hall Renovations, United States Merchant Marine Academy",New,6923G226Q000034,"TRANSPORTATION, DEPARTMENT OF.MARITIME ADMINISTRATION",236220,,2026-09-23T03:59:00.000Z,2026-09-17,Kings Point/New York,Small Business Set Aside - Total,,,https://sam.gov/workspace/contract/opp/aee7cee2b2f849a69f3f30fad4a91856/view,,,,
"Renovate Suite H8, Building 3",New,FA875126Q0013,DEPT OF DEFENSE.DEPT OF THE AIR FORCE.AFRL RIKO,236220,,2026-10-05T19:00:00.000Z,2026-09-17,Rome/New York,Small Business Set Aside - Total,,,https://sam.gov/workspace/contract/opp/b5afede176ae43e497220f3809917710/view,,,,
Price Benchmarking and Small Business Analytics Refresh,New,SP4704-26-F-0064,DEPT OF DEFENSE.DEFENSE LOGISTICS AGENCY.DCSO.DCSO RICHMOND,541611,,,2026-09-17,"Fort Belvoir, VA",,,,https://sam.gov/workspace/contract/opp/61c72915fd3449f799640c67aa8c9cc7/view,,,,
Special Notice Alternate Design and Delivery Methodologies (ADDM) Candidate Projects,New,W912GB27Z1CKR,DEPT OF DEFENSE.DEPT OF THE ARMY.US ARMY CORPS OF ENGINEERS.ENGINEER DIVISION NORTH ATLANTIC.ENDIST EUROPE.W2SD ENDIST EUROPE,236220,,2026-10-02T13:00:00.000Z,2026-09-17,Wiesbaden/Hesse,No Set aside used,,,https://sam.gov/workspace/contract/opp/e3edd3f860cf403fba2132fd13dc6220/view,,,,
Polaris GWAC HubZone Pool,New,47QTCB22R0006,GENERAL SERVICES ADMINISTRATION.FEDERAL ACQUISITION SERVICE.GSA/FAS ITC OAOIC,541512,,2022-11-18T21:00:00.000Z,2026-09-17,,HUBZone Set-Aside,,,https://sam.gov/workspace/contract/opp/426d54d4806b4ab584c75755bdacd0bd/view,,,,
W912DY26QA327 NAD-AF Fuels Program PMCM Bridge,New,,DEPT OF DEFENSE.DEPT OF THE ARMY.US ARMY CORPS OF ENGINEERS,561210,,2026-09-28T20:00:00.000Z,2026-09-17,New York,No Set aside used,,,https://sam.gov/workspace/contract/opp/3067fbf9c99048f89a6385afcd8717f9/view,,,,
Nolin River Lake Tailwater Restroom Construction,New,W912QR26QA110,DEPT OF DEFENSE.DEPT OF THE ARMY.US ARMY CORPS OF ENGINEERS.ENDIST LOUISVILLE,236220,,2026-09-18T14:00:00.000Z,2026-09-17,Mammoth Cave/Kentucky,Small Business Set Aside - Total,,,https://sam.gov/workspace/contract/opp/a92f9a6f61374d889ce5457eab6f6fce/view,,,,
R707--HR and Program Management Support Services Sole Source - SDVOSB,New,36C24725P1217,"VETERANS AFFAIRS, DEPARTMENT OF > 247-NETWORK CONTRACT OFFICE 7 (36C247)",541611,,,2026-09-17,"Edgewater, MD",None,,,https://sam.gov/workspace/contract/opp/c656a8f4e4c94866bcf064271faa69ec/view,,,,
Gila NF Wilderness Ranger District Roof Replacement,New,127EAX26P0020,"AGRICULTURE, DEPARTMENT OF.FOREST SERVICE",236220,,,2026-09-17,Mimbres/New Mexico,Small Business Set Aside - Total,,,https://sam.gov/workspace/contract/opp/a3eeced8bff24065bed96d0ea26cdb19/view,,,,
Justification and Approval (J&A) - 8(a) Stand alone award for Network Operation Center (NOC) Support for the U.S. Small Business Administration,New,47QFLA,GENERAL SERVICES ADMINISTRATION.FEDERAL ACQUISITION SERVICE.GSA FAS AAS REGION 5,541512,,,2026-09-17,"Washington, DC",8(a) Sole Source (FAR 19.8),,,https://sam.gov/workspace/contract/opp/ea5e1f6d1036409e9972a9e755796c16/view,,,,
"657-27-107JC, Replace Select Hot Water Heating System",New,36c25526r0166_1,"VETERANS AFFAIRS, DEPARTMENT OF.255-NETWORK CONTRACT OFFICE 15 (36C255)",236220,,2026-10-16T19:00:00.000Z,2026-09-17,Saint Louis/Missouri,SDVOSB Sole Source,,,https://sam.gov/workspace/contract/opp/d66e312644dd48579f23fb3e66f3bc1c/view,,,,
Z--ID-KOOSKIA NFH-RESTROOM REPLACEMENT,New,140FC326Q0041,"INTERIOR, DEPARTMENT OF THE.US FISH AND WILDLIFE SERVICE",236220,,,2026-09-17,,,,,https://sam.gov/workspace/contract/opp/dbd453c6733b4a9ba8da49a75058d586/view,,,,
Y1AZ--36C77623C0149 EHRM Infrastructure Upgrades Construction West Palm Beach,New,36C77623C0149,"VETERANS AFFAIRS, DEPARTMENT OF.PCAC (36C776)",236220,,,2026-09-17,,,,,https://sam.gov/workspace/contract/opp/f6481d57444c42bf804ff80a3a97d8c4/view,,,,
Z2NZ--631-19-002 Upgrade Steam Distribution System Phase II Solicitation | Amendment 002,New,36C24126Q0472,"VETERANS AFFAIRS, DEPARTMENT OF.241-NETWORK CONTRACT OFFICE 01 (36C241)",236220,,2026-09-29T17:00:00.000Z,2026-09-17,Leeds/Massachusetts,SDVOSB Sole Source,,,https://sam.gov/workspace/contract/opp/d5121a31661a468986c6b75864d7d8bb/view,,,,
R707--HR and Program Management Support Services,New,36C24725P1217,"VETERANS AFFAIRS, DEPARTMENT OF.VETERANS AFFAIRS, DEPARTMENT OF.247-NETWORK CONTRACT OFFICE 7",541611,,,2026-09-17,"Edgewater, MD",,,,https://sam.gov/workspace/contract/opp/c656a8f4e4c94866bcf064271faa69ec/view,,,,
Z2DA--589A7-23-306 Renovate Bldg. 5 & 5B for Mental Health FY27 NRM,New,36C25526R0171,"VETERANS AFFAIRS, DEPARTMENT OF",236220,,,2026-09-17,,,,,,,,,
CFBLNET,New,HC104709250103,DEPT OF DEFENSE.DEFENSE INFORMATION SYSTEMS AGENCY (DISA),541512,,2026-09-30T20:00:00.000Z,2026-09-17,Maryland 20755,,,,https://sam.gov/workspace/contract/opp/0e7009124d6c494696489125663a9c91/view,,,,
"Z2DA--589-21-211, Renovate Building 26 for Pharmacy, Phlebotomy, and Police Department",New,36C25526R0127,"VETERANS AFFAIRS, DEPARTMENT OF",236220,,,2026-09-17,,,,,,,,,
"N400857584741, Repair Wash Rack B4248",New,N400857584741,DEPT OF DEFENSE.DEPT OF THE NAVY.NAVFAC MID-ATLANTIC,236220,,2026-09-24T16:00:00.000Z,2026-09-17,Cherry Point/North Carolina,Small Business Set Aside - Total,,,https://sam.gov/workspace/contract/opp/c3c06951a390414791b2a073ceaacf29/view,,,,
DA01--Controlled Unclassified Information (CUI) (VA-26-00041445),New,36C10B26Q0291,"VETERANS AFFAIRS, DEPARTMENT OF > TECHNOLOGY ACQUISITION CENTER NJ (36C10B)",541611,,2026-09-16T14:00:00.000Z,2026-09-17,Not specified,None,,,https://sam.gov/workspace/contract/opp/7c1cb0a0510a411fa19afc1dbfbfdf72/view,,,,
Building 1005 Water Line Repairs,New,N4008526R9051,DEPT OF DEFENSE.DEPT OF THE NAVY.NAVFAC MID-ATLANTIC,236220,,,2026-09-17,Camp Lejeune/North Carolina,Small Business Set Aside - Total,,,https://sam.gov/workspace/contract/opp/e9da80b8958d4ee3a9a90cc551223a82/view,,,,
R710--Expert Witness Contract (VA-26-00084567),New,OralWritten,"VETERANS AFFAIRS, DEPARTMENT OF > RPO CENTRAL (36C24C)",541611,,,2026-09-17,Not specified,None,,,https://sam.gov/workspace/contract/opp/5ad966f9e35a4638959165d1d922227d/view,,,,
"N4008526R0177, Design Bid Build - Building 114 Crane 64 Replacement, Naval Undersea Warfare Center, Newport, RI",New,N4008526F1733,DEPT OF DEFENSE.DEPT OF THE NAVY.NAVFAC MID-ATLANTIC,236220,,,2026-09-17,Newport/Rhode Island,No Set aside used,,,https://sam.gov/workspace/contract/opp/d2d056f6bc234e0b824a8270f8323d92/view,,,,
Z1DA--Project No. 610A4-26-500 - Fort Wayne Job Order Contract (JOC).,New,36C25026R0045,"VETERANS AFFAIRS, DEPARTMENT OF.250-NETWORK CONTRACT OFFICE 10 (36C250)",236220,,,2026-09-17,,SDVOSB Set-Aside,,,https://sam.gov/workspace/contract/opp/f04da3b246904c93926147db002f666d/view,,,,
Polaris GWAC Service-Disabled Veteran-Owned Small Business Pool,New,47QTCB22R0007,GENERAL SERVICES ADMINISTRATION.FEDERAL ACQUISITION SERVICE.GSA/FAS ITC OAOIC,541512,,2022-11-18T21:00:00.000Z,2026-09-17,,SDVOSB Set-Aside,,,https://sam.gov/workspace/contract/opp/63e00c951a864b9f825c85a26e116bc4/view,,,,
Greenhouse Modernization,New,1232SA26C0023,"AGRICULTURE, DEPARTMENT OF",236220,,,2026-09-17,,,,,,,,,
"Repair B632, Fire Suppression and Hangar Door",New,W50S7T26CA004,DEPT OF DEFENSE.DEPT OF THE ARMY.NATIONAL GUARD BUREAU.JFHQ USPFO IL.USPFO IL PROCUREMENT.W7M6 USPFO ACTIVITY ILANG 182,236220,,,2026-09-17,Peoria/Illinois,Small Business Set Aside - Total,,,https://sam.gov/workspace/contract/opp/d1d7377ec7ca4a4bba4ca12933a10205/view,,,,
GA032 Replace FA System,New,W912HP26R9005,DEPT OF DEFENSE.DEPT OF THE ARMY.US ARMY CORPS OF ENGINEERS.ENGINEER DIVISION SOUTH ATLANTIC.ENDIST CHARLESTON.W074 ENDIST CHARLESTON,236220,,2026-09-21T19:00:00.000Z,2026-09-17,Macon/Georgia,,,,https://sam.gov/workspace/contract/opp/fddf867db69342fd9fe839daea2f6ade/view,,,,
"Electrical and Data Cabling Installation, Greensboro, NC",New,,"TREASURY, DEPARTMENT OF THE.INTERNAL REVENUE SERVICE",238210,,2026-09-22T19:00:00.000Z,2026-09-17,"Greensboro, North Carolina",Small Business Set Aside - Total,,,https://sam.gov/workspace/contract/opp/f05cfe984279457e96be4ecc0daf1ec0/view,,,,
Repair Maintenance Hangar Facility Building 253 PSTE 172022,New,W50S9526BA003,DEPT OF DEFENSE.DEPT OF THE ARMY.NATIONAL GUARD BUREAU,236220,,,2026-09-17,,,,,,,,,
INTENT TO SOLE SOURCE ME,New,36C24127P0007,"VETERANS AFFAIRS, DEPARTMENT OF.241-NETWORK CONTRACT OFFICE 01",562111,,2026-09-24T15:00:00.000Z,2026-09-17,"Augusta, ME",No Set aside used,,,https://sam.gov/workspace/contract/opp/7dcce11589714555b1f280747b83c672/view,,,,
Notice to Construction Community: USACE Omaha District RMS to CMP Transition,New,RMS_to_CMP_NWO,DEPT OF DEFENSE.DEPT OF THE ARMY.US ARMY CORPS OF ENGINEERS.ENGINEER DIVISION NORTHWESTERN.ENDIST OMAHA,236220,,,2026-09-17,Omaha/Arkansas,,,,https://sam.gov/workspace/contract/opp/fbb8b028b013480384239067ac4d2517/view,,,,
Wake Island Airfield Fiber Installation from Lightning to Weather Instruments,New,FA521526Q0038,DEPT OF DEFENSE.DEPT OF THE AIR FORCE.PACIFIC AIR FORCES,238210,,2026-09-18T01:00:00.000Z,2026-09-17,Hawaii,Small Business Set Aside - Total,,,https://sam.gov/workspace/contract/opp/8f27e2d729d842a8b458e8cb529d4e48/view,,,,
R710--Expert Witness Contract (VA-26-00084567),New,OralWritten,"VETERANS AFFAIRS, DEPARTMENT OF.VETERANS AFFAIRS, DEPARTMENT OF.RPO CENTRAL",541611,,,2026-09-17,,,,,https://sam.gov/workspace/contract/opp/5ad966f9e35a4638959165d1d922227d/view,,,,
INTENT TO SOLE SOURCE CT,New,36C24127P0006,"VETERANS AFFAIRS, DEPARTMENT OF.241-NETWORK CONTRACT OFFICE 01",562111,,2026-09-24T15:00:00.000Z,2026-09-17,"West Haven, CT",No Set aside used,,,https://sam.gov/workspace/contract/opp/a00dc44eef0044d48d226faef4f793ad/view,,,,
Ft. Lee Obstacle Course Construction,New,W9123627BA001,DEPT OF DEFENSE.DEPT OF THE ARMY.US ARMY CORPS OF ENGINEERS.ENDIST NORFOLK,236220,,2026-10-08T14:00:00.000Z,2026-09-17,Prince George/Virginia,Small Business Set Aside - Total,,,https://sam.gov/workspace/contract/opp/e5e42bb2cbc6430a9c55ad5296d8c36c/view,,,,
Unified Application Access and Integration Prototype,New,DCSAInnovationCall01,DEPT OF DEFENSE.DEFENSE COUNTERINTELLIGENCE AND SECURITY AGENCY (DCSA),541512,,2026-09-18T13:00:00.000Z,2026-09-17,"Quantico, VA",No Set aside used,,,https://sam.gov/workspace/contract/opp/d58ebe0aab5b46bba417d0d821f971bd/view,,,,
Z2DZ--Improve Security and Safety 539-25-507,New,36C25026C0179,"VETERANS AFFAIRS, DEPARTMENT OF",236220,,,2026-09-17,,,,,,,,,
Solicitation W911SA26BA007,New,W911SA26BA007,DEPT OF DEFENSE.DEPT OF THE ARMY,236220,,,2026-09-17,,,,,,,,,
"N4008426R7500 DB RMAC FACILITY IMPROVEMENT AT NETDC, SAN ANTONIO, ZAMBALES, PHILIPPINES",New,N4008426R7500,DEPT OF DEFENSE.DEPT OF THE NAVY,236220,,,2026-09-17,"Zambales, Philippines",,,,,,,,
316 CES Backflow Prevention Survey,New,FA286026P0029,DEPT OF DEFENSE.DEPT OF THE AIR FORCE.AIR FORCE DISTRICT OF WASHINGTON.FA2860 316 CONS PK,561210,,,2026-09-16,"Andrews Air Force Base, MD",Small Business Set Aside - Total,,,https://sam.gov/workspace/contract/opp/a2a5e96d4d3e419191226a85e3540733/view,,,,
S--WASHINGTON MONUMENT (WAMO) SECURITY DOOR MAINTENANCE,New,140P8526Q0073,"INTERIOR, DEPARTMENT OF THE.NATIONAL PARK SERVICE.PWR SF/SEA MABO(85000)",561210,,,2026-09-16,,,,,https://sam.gov/workspace/contract/opp/bb3c8e3095974f13b6b1fbd983a807fb/view,,,,
Z--MOC Service Garage and Warehouse Roof Replacement,New,89503226BWA000081,"ENERGY, DEPARTMENT OF.ENERGY, DEPARTMENT OF.WESTERN-ROCKY MOUNTAIN REGION",238160,,,2026-09-16,,,,,https://sam.gov/workspace/contract/opp/e95a5e44d64946caa9c6f98539af775d/view,,,,
"B24 UPS Maintenance and Repair, NIST, Boulder, CO",New,1333ND26PNB190492,"COMMERCE, DEPARTMENT OF.NATIONAL INSTITUTE OF STANDARDS AND TECHNOLOGY.DEPT OF COMMERCE NIST",561210,,,2026-09-16,"Boulder, CO",Small Business Set Aside - Total,,,https://sam.gov/workspace/contract/opp/0c6fc70097734d04b767cc7d8daae761/view,,,,
Bridge_Regional Roofing JOC,New,N4008026J_A010,DEPT OF DEFENSE.DEPT OF THE NAVY.NAVFAC.NAVFAC ATLANTIC CMD.NAVFAC WASHINGTON.NAVFACSYSCOM WASHINGTON,238160,,,2026-09-16,"Washington Navy Yard, District of Columbia",,,,https://sam.gov/workspace/contract/opp/d33045ad37474288b2652537c5fed6e3/view,,,,
Non-hazardous Solid Waste Pick-up,New,75H70926BAO_084RFQ,"HEALTH AND HUMAN SERVICES, DEPARTMENT OF.INDIAN HEALTH SERVICE.BILLINGS AREA INDIAN HEALTH SVC",562111,,2026-09-24T20:00:00.000Z,2026-09-16,"Crow Agency, Montana",Indian Small Business Economic Enterprise,,,https://sam.gov/workspace/contract/opp/5fc9bf0550404d8d8cbfce0cac875404/view,,,,
S--REPAIR AND MAINTAIN STORMWATER STRUCTURES,New,140P8526Q0092,"INTERIOR, DEPARTMENT OF THE.NATIONAL PARK SERVICE.PWR SF/SEA MABO(85000)",561730,,,2026-09-16,,,,,https://sam.gov/workspace/contract/opp/7d234b5f3674438aa6ef7c7eadef8bb3/view,,,,
J&A FY26 POF BRIDGE CONTRACT,New,W912DY26CA051,DEPT OF DEFENSE.DEPT OF THE ARMY.US ARMY CORPS OF ENGINEERS.SCO ALEXANDRIA.SUPPORT CENTER HUNTSVILLE.W2V6 USA ENG SPT CTR HUNTSVIL,561210,,,2026-09-16,"Suwon, Seoul (South Korea)",,,,https://sam.gov/workspace/contract/opp/fb03ae29924d4a0c826d55549526feab/view,,,,
FY26 Pointe Lookout Harbor Vegetation Management,New,W911XK26QA013,DEPT OF DEFENSE.DEPT OF THE ARMY.US ARMY CORPS OF ENGINEERS.ENGINEER DIVISION GREAT LAKES AND OHIO.ENDIST DETROIT.W072 ENDIST DETROIT,561730,,,2026-09-16,"Au Gres, Michigan",Small Business Set Aside - Total,,,https://sam.gov/workspace/contract/opp/a59b8157337a40d180496974f438ff61/view,,,,
"J--Emergency Generator Installation for Gate 13 at Aberdeen Proving Ground, MD",New,DOIDFBO260090,"INTERIOR, DEPARTMENT OF THE.DEPARTMENTAL OFFICES.IBC ACQ SVCS DIRECTORATE (00004)",238210,,2026-10-01T21:00:00.000Z,2026-09-16,,,,,https://sam.gov/workspace/contract/opp/1ebc6f0c2d5847c2a902eed061e8860d/view,,,,
Groundskeeping,New,36C24626Q0892,"VETERANS AFFAIRS, DEPARTMENT OF.VETERANS AFFAIRS, DEPARTMENT OF.246-NETWORK CONTRACTING OFFICE 6 (36C246)",561730,,,2026-09-16,"Durham, North Carolina",,,,https://sam.gov/workspace/contract/opp/3081c101101a400dad00a41c5b0669f0/view,,,,
"Replace AAS BAK-15 Controls, B2001, B2003",New,FA302226C0023,DEPT OF DEFENSE.DEPT OF THE AIR FORCE.AIR EDUCATION AND TRAINING COMMAND.FA3022 14 CONS LGCA,238210,,,2026-09-16,Mississippi,Small Business Set Aside - Total,,,https://sam.gov/workspace/contract/opp/8b37a26dbfed4efc944a7ee05389dc34/view,,,,
NIST Boulder Solar Lighting Upper Site Replacement,New,1333ND26CNB190025,"COMMERCE, DEPARTMENT OF.NATIONAL INSTITUTE OF STANDARDS AND TECHNOLOGY.DEPT OF COMMERCE NIST",238210,,,2026-09-16,Colorado,Small Business Set Aside - Total,,,https://sam.gov/workspace/contract/opp/2a36fa9a47ef497c8bf200a834df75d0/view,,,,
"Valley Resident Office – Groundskeeping, West Sacramento, CA.",New,W9123826PA044,DEPT OF DEFENSE.DEPT OF THE ARMY.US ARMY CORPS OF ENGINEERS.ENGINEER DIVISION SOUTH PACIFIC.ENDIST SACRAMENTO.W075 ENDIST SACRAMENTO,561730,,,2026-09-16,"West Sacramento, California",Small Business Set Aside - Total,,,https://sam.gov/workspace/contract/opp/d45a5958d2dc41ecb16fee2add11e0a6/view,,,,
Facilities Support Services,New,70LART26FPFB00051,"HOMELAND SECURITY, DEPARTMENT OF.FEDERAL LAW ENFORCEMENT TRAINING CENTER.FLETC ARTESIA PROCUREMENT OFFICE",561210,,,2026-09-16,"Artesia, NM",8(a) Set-Aside (FAR 19.8),,,https://sam.gov/workspace/contract/opp/e0a46ee6c2b7498994b6f4f5b9427a51/view,,,,
Marine Corps Air Station (MCAS) Beaufort and Laurel Bay Base Operation Support,New,N4008526R0033,DEPT OF DEFENSE.DEPT OF THE NAVY.NAVFAC.NAVFAC ATLANTIC CMD.NAVFAC MID-ATLANTIC.NAVFACSYSCOM MID-ATLANTIC,561210,,2026-10-01T18:00:00.000Z,2026-09-16,"Beaufort, SC",8(a) Set-Aside (FAR 19.8),,,https://sam.gov/workspace/contract/opp/3995be74bd7d418b93b51fd7c1ebc8cd/view,,,,
RRS/DFAS Grounds MXS and Snow Removal,New,FA875126Q0907,DEPT OF DEFENSE.DEPT OF THE AIR FORCE.AIR FORCE MATERIEL COMMAND.AIR FORCE RESEARCH LABORATORY.FA8751 AFRL RIKO,561730,,2026-10-06T16:00:00.000Z,2026-09-16,"Rome, New York",Small Business Set Aside - Total,,,https://sam.gov/workspace/contract/opp/818e60e741c743048b79d88b7d5e39ba/view,,,,
Paint and Lights Bldg 102 & Bldg 110,New,W50S6T26PA022,DEPT OF DEFENSE.DEPT OF THE ARMY.NATIONAL GUARD BUREAU.JFHQ USPFO CA.USPFO CA PROCUREMENT.W7MX USPFO ACTIVITY CAANG 144,238320,,,2026-09-16,"Fresno, California",Small Business Set Aside - Total,,,https://sam.gov/workspace/contract/opp/b7f5bb324cd24ef18974f26d82950145/view,,,,
Brushing and Mowing of EZ roads,New,12444526P0096,"AGRICULTURE, DEPARTMENT OF.FOREST SERVICE.USDA-FS, CSA EAST 6",561730,,,2026-09-16,"Grand Marais, Minnesota",Small Business Set Aside - Total,,,https://sam.gov/workspace/contract/opp/d643b53c9de54f7d900ac298583ef154/view,,,,
Replace Greenhouse Controls,New,1232SA26P0735,"AGRICULTURE, DEPARTMENT OF.AGRICULTURAL RESEARCH SERVICE.USDA ARS AFM APD",561210,,,2026-09-16,,Small Business Set Aside - Total,,,https://sam.gov/workspace/contract/opp/67c5c758647e4e528774d3f7569bcd5e/view,,,,
L&D 14 Old CSS Roof Replacement,New,W912EK26CA031,DEPT OF DEFENSE.DEPT OF THE ARMY.US ARMY CORPS OF ENGINEERS.ENGINEER DIVISION MISSISSIPPI VALLEY.ENDIST ROCK ISLAND.W07V ENDIST ROCK ISLAND,238160,,,2026-09-16,"Pleasant Valley, Iowa",Small Business Set Aside - Total,,,https://sam.gov/workspace/contract/opp/ff4614d4f5914cc5b6616995d1fa9e27/view,,,,
Z--UT-FWS JONES HOLE NFH-ELECTRICAL REHAB,New,140FGA26P0044,"INTERIOR, DEPARTMENT OF THE.US FISH AND WILDLIFE SERVICE.FWS, GAOA",238210,,,2026-09-16,,,,,https://sam.gov/workspace/contract/opp/d8a90e7e4ffb45668d49fc44063e728e/view,,,,
Refuse Removal Services,New,1232SA26P0718,"AGRICULTURE, DEPARTMENT OF.AGRICULTURAL RESEARCH SERVICE.USDA ARS AFM APD",562111,,,2026-09-16,"Beltsville, Maryland",Small Business Set Aside - Total,,,https://sam.gov/workspace/contract/opp/7b4ff2f309a540dd80a2b9b1d0721441/view,,,,
S--REFUSE SERVICES FOR BIA AZ NAVAJO CENTRAL AGENCY F,New,140A2326Q0291,"INTERIOR, DEPARTMENT OF THE.BUREAU OF INDIAN AFFAIRS.INDIAN EDUCATION ACQUISITION OFFICE",562111,,,2026-09-16,,,,,https://sam.gov/workspace/contract/opp/d9d3c5c67c444251820fbe87dd9809f4/view,,,,
MA-FWS GREAT MEADOWS NWR-REPAIR WALLS PA,New,DOIFFBO260186,"INTERIOR, DEPARTMENT OF THE.US FISH AND WILDLIFE SERVICE.FWS SAT TEAM 3",238320,,2026-09-21T21:00:00.000Z,2026-09-15,,Small Business Set Aside - Total,,,https://sam.gov/workspace/contract/opp/75ac683cd3bb4f3f9424d32ccea8f3ee/view,,,,
Pryor Clinic Expansion Construction in Pryor,New,75H70126C00028,"HEALTH AND HUMAN SERVICES, DEPARTMENT OF.INDIAN HEALTH SERVICE.DIV OF ENGINEERING SVCS - SEATTLE",236220,,,2026-09-15,"Pryor, MT 59066",Indian Small Business Economic Enterprise,,,https://sam.gov/workspace/contract/opp/9cf062071ef542e68cee2bcd657a4516/view,,,,
"Design Bid Build - Steam and Condensate Repairs Vicinity of B690CP and B1163CP, Naval Station Newport, Newport, RI",New,N4008526F1652,DEPT OF DEFENSE.DEPT OF THE NAVY.NAVFAC.NAVFAC ATLANTIC CMD.NAVFAC MID-ATLANTIC,236220,,,2026-09-15,"Newport, RI 02841",No Set aside used,,,https://sam.gov/workspace/contract/opp/f441bbb65f1540ebb169a3a24d2383d8/view,,,,
PRD B290 Roof,New,12441926Q0048,"AGRICULTURE, DEPARTMENT OF.FOREST SERVICE.USDA FOREST SERVICE-SPOC EAST",238160,,2026-10-20T21:00:00.000Z,2026-09-15,"Chadron, NE",Small Business Set Aside - Total,,,https://sam.gov/workspace/contract/opp/7aa6a57795f2466d8340b29974830568/view,,,,
Grounds Maintenance Services,New,1232SA26Q1095,"AGRICULTURE, DEPARTMENT OF.AGRICULTURAL RESEARCH SERVICE.USDA ARS AFM APD",561730,,2026-09-22T20:00:00.000Z,2026-09-15,"Gainesville, FL",Small Business Set Aside - Total,,,https://sam.gov/workspace/contract/opp/6b1a7ccd2e5c4c6dab60b5ba45455dd4/view,,,,
Kerrville Drainage Remediation,New,12445226Q0062,"AGRICULTURE, DEPARTMENT OF.FOREST SERVICE.USDA-FS, CSA EAST 12",238910,,2026-09-25T21:00:00.000Z,2026-09-15,"Kerrville, TX",Small Business Set Aside - Total,,,https://sam.gov/workspace/contract/opp/c4c3213a47754076a7e072fc996e9ee3/view,,,,
Ballistic Mitigation,New,EQPMBA-26-0363,GENERAL SERVICES ADMINISTRATION.PUBLIC BUILDINGS SERVICE.PBS PROJECT DELIVERY WEST - BRANCH C,236220,,2026-09-30T21:00:00.000Z,2026-09-15,"Fargo, ND 58102",Small Business Set Aside - Total,,,https://sam.gov/workspace/contract/opp/a3a2ffea542a4e70b2ef5b5fb227acd5/view,,,,
Enterprise Data Pipeline Modernization and Data Consumption Services,New,5000233302,"TREASURY, DEPARTMENT OF THE.INTERNAL REVENUE SERVICE.IT STRATEGY",541512,,2026-09-25T18:00:00.000Z,2026-09-15,United States (unspecified),No Set aside used,,,https://sam.gov/workspace/contract/opp/6d4373433c504f7994f117458c9e3f9e/view,,,,
CA-RED BLUFF FWO-PAINTING PROJECT,New,140FC326Q0037,"INTERIOR, DEPARTMENT OF THE.US FISH AND WILDLIFE SERVICE.FWS, CONSTRUCTION A/E TEAM 3",236220,,,2026-09-15,,,,,https://sam.gov/workspace/contract/opp/9b6c67ac762a4061afa416c459f7ee91/view,,,,
HAFB Multiple Award Construction Contract V (MACC V),New,FA820126R0016,DEPT OF DEFENSE.DEPT OF THE AIR FORCE.AIR FORCE MATERIEL COMMAND.AIR FORCE SUSTAINMENT CENTER,236220,,2026-12-09T22:30:00.000Z,2026-09-15,"Hill AFB, UT",Small Business Set Aside - Total,,,https://sam.gov/workspace/contract/opp/ad26ba9c7a1f4d0888d8a5a59be5fe22/view,,,,
Emergency Electric Panel Repair Service,New,36C25226P0452,"VETERANS AFFAIRS, DEPARTMENT OF.252-NETWORK CONTRACT OFFICE 12 (36C252)",238210,,,2026-09-15,"Tomah, WI",No Set aside used,,,https://sam.gov/workspace/contract/opp/98ff4482ea4e4a55b6b0224b430018f2/view,,,,
Intent to Increase Capacity of JBLG FEM IDIQ,New,FA441826FEM_INCREASE,DEPT OF DEFENSE.DEPT OF THE AIR FORCE.AIR MOBILITY COMMAND,236220,,2026-09-22T17:00:00.000Z,2026-09-15,South Carolina 29404,Small Business Set Aside - Total,,,https://sam.gov/workspace/contract/opp/73049849cc9c4462830bb42779c3416c/view,,,,
Create Contractor Lie-Down Zone,New,36C25226B0030,"VETERANS AFFAIRS, DEPARTMENT OF.252-NETWORK CONTRACT OFFICE 12 (36C252)",236220,,2026-09-25T15:00:00.000Z,2026-09-15,"Chicago, IL",Veteran-Owned Small Business Set-Aside (specific to Department of Veterans Affairs),,,https://sam.gov/workspace/contract/opp/847447d821f64daf9ce360f194bef870/view,,,,
Grounds Maintenance Services,New,FA448626Q0013,DEPT OF DEFENSE.DEPT OF THE AIR FORCE.U.S. AIR FORCES IN EUROPE,561730,,2026-10-26T15:00:00.000Z,2026-09-15,"Praia da Vitoria, Portugal",No Set aside used,,,https://sam.gov/workspace/contract/opp/3dbb68fa2de54bd79147d007d2e2743a/view,,,,
F--Savannah River Nuclear Material & Cleanup Services,New,89303326NEM000055,"ENERGY, DEPARTMENT OF.EM-ENVIRONMENTAL MGMT CON BUS CTR",561210,,2026-10-14T21:00:00.000Z,2026-09-15,"Cincinnati, OH",No Set aside used,,,https://sam.gov/workspace/contract/opp/53ce6c9e5114432791f8512e5964b7ac/view,,,,
CONSTRUCTION - NUWCDIVNPT: Raised Flooring Replacement,New,N6660426Q0473,DEPT OF DEFENSE.DEPT OF THE NAVY.NAVSEA.NAVSEA WARFARE CENTER.NUWC DIV NEWPORT,236220,,2026-09-28T18:00:00.000Z,2026-09-15,"Newport, RI 02841",Small Business Set Aside - Total,,,https://sam.gov/workspace/contract/opp/6814b8f6c8cb4313b0d10c2104ea37e2/view,,,,
Advancing HIV & AIDS Epidemic Control (AHEC) Project,New,72066821C00001P00025,"STATE, DEPARTMENT OF.ACQUISITIONS - AQM MOMENTUM",541611,,,2026-09-15,South Sudan,,,,https://sam.gov/workspace/contract/opp/02fc8396519447998cdf9f3dc178eae7/view,,,,
R--CLWTP FISMA Compliance,New,140R4026Q0108,"INTERIOR, DEPARTMENT OF THE.BUREAU OF RECLAMATION.UPPER COLORADO REGIONAL OFFICE",238210,,2026-10-16T19:00:00.000Z,2026-09-15,,,,,https://sam.gov/workspace/contract/opp/aab294507f744e2ca691d96edd84e545/view,,,,
NOAA Barrow AK opportunity (title truncated in source),New,1333MJ26Q0077,"COMMERCE, DEPARTMENT OF.NATIONAL OCEANIC AND ATMOSPHERIC ADMINISTRATION.DEPT OF COMMERCE NOAA",236220,,2026-09-24T19:00:00.000Z,2026-09-15,"Barrow, AK 99723",,,,https://sam.gov/workspace/contract/opp/352f548212fa43b59a4130d29c705864/view,,,,
"J063 - Upgrade Fire Alarm System, VA Black Hills Health Care System - Fort Meade Campus",New,36C26326C0042,"VETERANS AFFAIRS, DEPARTMENT OF.NETWORK CONTRACT OFFICE 23 (36C263)",238210,,,2026-09-15,"Fort Meade, SD",Service-Disabled Veteran-Owned Small Business (SDVOSB) Set-Aside (FAR 19.14),,,https://sam.gov/workspace/contract/opp/fcc3349a6b694e19a24e1051fe4469b4/view,,,,
Building 13 Stair and Roof Replacement at Castle Point VAMC,New,36C24227B0002,"VETERANS AFFAIRS, DEPARTMENT OF.242-NETWORK CONTRACT OFFICE 02 (36C242)",236220,,2026-11-04T15:00:00.000Z,2026-09-15,"New York, NY 12590",Service-Disabled Veteran-Owned Small Business (SDVOSB) Set-Aside (FAR 19.14),,,https://sam.gov/workspace/contract/opp/414cb5b232d84a1599325ad12c8f0e10/view,,,,
"CANCELLATION Supply, Installation, and Certification of Anchor Points and Horizontal Lifelines at Chancery",New,19C02026Q0021,"STATE, DEPARTMENT OF.US EMBASSY BOGOTA",236220,,,2026-09-15,"Bogota, Colombia",,,,https://sam.gov/workspace/contract/opp/6c670716adb24aa6ac166ddc4eec468b/view,,,,
Human Performance Optimization (HPO) Model,New,N4571A-26-I-0003,DEPT OF DEFENSE.DEPT OF THE NAVY.NAVSUP.NAVSUP OTHER HCA.CNIC.COMMANDER NAVY INSTALLATIONS CMD,541611,,2026-09-28T20:00:00.000Z,2026-09-15,"San Diego, California",,,,https://sam.gov/workspace/contract/opp/51a704f666b84f4787b25ef9e36a4c38/view,,,,
ELECTRICAL WORK,New,FA282326QA111,DEPT OF DEFENSE.DEPT OF THE AIR FORCE.AIR FORCE MATERIEL COMMAND.AIR FORCE TEST CENTER,238210,,,2026-09-15,"Eglin AFB, FL",Small Business Set Aside - Total,,,https://sam.gov/workspace/contract/opp/28e09f996f5242248c5f60c810a8dda9/view,,,,
"Fire damper inspection, testing & maintenance- VA Black Hills, SD",New,36C26326P0731,"VETERANS AFFAIRS, DEPARTMENT OF.NETWORK CONTRACT OFFICE 23 (36C263)",561210,,,2026-09-15,"Fort Meade, SD",No Set aside used,,,https://sam.gov/workspace/contract/opp/3b61c319978243fab69dd260331e1233/view,,,,
Wichita Restroom renovations,New,47PD5126R0016,GENERAL SERVICES ADMINISTRATION.PUBLIC BUILDINGS SERVICE.PBS PROJECT DELIVERY WEST - BRANCH A,236220,,2026-09-22T19:00:00.000Z,2026-09-15,"Kansas, KS 67202",Small Business Set Aside - Total,,,https://sam.gov/workspace/contract/opp/387d5127efff47929d13a2610842ea0a/view,,,,
Fort Bliss Solid Waste Management Refuse and Recycling Services,New,W911SG26RA008,DEPT OF DEFENSE.DEPT OF THE ARMY.AMC.ACC.MISSION INSTALLATION CONTRACTING COMMAND.418TH CSB,562111,,2026-09-28T22:00:00.000Z,2026-09-15,"Fort Bliss, TX",8(a) Set-Aside (FAR 19.8),,,https://sam.gov/workspace/contract/opp/6a3556d2b9254d55b4ce29f75802805e/view,,,,
"Commercial Roof Replacement (Fort Worth, TX)",New,AOC_ROOF_REPLACEMENT,"JUSTICE, DEPARTMENT OF.DRUG ENFORCEMENT ADMINISTRATION.HEADQUARTERS",238160,,2026-09-30T14:00:00.000Z,2026-09-15,"Fort Worth, TX",,,,https://sam.gov/workspace/contract/opp/d00612adf5bb49b991a5b276b85bb247/view,,,,
Exhaust Troubleshooting,New,FA485526Q0072,DEPT OF DEFENSE.DEPT OF THE AIR FORCE.AIR FORCE SPECIAL OPERATIONS COMMAND,238210,,2026-09-23T21:00:00.000Z,2026-09-15,"Cannon AFB, NM",Small Business Set Aside - Total,,,https://sam.gov/workspace/contract/opp/a5e7d738b8e64c9e9baae70ed4f4f113/view,,,,
"Fire Alarm and Mass Notification System Upgrades for DDJC, Tracy, CA",New,W9123826RA002,DEPT OF DEFENSE.DEPT OF THE ARMY.US ARMY CORPS OF ENGINEERS.ENDIST SACRAMENTO,238210,,2026-10-05T17:00:00.000Z,2026-09-15,"Tracy, CA",,,,https://sam.gov/workspace/contract/opp/397fc5d3076642548f6a132a54f940f6/view,,,,
Medical Repair and Renewal (MRR) Korea,New,W912DY26RA093,DEPT OF DEFENSE.DEPT OF THE ARMY.US ARMY CORPS OF ENGINEERS.SUPPORT CENTER HUNTSVILLE,236220,,2026-10-19T19:00:00.000Z,2026-09-15,Korea,,,,https://sam.gov/workspace/contract/opp/94e65c9ce7324f4db67a8346eea9e23a/view,,,,
REQUEST FOR QUOTES - RENTAL OF UPS FOR PHONE ROOM,New,36C24526Q0840,"VETERANS AFFAIRS, DEPARTMENT OF.245-NETWORK CONTRACT OFFICE 5 (36C245)",238210,,2026-10-02T14:00:00.000Z,2026-09-15,,,,,https://sam.gov/workspace/contract/opp/480803bc20524e53af75002ff1ca5e2d/view,,,,
"FY25 SMITH BARRACKS UNACCOMPANIED PERSONNEL HOUSING (UPH), BAUMHOLDER, GERMANY",New,W912GB26CA016,DEPT OF DEFENSE.DEPT OF THE ARMY.US ARMY CORPS OF ENGINEERS.ENDIST EUROPE,236220,,,2026-09-15,"Baumholder, Germany",,,,https://sam.gov/workspace/contract/opp/f90026fabe4949d7bd1121617258e029/view,,,,
J--ELECTRIC REPAIRS AT SIX ALASKAN N. PARKS,New,140P9726Q0046,"INTERIOR, DEPARTMENT OF THE.NATIONAL PARK SERVICE",238210,,,2026-09-15,"Anchorage, AK",,,,,,,,
Replace Flat Roof Building 57,New,36C24426B0013,"VETERANS AFFAIRS, DEPARTMENT OF.244-NETWORK CONTRACT OFFICE 4 (36C244)",236220,,2026-10-20T14:00:00.000Z,2026-09-15,,Service-Disabled Veteran-Owned Small Business (SDVOSB) Set-Aside (FAR 19.14),,,https://sam.gov/workspace/contract/opp/8844981b86b341e98afa31d0e706a66f/view,,,,
Construction for Secure Operations Facility,New,W912DW,DEPT OF DEFENSE.DEPT OF THE ARMY.US ARMY CORPS OF ENGINEERS.ENDIST SEATTLE,236220,,,2026-09-15,"Washington, WA",,,,https://sam.gov/workspace/contract/opp/d2eb6c7902a241c9983bc4df106157b9/view,,,,
Facility Work at Federal Building-11,New,1240LN26R0004,"AGRICULTURE, DEPARTMENT OF.FOREST SERVICE.USDA-FS, CSA INTERMOUNTAIN 3",236220,,2026-09-22T21:00:00.000Z,2026-09-15,"Ogden, UT 84401",Small Business Set Aside - Total,,,https://sam.gov/workspace/contract/opp/fc46e55e7f0743cbb831fc48590347ca/view,,,,
Building 20 Atrium Leak Mitigation,New,127EAX26Q0107,"AGRICULTURE, DEPARTMENT OF.FOREST SERVICE.USDA-FS, CSA SOUTHWEST 7",238160,,2026-09-25T17:00:00.000Z,2026-09-15,"Ames, IA",Small Business Set Aside - Total,,,https://sam.gov/workspace/contract/opp/61fe15db4d3d4cd4884523a68d907e0c/view,,,,
Miami Gate and Annex Water repair,New,1333MF26Q0118,"COMMERCE, DEPARTMENT OF.NATIONAL OCEANIC AND ATMOSPHERIC ADMINISTRATION.DEPT OF COMMERCE NOAA",561210,,2026-09-24T22:00:00.000Z,2026-09-15,"Kansas City, MO",Small Business Set Aside - Total,,,https://sam.gov/workspace/contract/opp/e26f61075fcf428794e7c09aaec6eeb3/view,,,,
Basketball/Racquetball Court Replacement,New,FA301026C0013,DEPT OF DEFENSE.DEPT OF THE AIR FORCE.AIR EDUCATION AND TRAINING COMMAND,236220,,,2026-09-15,"Biloxi, MS 39534",Small Business Set Aside - Total,,,https://sam.gov/workspace/contract/opp/d19ff49db9384c36be1ef78d70c06ca2/view,,,,
"Renovate Building 26 for Pharmacy, Phlebotomy, and Police Department",New,36C25526C0076,"VETERANS AFFAIRS, DEPARTMENT OF.255-NETWORK CONTRACT OFFICE 15 (36C255)",236220,,,2026-09-15,,Service-Disabled Veteran-Owned Small Business (SDVOSB) Set-Aside (FAR 19.14),,,https://sam.gov/workspace/contract/opp/ccd8dde31ea44ab9be8c90c1418a8cf0/view,,,,
Notice of Intent to Award Pinon Health Center Fire Inspection System Services,New,IHS1523304_Pinon_Health_Center_Fire_Inspection_System_Services,"HEALTH AND HUMAN SERVICES, DEPARTMENT OF.INDIAN HEALTH SERVICE.NAVAJO AREA INDIAN HEALTH SVC",238210,,2026-09-30T18:00:00.000Z,2026-09-15,"Pinon, AZ",Indian Small Business Economic Enterprise,,,https://sam.gov/workspace/contract/opp/ffb78ce15d284c3c82a1dfc8b09940d7/view,,,,
Detection Sciences Testing and Applied Research (DSTAR),New,W912BU26TDSTR,DEPT OF DEFENSE.DEPT OF THE ARMY.US ARMY CORPS OF ENGINEERS.ENDIST PHILADELPHIA,236220,,2026-10-01T20:00:00.000Z,2026-09-15,"Egg Harbor City, NJ 08215",,,,https://sam.gov/workspace/contract/opp/917e9c2f510d4677b0558b05f6307328/view,,,,
Demo Mini mute sites,New,FA480326P0067,DEPT OF DEFENSE.DEPT OF THE AIR FORCE.AIR COMBAT COMMAND.FA4803 20 CONS LGCA,238910,,,2026-09-15,South Carolina,Service-Disabled Veteran-Owned Small Business (SDVOSB) Set-Aside (FAR 19.14),,,https://sam.gov/workspace/contract/opp/b2b22e8ffd8c48f3b003536c06e2a8ec/view,,,,
ScriptPro Expansion Upgrades in support of the VISN 23 VA HCS,New,36C26326C0063,"VETERANS AFFAIRS, DEPARTMENT OF.VETERANS AFFAIRS, DEPARTMENT OF.NETWORK CONTRACT OFFICE 23 (36C263)",541512,,,2026-09-15,Minnesota,,,,https://sam.gov/workspace/contract/opp/9a37946ebd1447c08626286b9d9dee49/view,,,,
Insulation Resistance Testing Services,New,W911WN26FA108,DEPT OF DEFENSE.DEPT OF THE ARMY.US ARMY CORPS OF ENGINEERS.ENDIST PITTSBURGH,238210,,,2026-09-15,"Fairmont, WV",Small Business Set Aside - Total,,,https://sam.gov/workspace/contract/opp/a4b746fccbd141aca52af27bd54557f8/view,,,,
Landscaping Services,New,W50S6U26PA014,DEPT OF DEFENSE.DEPT OF THE ARMY.NATIONAL GUARD BUREAU.JFHQ USPFO CA,561730,,,2026-09-15,"Van Nuys, CA",Service-Disabled Veteran-Owned Small Business (SDVOSB) Set-Aside (FAR 19.14),,,https://sam.gov/workspace/contract/opp/963a5a0e6e6b4bc9a0eadce16ef07130/view,,,,
UPS Circuit Relocation at NRTF Lualualei,New,N0060426Q4111,DEPT OF DEFENSE.DEPT OF THE NAVY.NAVSUP.NAVSUP GLOBAL LOGISTICS SUPPORT.NAVSUP FLC PEARL HARBOR,238210,,2026-09-22T22:00:00.000Z,2026-09-15,"Waianae, HI",Small Business Set Aside - Total,,,https://sam.gov/workspace/contract/opp/be7a05ebc82a456bb62ae76ba4bbdda4/view,,,,
The Food and Drug Administration (FDA) intends to award a sole source contract to the Reagan-Udall Foundation for the FDA (RUF) to support execution of its congressionally mandated regulatory mission across 16 project areas,New,FDASSOC136354,"HEALTH AND HUMAN SERVICES, DEPARTMENT OF.FOOD AND DRUG ADMINISTRATION.FDA NEGOTIATED CONTRACTS BRANCH",541618,,2026-09-21T17:30:00.000Z,2026-09-15,"Silver Spring, Maryland",No Set aside used,,,https://sam.gov/workspace/contract/opp/43375f32d074401ebb2bb3897fc0cad9/view,,,,
"Replace Fire Alarm System, B4213",Pass,N400857504546,DEPT OF DEFENSE.DEPT OF THE NAVY.NAVFAC.NAVFAC ATLANTIC CMD.NAVFAC MID-ATLANTIC,236220,,2026-09-24T16:00:00.000Z,2026-09-15,"Cherry Point, NC 28533",Small Business Set Aside - Total,,,https://sam.gov/workspace/contract/opp/b7b2d99108aa461ea43f95835d1b4b71/view,,,,
Fort Stewart Base Operations,New,W5168W26RA014,DEPT OF DEFENSE.DEPT OF THE ARMY.AMC.ACC.MISSION INSTALLATION CONTRACTING COMMAND.FDO SAM HOUSTON,561210,,2026-10-09T19:00:00.000Z,2026-09-15,"Fort Sam Houston, TX",Small Business Set Aside - Total,,,https://sam.gov/workspace/contract/opp/c85f83f5844c41bfb114da629b75ee26/view,,,,
Full Start-Up Commissioning of Data Center Cooling Infrastructure and UPS battery,Pass,W912HQ26S0077,DEPT OF DEFENSE.DEPT OF THE ARMY.US ARMY CORPS OF ENGINEERS.ENGINEER CENTER SUPPORT ACT HUMPHREYS,238210,,2026-09-25T22:00:00.000Z,2026-09-15,"Alexandria, VA",Small Business Set Aside - Total,,,https://sam.gov/workspace/contract/opp/e82f4955536e4882af76433d7a604f09/view,,,,
Industrial Security Support Services (IS3),New,A033281,DEPT OF DEFENSE.DEFENSE COUNTERINTELLIGENCE AND SECURITY AGENCY (DCSA),541611,,2026-09-21T22:00:00.000Z,2026-09-15,"Quantico, Virginia",Small Business Set Aside - Total,,,https://sam.gov/workspace/contract/opp/e0d7935b39cd4533b6ab352215c8f097/view,,,,
Integrated Solid Waste Management (ISWM) at JB MDL,New,FA448427D0001,DEPT OF DEFENSE.DEPT OF THE AIR FORCE.AIR MOBILITY COMMAND,562111,,,2026-09-15,New Jersey (JB MDL),No Set aside used,,,https://sam.gov/workspace/contract/opp/3edee9733ffc485f84e4fea778bfd0e3/view,,,,
FPRS NDB Security,New,12314426F0376,"AGRICULTURE, DEPARTMENT OF.USDA, DEPARTMENTAL ADMINISTRATION.USDA, OCP-POD-ACQ-MGMT-BRANCH-FTC",541512,,,2026-09-15,"Virginia, 22314",,,,https://sam.gov/workspace/contract/opp/d6efb333e7dd44f49f2d5fd723ff3e7b/view,,,,
Z--8230-D-075 PARA - RESTORE LOG CABIN WOOD,New,140P8126Q0050,"INTERIOR, DEPARTMENT OF THE.NATIONAL PARK SERVICE.PWR LAME(81000)",238320,,,2026-09-15,,,,,https://sam.gov/workspace/contract/opp/efe777e2a88140a18e79464a838cfd6c/view,,,,
USCG Base Portsmouth Chief's Mess Roof Repair,New,70Z02726PPORT0131,"HOMELAND SECURITY, DEPARTMENT OF.US COAST GUARD.BASE PORTSMOUTH(00027)",238160,,,2026-09-15,"Portsmouth, VA",Small Business Set Aside - Total,,,https://sam.gov/workspace/contract/opp/9231b54f84de413e97e44dddcf1c627d/view,,,,
"Collect and Plant Willow Cuttings in Mississippi River Pools 3, 5, and 5A",New,W912ES26QA097,DEPT OF DEFENSE.DEPT OF THE ARMY.US ARMY CORPS OF ENGINEERS.ENDIST ST PAUL,561730,,2026-09-21T16:00:00.000Z,2026-09-15,"Saint Paul, MN",Small Business Set Aside - Total,,,https://sam.gov/workspace/contract/opp/b7af646b80ff421282b403933e63a31f/view,,,,
Trade and Cargo Academy,New,W912HP27RA002,DEPT OF DEFENSE.DEPT OF THE ARMY.US ARMY CORPS OF ENGINEERS.ENDIST CHARLESTON,236220,,2026-10-13T16:00:00.000Z,2026-09-15,"North Charleston, SC",,,,https://sam.gov/workspace/contract/opp/7422399235404e3c8486544d61e2974d/view,,,,
Fort Campbell Air Traffic Control Tower,New,W912QR26RA060,DEPT OF DEFENSE.DEPT OF THE ARMY.US ARMY CORPS OF ENGINEERS.ENDIST LOUISVILLE,236220,,2026-10-01T15:00:00.000Z,2026-09-15,,,,,https://sam.gov/workspace/contract/opp/44607adf9be14f788132b4e27fe41aea/view,,,,
CANCELATION-Design Services for Elevator Lobbies & Common Spaces Modernization,New,19C02026Q0029,"STATE, DEPARTMENT OF.US EMBASSY BOGOTA",236220,,,2026-09-15,"Bogota, Colombia",No Set aside used,,,https://sam.gov/workspace/contract/opp/6db883c5635b49f1b1fcf495b66f5d07/view,,,,
RENOVATE RUNWAY CONTROL STRUCTURE B1776,New,FA309926Q0021,DEPT OF DEFENSE.DEPT OF THE AIR FORCE.AIR EDUCATION AND TRAINING COMMAND,236220,,2026-09-22T19:00:00.000Z,2026-09-15,"Laughlin AFB, TX 78843",Small Business Set Aside - Total,,,https://sam.gov/workspace/contract/opp/b409899e11dc417a9155c1b969c8c889/view,,,,
PROTECTIVE COATINGS IDIQ,New,DOIRFBO260017,"INTERIOR, DEPARTMENT OF THE.BUREAU OF RECLAMATION.LOWER COLORADO REGIONAL OFFICE",238320,,2026-10-03T00:00:00.000Z,2026-09-15,,,,,https://sam.gov/workspace/contract/opp/4d4291cb98af40179bc42b314e36ee67/view,,,,
F--KS MARAIS DES CYGNES NWR VEGETATION TRIMMING AND C,New,140FS226Q0177,"INTERIOR, DEPARTMENT OF THE.US FISH AND WILDLIFE SERVICE.FWS, SAT TEAM 2",561730,,,2026-09-15,"Falls Church, VA",,,,https://sam.gov/workspace/contract/opp/4140c9aa36974a38b7a6a866389aaf5e/view,,,,
Repair RTS Multiple Buildings,New,W50S74-26-Q-A022,DEPT OF DEFENSE.DEPT OF THE ARMY.NATIONAL GUARD BUREAU.JFHQ USPFO CA,236220,,2026-09-24T18:00:00.000Z,2026-09-15,"March ARB, CA 92518",Small Business Set Aside - Total,,,https://sam.gov/workspace/contract/opp/fde86cc7e4594f56a7d7620a4e732a73/view,,,,
S--BRCA SOLID WASTE DISPOSAL,New,140P1226Q0042,"INTERIOR, DEPARTMENT OF THE.NATIONAL PARK SERVICE.IMR INTERMOUNTAIN REGION(1200)",562111,,,2026-09-15,"Bryce, UT",,,,https://sam.gov/workspace/contract/opp/0cfbc895af044b998dfff6cd7a6a456a/view,,,,
Mixed Solid Waste Processing Machine,New,PD-33-0128,DEPT OF DEFENSE.DEPT OF THE NAVY.NAVSEA.NAVSEA WARFARE CENTER.NSWC PHILADELPHIA DIV,562111,,2026-09-22T16:00:00.000Z,2026-09-15,"Philadelphia, PA",No Set aside used,,,https://sam.gov/workspace/contract/opp/f9b4af7ae8634eae88e7f30b21ff81cd/view,,,,
Z--CA-MERCED NWR-SOLAR PANEL REPLACEMENT,New,140FC326Q0046,"INTERIOR, DEPARTMENT OF THE.US FISH AND WILDLIFE SERVICE.FWS, CONSTRUCTION A/E TEAM 3",238210,,,2026-09-15,,,,,https://sam.gov/workspace/contract/opp/ac00834a3b544063834039866e3cd7a6/view,,,,
Video Teleconferencing - 139th AW,New,W50S7G-26-Q-A021,DEPT OF DEFENSE.NATIONAL GUARD BUREAU,238210,,2026-09-21T18:00:00.000Z,2026-09-15,"Saint Joseph, MO",8(a) Set-Aside (FAR 19.8),,,,,,,
Graphics & Display Installation for the 249th EN BAT,New,W912HQ26PA061,DEPT OF DEFENSE.DEPT OF THE ARMY.US ARMY CORPS OF ENGINEERS.ENGINEER CENTER SUPPORT ACT HUMPHREYS,238320,,,2026-09-15,"Fort Belvoir, VA",Small Business Set Aside - Total,,,https://sam.gov/workspace/contract/opp/cff89b4c13fc4f0388fa20c784eaa766/view,,,,
Repair Maintenance Hangar Facility Building 253 PSTE 172022,New,W50S9526CA002,DEPT OF DEFENSE.DEPT OF THE ARMY.NATIONAL GUARD BUREAU.JFHQ USPFO SC,236220,,,2026-09-15,"Eastover, SC 29044",Small Business Set Aside - Total,,,https://sam.gov/workspace/contract/opp/90fb5ba5193f43aebaf84f1769cd6c54/view,,,,
Tuckpointing FY26,New,36C24426B0018,"VETERANS AFFAIRS, DEPARTMENT OF.244-NETWORK CONTRACT OFFICE 4 (36C244)",236220,,2026-10-15T17:00:00.000Z,2026-09-15,"Wilmington, DE 19805",Service-Disabled Veteran-Owned Small Business (SDVOSB) Set-Aside (FAR 19.14),,,https://sam.gov/workspace/contract/opp/8e29aa42317f43158870a7377d1b04e8/view,,,,
AFIT River Rock Border Solicitation,Pursuing,FA860126Q0113,DEPT OF DEFENSE.DEPT OF THE AIR FORCE.AIR FORCE MATERIEL COMMAND.AIR FORCE LIFE CYCLE MANAGEMENT CENTER,561730,,2026-09-21T17:00:00.000Z,2026-09-15,"Wright Patterson AFB, OH",Small Business Set Aside - Total,,,https://sam.gov/workspace/contract/opp/b6eaff26dfaf4fe58f52ae2793b8d929/view,,,,
USDA-ARS Tifton Roofing Remodel,Pass,12C0BA26Q0011,"AGRICULTURE, DEPARTMENT OF.RURAL HOUSING SERVICE.USDA/RD/CONTRACT OPERATIONS BRANCH",238160,,2026-09-23T20:00:00.000Z,2026-09-15,"Tifton, GA",Small Business Set Aside - Total,,,https://sam.gov/workspace/contract/opp/f583f0866711451298347e849335aa86/view,,,,
1A Bridge Conference Roof Repair,New,127EAX26Q0112,"AGRICULTURE, DEPARTMENT OF.FOREST SERVICE.USDA-FS, CSA SOUTHWEST 7",238160,,2026-09-24T20:00:00.000Z,2026-09-15,"Mandan, ND",Small Business Set Aside - Total,,,https://sam.gov/workspace/contract/opp/cd0c77ccee5d4c669bc10a70e63248d6/view,,,,
Duluth Lawn Maintenance,New,W911XK26PA011,DEPT OF DEFENSE.DEPT OF THE ARMY.US ARMY CORPS OF ENGINEERS.ENDIST DETROIT,561730,,,2026-09-15,"Duluth, MN",Small Business Set Aside - Total,,,https://sam.gov/workspace/contract/opp/c47fb3832f5d46bdadd6f29fbde1b6bc/view,,,,
US Coast Guard Air Station Savannah Generator,New,70Z03626PCHAR0032,"HOMELAND SECURITY, DEPARTMENT OF.US COAST GUARD.BASE CHARLESTON",238210,,,2026-09-15,"Savannah, GA",Small Business Set Aside - Total,,,https://sam.gov/workspace/contract/opp/a30a299516574959831187cbb4f789d8/view,,,,
SABER FY 27-32,New,FA860126R0019,DEPT OF DEFENSE.DEPT OF THE AIR FORCE.AIR FORCE MATERIEL COMMAND.AIR FORCE LIFE CYCLE MANAGEMENT CENTER,236220,,2026-10-16T19:00:00.000Z,2026-09-15,,8(a) Set-Aside (FAR 19.8),,,https://sam.gov/workspace/contract/opp/3fa148c29a4f4c998a0799e1aa4a941a/view,,,,
ORR Process and Technology Modernization (OPTM) Platform and Home,New,7571MN26Q00111,"HEALTH AND HUMAN SERVICES, DEPARTMENT OF.OFFICE OF THE ASSISTANT",541512,,2026-09-21T13:00:00.000Z,2026-09-15,"Rockville, MD",No Set aside used,,,https://sam.gov/workspace/contract/opp/c88680dbcb74442aa55bbad85ad2af62/view,,,,
100 MXG Hangar Audio System Upgrade,New,FA558726Q0066,DEPT OF DEFENSE.DEPT OF THE AIR FORCE.U.S. AIR FORCES IN EUROPE,238210,,2026-09-25T12:00:00.000Z,2026-09-15,"Mildenhall, Suffolk, UK",No Set aside used,,,https://sam.gov/workspace/contract/opp/db42835afe044a7ca808fb76198c3698/view,,,,
WY-JACKSON NFH-QRTS 18 DOOR WINDOW RPLCM,New,140FGA26R0043,"INTERIOR, DEPARTMENT OF THE.US FISH AND WILDLIFE SERVICE.FWS, GAOA",236220,,2026-09-24T12:00:00.000Z,2026-09-15,,Small Business Set Aside - Total,,,https://sam.gov/workspace/contract/opp/b5296180f8834a6d94c4a29e002f1b23/view,,,,
R--TEPS III for NRLFO Audit I,New,89233026QNR000057,"ENERGY, DEPARTMENT OF.NNSA NAVAL REACTORS LAB FLD OFFICE",541611,,,2026-09-15,,,,,https://sam.gov/workspace/contract/opp/2f7c2a19d3b44ead90ec72509db6bb5b/view,,,,
F--ND J CLARK SALYER NWR HERBICIDE APPLICATION,New,140FS226Q0168,"INTERIOR, DEPARTMENT OF THE.US FISH AND WILDLIFE SERVICE.FWS, SAT TEAM 2",561730,,,2026-09-15,,,,,https://sam.gov/workspace/contract/opp/454cf3d3f1cc404583dbaecb6682ee52/view,,,,
"60-0002 Installation, Outfitting and Integration Support",New,N64498-26-RFPREQ-PD-60-0002,DEPT OF DEFENSE.DEPT OF THE NAVY.NAVSEA.NAVSEA WARFARE CENTER.NSWC PHILADELPHIA DIV,561210,,2026-09-21T19:00:00.000Z,2026-09-15,"Philadelphia, PA",No Set aside used,,,https://sam.gov/workspace/contract/opp/d49030209d3e4e6f827c897e832ddd9d/view,,,,
National Center for Toxicological Research (NCTR) on-site facility Operations and Maintenance (O&M) support services,New,75F40126D00019,"HEALTH AND HUMAN SERVICES, DEPARTMENT OF.FOOD AND DRUG ADMINISTRATION.FDA OFFICE OF ACQ GRANT SVCS",561210,,,2026-09-15,"Jefferson, AR",Small Business Set Aside - Total,,,https://sam.gov/workspace/contract/opp/850828f35fa648b4a988ccedd8df715d/view,,,,
IIS USFS Tanbark Hazard Tree Removal,New,W9123826QA035,DEPT OF DEFENSE.DEPT OF THE ARMY.US ARMY CORPS OF ENGINEERS.ENDIST SACRAMENTO,561730,,2026-09-22T18:00:00.000Z,2026-09-15,"Riverside, CA",Small Business Set Aside - Total,,,https://sam.gov/workspace/contract/opp/486797b271e542e3b05e4ed0f2fcae7c/view,,,,
"B2A Demolition, NIST, Boulder, CO",New,1333ND26CNB190027,"COMMERCE, DEPARTMENT OF.NATIONAL INSTITUTE OF STANDARDS AND TECHNOLOGY.DEPT OF COMMERCE NIST",238910,,,2026-09-15,"Boulder, CO",Small Business Set Aside - Total,,,https://sam.gov/workspace/contract/opp/ace0a1731213406397a6416bdfd600c6/view,,,,
Barkley Dam Spillway Machinery Painting,New,W912P526BA003,DEPT OF DEFENSE.DEPT OF THE ARMY.US ARMY CORPS OF ENGINEERS.ENDIST NASHVILLE,238320,,,2026-09-15,"Kuttawa, KY",Service-Disabled Veteran-Owned Small Business (SDVOSB) Set-Aside (FAR 19.14),,,https://sam.gov/workspace/contract/opp/edcd6eb44b7643b28638824bea8347fd/view,,,,
Trademark 5 - Trademark Identification Collaboration System Maintenance,New,1333BJ26F00130001,"COMMERCE, DEPARTMENT OF.US PATENT AND TRADEMARK OFFICE",541512,,2026-10-14T04:00:00.000Z,2026-09-15,Virginia,No Set aside used,,,https://sam.gov/workspace/contract/opp/c9cee4a9d40f4ea7bfba72dae22aeadc/view,,,,
University of Florida Coordinator for Malignant Hyperthermia Research,New,75N98026Q01205,"HEALTH AND HUMAN SERVICES, DEPARTMENT OF.NATIONAL INSTITUTES OF HEALTH.NATIONAL INSTITUTES OF HEALTH OLAO",541611,,2026-09-21T13:00:00.000Z,2026-09-15,"Bethesda, Maryland",No Set aside used,,,https://sam.gov/workspace/contract/opp/47957f235f3141a2ad4b30532ad53fba/view,,,,
CRRC Facility Maintenance Services,New,36C10X26Q0091,"VETERANS AFFAIRS, DEPARTMENT OF.SAC FREDERICK (36C10X)",561210,,2026-10-02T14:00:00.000Z,2026-09-15,"Frederick, WV",Service-Disabled Veteran-Owned Small Business (SDVOSB) Set-Aside (FAR 19.14),,,https://sam.gov/workspace/contract/opp/a6a490af80a14b549464052db39e9980/view,,,,
Fort Benning Base Operations,New,W5168W26RA015,DEPT OF DEFENSE.DEPT OF THE ARMY.AMC.ACC.MISSION INSTALLATION CONTRACTING COMMAND.FDO SAM HOUSTON,561210,,2026-10-09T19:00:00.000Z,2026-09-15,"Fort Sam Houston, TX",Small Business Set Aside - Total,,,https://sam.gov/workspace/contract/opp/785bde159252484b8b99ac9a755f1132/view,,,,
N--AK-KENAI NWR-AUDIOVISUAL REPAIR,New,140FC326Q0054,"INTERIOR, DEPARTMENT OF THE.US FISH AND WILDLIFE SERVICE",238210,,2026-09-21T22:00:00.000Z,2026-09-15,Alaska,Small Business Set Aside - Total,,,,,,,
Notice of Intent - Sole Source - SOG Assessment,New,20158444,"HOMELAND SECURITY, DEPARTMENT OF.US CUSTOMS AND BORDER PROTECTION.BORDER ENFORCEMENT CONTRACTING DIVISION",541611,,2026-09-21T16:00:00.000Z,2026-09-15,"El Paso, TX",No Set aside used,,,https://sam.gov/workspace/contract/opp/f450eae979e244eab933e95a6bd8f0da/view,,,,
T--CGB-400 IMT GIS Technical Service Support,New,140R2026Q0014,"INTERIOR, DEPARTMENT OF THE.BUREAU OF RECLAMATION.MP-REGIONAL OFFICE",541611,,,2026-09-15,,,,,https://sam.gov/workspace/contract/opp/01dc222ac3a649af8aee5929fc2c163a/view,,,,
Z2DA--671-24-004 NRM Replace 2nd Floor Roof,New,36C25726B0004A0001,"VETERANS AFFAIRS, DEPARTMENT OF.257-NETWORK CONTRACT OFFICE 17 (36C257)",238160,,2026-09-29T15:00:00.000Z,2026-09-15,,,,,https://sam.gov/workspace/contract/opp/3c72072267954f7d88f640f149259965/view,,,,
"Interior Painting, Hopkinton-Everett Lakes, Hopkinton and Weare, NH",New,W912WJ26QA162,DEPT OF DEFENSE.DEPT OF THE ARMY.US ARMY CORPS OF ENGINEERS.ENDIST NEW ENGLAND,238320,,2026-09-21T21:00:00.000Z,2026-09-15,"Hopkinton, NH",Small Business Set Aside - Total,,,https://sam.gov/workspace/contract/opp/8ee22ec1e11949ecabf15c852fd6668a/view,,,,
"Design-Build (DB), B-550 Repair MCIS/Student HSG Dam Neck Annex, Naval Air Station Oceana, Virginia Beach, VA",New,N4008526R0099,DEPT OF DEFENSE.DEPT OF THE NAVY.NAVFAC.NAVFAC ATLANTIC CMD.NAVFAC MID-ATLANTIC,236220,,,2026-09-15,"Virginia Beach, VA",,,,https://sam.gov/workspace/contract/opp/7b348a2024e54241b618c77810f7ba67/view,,,,
"Facilities and Lighting Maintenance Services at Joint Base Pearl Harbor Hickam, Oahu, Hawaii",New,N6247826R2431,DEPT OF DEFENSE.DEPT OF THE NAVY.NAVFAC.NAVFAC PACIFIC CMD.NAVFAC HAWAII,561210,,2026-10-14T03:00:00.000Z,2026-09-15,"Pearl Harbor, HI",8(a) Set-Aside (FAR 19.8),,,https://sam.gov/workspace/contract/opp/9d3e3583c7a74e23b1f76b68ed08fc1a/view,,,,
Y--ND-TEWAUKON NWR-ELECTRICAL FOR RV PADS,New,140FGA26Q0062,"INTERIOR, DEPARTMENT OF THE.US FISH AND WILDLIFE SERVICE.FWS, GAOA",238210,,,2026-09-15,,,,,https://sam.gov/workspace/contract/opp/9119f239453d4088a7df6222e706cc3a/view,,,,
"Removal of Dead Ash Trees, Eau Galle Project",New,W912ES26QA104,DEPT OF DEFENSE.DEPT OF THE ARMY.US ARMY CORPS OF ENGINEERS.ENDIST ST PAUL,561730,,2026-09-28T12:00:00.000Z,2026-09-15,"Saint Paul, MN",Small Business Set Aside - Total,,,https://sam.gov/workspace/contract/opp/06dd182dab604983a99272cde9b922ac/view,,,,
Building 4E Basement Renovations,New,N0016726R0044,DEPT OF DEFENSE.DEPT OF THE NAVY.NAVSEA.NAVSEA WARFARE CENTER.NSWC CARDEROCK,236220,,2026-09-21T19:00:00.000Z,2026-09-15,"Bethesda, MD 20817",,,,https://sam.gov/workspace/contract/opp/8a688c5c898e4e6caf7a6c39f87dd145/view,,,,
MMD and HAHD Woody Debris Chipping Service (Equipment w/ Operator),New,W912DW26PA112,DEPT OF DEFENSE.DEPT OF THE ARMY.US ARMY CORPS OF ENGINEERS.ENGINEER DIVISION NORTHWESTERN.ENDIST SEATTLE,238910,,,2026-09-15,"Enumclaw, WA",Small Business Set Aside - Total,,,https://sam.gov/workspace/contract/opp/fc085d608479429685ddf0e000662a53/view,,,,
"(Title unknown - SAM.gov pagination anomaly, see coverage note)",New,33330226RT0010015,,236220,,,2026-09-15,,,,,,,,,
"Dike B Generator Installation, Mansfield Hollow Dam",New,W912WJ27QA001,DEPT OF DEFENSE.DEPT OF THE ARMY.US ARMY CORPS OF ENGINEERS,238210,,,2026-09-15,"Mansfield Center, CT",Small Business Set Aside - Total,,,,,,,
Grounds Maintenance Services – Guayama Research Station,New,1240BE26Q0099,"AGRICULTURE, DEPARTMENT OF.FOREST SERVICE.International Institute of Tropical Forestry",561730,,,2026-09-14,"Guayama, PR",Small Business Set Aside - Total,,,https://sam.gov/workspace/contract/opp/fd390fa671004351a1d96f2b1594dc6e/view,,,,
Audio/Visual Equipment and Installation,New,36C25626P1117,"VETERANS AFFAIRS, DEPARTMENT OF.VETERANS AFFAIRS, DEPARTMENT OF.256-NETWORK CONTRACT OFFICE 16 (36C256)",541512,,,2026-09-14,"Jackson, MS",Small Business Set Aside - Total,,,https://sam.gov/workspace/contract/opp/ea14cd740eb24aaebc3dbb5ae2e7249c/view,,,,
Microsoft 365 Data Migration Project,New,N6471026Q0016,DEPT OF DEFENSE.DEPT OF THE NAVY.SSP.STRATEGIC WEAPONS FAC PAC FINANCIAL,541512,,2026-09-15T00:00:00.000Z,2026-09-14,"Silverdale, WA",No Set aside used,,,https://sam.gov/workspace/contract/opp/e4ca493c0b334b3d812882f4bdc2bc4e/view,,,,
W--ID-DWORSHAK NFH-BULK SSJ,New,140FS126P0262,"INTERIOR, DEPARTMENT OF THE.US FISH AND WILDLIFE SERVICE.FWS, SAT TEAM 1",532289,,,2026-09-14,,,,,https://sam.gov/workspace/contract/opp/87dbdf5d176f448fa772559809a0efc8/view,,,,
Natchez National Cemetery Tree Pruning Cascading Evaluation,New,36C78626Q50259,"VETERANS AFFAIRS, DEPARTMENT OF.VETERANS AFFAIRS, DEPARTMENT OF.NATIONAL CEMETERY ADMIN (36C786)",561730,,2026-09-22T14:00:00.000Z,2026-09-14,"Natchez, MS",Small Business Set Aside - Total,,,https://sam.gov/workspace/contract/opp/e5081111d5e74d3ebae79926a2bc21be/view,,,,
"Electrical Rebuild, Black Rock Lake Dam",New,W912WJ26BA013,DEPT OF DEFENSE.DEPT OF THE ARMY.US ARMY CORPS OF ENGINEERS,238210,,2026-09-10T17:00:00.000Z,2026-09-14,"Concord, MA",No Set-Aside,,,https://sam.gov/workspace/contract/opp/794cff5e90d345fda17d4357a6d6faa3/view,,,,
Z2DA--620-23-206 and 620-20-105 Renovate B. 14 AB and CD,New,36C24227B0001_1,"VETERANS AFFAIRS, DEPARTMENT OF.VETERANS AFFAIRS, DEPARTMENT OF.242-NETWORK CONTRACT OFFICE 02 (36C242)",236220,,2026-10-01T14:00:00.000Z,2026-09-14,"Montrose, NY",Small Business Set Aside - Total,,,https://sam.gov/workspace/contract/opp/c7152e112a874dc58ee5799370452433/view,,,,
B1990 Facility Management Services - Solicitation,New,FA440726QTW15,DEPT OF DEFENSE.DEPT OF THE AIR FORCE.AIR MOBILITY COMMAND.FA4407 375 CONS LGC,561210,,2026-09-17T15:00:00.000Z,2026-09-14,Illinois,Small Business Set Aside - Total,,,https://sam.gov/workspace/contract/opp/823fb2aa4ee94720be716459a6d7a145/view,,,,
Fire Alarm System Upgrade at Coast Guard Island,New,31090PR260000364,"HOMELAND SECURITY, DEPARTMENT OF.US COAST GUARD.BASE ALAMEDA(00031)",238210,,2026-09-23T21:00:00.000Z,2026-09-14,"Alameda, CA",Small Business Set Aside - Total,,,https://sam.gov/workspace/contract/opp/fc733d1f107b44c1a00842263f159f95/view,,,,
"Bliss Barracks Repairs for Multiple Building(s) Fort Bliss, TX RFP",New,W912DY26RA137,DEPT OF DEFENSE.DEPT OF THE ARMY.US ARMY CORPS OF ENGINEERS.SCO ALEXANDRIA.SUPPORT CENTER HUNTSVILLE.W2V6 USA ENG SPT CTR HUNTSVIL,236220,,2026-09-24T20:00:00.000Z,2026-09-14,"Fort Bliss, TX",,,,https://sam.gov/workspace/contract/opp/83f8e21f2eef4504905abd89a6f5d20f/view,,,,
Hill AFB Snow Removal BPA,Passed,FA820127Q0002,DEPT OF DEFENSE.DEPT OF THE AIR FORCE.AIR FORCE MATERIEL COMMAND.AIR FORCE SUSTAINMENT CENTER.FA8201 AFSC OL H PZIO,561730,,2026-10-05T20:00:00.000Z,2026-09-14,Utah,,,,https://sam.gov/workspace/contract/opp/9f8003ffc1274a67a5c9d3806570d577/view,,,,
SEWARD PENINSULA STRUCTURE & EQUIP REMOV,New,140L6326Q0023,"INTERIOR, DEPARTMENT OF THE.BUREAU OF LAND MANAGEMENT.ALASKA STATE OFFICE",238910,,2026-09-18T23:00:00.000Z,2026-09-14,,Small Business Set Aside - Total,,,https://sam.gov/workspace/contract/opp/af25f058b97f4bf297814ebd16a78227/view,,,,
"Business Operations Support Services Fort Benning, GA AMENDMENT 1",New,W911SF26RA009,DEPT OF DEFENSE.DEPT OF THE ARMY.AMC.ACC.MISSION INSTALLATION CONTRACTING COMMAND.FDO EUSTIS.W6QM MICC-FT BENNING,541611,,2026-09-30T14:00:00.000Z,2026-09-14,"Fort Benning, GA",Service-Disabled Veteran-Owned Small Business (SDVOSB) Set-Aside (FAR 19.14),,,https://sam.gov/workspace/contract/opp/65f353619fca4f628a1d1a46a2c3c74c/view,,,,
JACE - Supervisory Controller Upgrade and Installation,New,N4425526R0006,DEPT OF DEFENSE.DEPT OF THE NAVY.NAVFAC.NAVFAC PACIFIC CMD.NAVFAC NW.N44255,238210,,2026-09-18T21:00:00.000Z,2026-09-14,"Silverdale, WA",Small Business Set Aside - Total,,,https://sam.gov/workspace/contract/opp/9224b14711c3418a84c011e946b884be/view,,,,
ITW/AA IV,New,FA460026C0009_JA,DEPT OF DEFENSE.DEPT OF THE AIR FORCE.AIR COMBAT COMMAND.FA4600 55 CONS PKP,541512,,,2026-09-14,Nebraska,,,,https://sam.gov/workspace/contract/opp/70426ba39af74a0288d6d3a55151ffae/view,,,,
"COLLECTION AND DISPOSAL OF SOLID WASTE BAGS AT MARINE CORPS INSTALLATIONS PACIFIC (MCIPAC), OKINAWA, JAPAN (Award)",New,N4008426P2002,DEPT OF DEFENSE.DEPT OF THE NAVY.NAVFAC.NAVFAC PACIFIC CMD.NAVFAC FAR EAST.NAVFACSYSCOM FAR EAST,562111,,,2026-09-14,"Okinawa, Japan",No Set aside used,,,https://sam.gov/workspace/contract/opp/27060cc90bc545a5bfc8a16a3deb9c76/view,,,,
Mass Notification System Kenwood Radio - Niagara Falls ARS Solicitation,New,FA667026Q0017,DEPT OF DEFENSE.DEPT OF THE AIR FORCE.AIR FORCE RESERVE COMMAND.FA6670 914 AW LGC,238210,,2026-09-23T17:00:00.000Z,2026-09-14,"Niagara Falls, NY",,,,https://sam.gov/workspace/contract/opp/9421151f62ad4247babc3e881660398a/view,,,,
Over the Horizon Radar (OTHR) Infrastructure,New,W912DQ279A001,DEPT OF DEFENSE.DEPT OF THE ARMY.US ARMY CORPS OF ENGINEERS.ENGINEER DIVISION NORTHWESTERN.ENDIST KANSAS CITY.W071 ENDIST KANSAS CITY,236220,,2026-09-25T07:00:00.000Z,2026-09-14,"Multiple simultaneous locations, Oregon",No Set aside used,,,https://sam.gov/workspace/contract/opp/cfdd172e34854a699ce2eadc331d3b95/view,,,,
"Design-Bid-Build Construction of a Collective Enlisted Training Barracks at Devens Reserve Forces Training Area (DRFTA), MA",New,W912QR26CA032,DEPT OF DEFENSE.DEPT OF THE ARMY.US ARMY CORPS OF ENGINEERS.ENGINEER DIVISION GREAT LAKES AND OHIO.ENDIST LOUISVILLE.W072 ENDIST LOUISVILLE,236220,,,2026-09-14,Massachusetts,No Set aside used,,,https://sam.gov/workspace/contract/opp/7bd0f900e78e45489328ecb446852020/view,,,,
DLA Disposition Services Ft. Bragg Lawn Maintenance Services,New,SP451026Q1041,DEPT OF DEFENSE.DEFENSE LOGISTICS AGENCY.DLA DISPOSITION SERVICES.DLA DISPOSITION SERVICES - EBS,561730,,2026-09-16T21:00:00.000Z,2026-09-14,"Fort Bragg, NC",Small Business Set Aside - Total,,,https://sam.gov/workspace/contract/opp/784d242f4ad74cd5a46b9be1d3e7aa8e/view,,,,
"Z2DA--618-CSI-240, SPS Equipment Site Prep 36C263-26-AP-1525 - FY26 NRM OS",New,36C26326R0056,"VETERANS AFFAIRS, DEPARTMENT OF.VETERANS AFFAIRS, DEPARTMENT OF.NETWORK CONTRACT OFFICE 23 (36C263)",236220,,,2026-09-14,"Minneapolis, MN",Service-Disabled Veteran-Owned Small Business (SDVOSB) Set-Aside (FAR 19.14),,,https://sam.gov/workspace/contract/opp/ebfba4be70dd4a50b53f02d781f5a4a9/view,,,,
RPO-E Acquisition Support Services,New,36C24726F0325,"VETERANS AFFAIRS, DEPARTMENT OF.VETERANS AFFAIRS, DEPARTMENT OF.247-NETWORK CONTRACT OFFICE 7 (36C247)",541611,,,2026-09-14,,,,,https://sam.gov/workspace/contract/opp/24bdc0ff41e4468d98d0d70c04e4b165/view,,,,
R--OCC Stablecoin Consultant Services,New,2031JW26C00009,"TREASURY, DEPARTMENT OF THE.OFFICE OF THE COMPTROLLER OF THE CURRENCY.COMPTROLLER OF CURRENCY ACQS",541611,,,2026-09-14,"Burlington, MA",,,,https://sam.gov/workspace/contract/opp/2674936225c94fc9b4b5a62b75da7442/view,,,,
BASE ACCESS REPAIR REFRESH,New,W50S6R26Q5022,DEPT OF DEFENSE.DEPT OF THE ARMY.NATIONAL GUARD BUREAU.JFHQ USPFO AZ.USPFO AZ PROCUREMENT.W7MV USPFO ACTIVITY AZANG 161,236220,,2026-09-17T17:00:00.000Z,2026-09-14,"Phoenix, AZ",Small Business Set Aside - Total,,,https://sam.gov/workspace/contract/opp/de75d878fd3c4d5ba98c6c8f9f98ca3a/view,,,,
Special Notice For Space Systems Command Strategic Services Vehicle (SSSV) Program,New,RFI1831505,DEPT OF DEFENSE.DEPT OF THE AIR FORCE.FA8802 INTEGRATION OPERATION PIKPKE,541611,,2026-12-18T01:00:00.000Z,2026-09-14,"Los Angeles, CA",SBA Certified Women-Owned Small Business (WOSB) Program Set-Aside (FAR 19.15),,,https://sam.gov/workspace/contract/opp/32c1f4ca5e1140bc927d9135a46ca233/view,,,,
NACE REPAIR TERMITE DAMAGE FOWA,New,140P3026Q0045,"INTERIOR, DEPARTMENT OF THE.NATIONAL PARK SERVICE.WASHINGTON CONTRACTING OFFICE",236220,,2026-09-23T20:00:00.000Z,2026-09-14,,Small Business Set Aside - Total,,,https://sam.gov/workspace/contract/opp/dbc605c40b9744a6852c81b8c6d4de17/view,,,,
"Notice of Intent to Sole Source – HHS Modernization Discovery, Prototyping, and Implementation Planning",New,FY26-ASA,"HEALTH AND HUMAN SERVICES, DEPARTMENT OF.OFFICE OF THE ASSISTANT SECRETARY FOR ADMINISTRATION (ASA)",541512,,2026-09-15T20:00:00.000Z,2026-09-14,"Washington, DC",,,,https://sam.gov/workspace/contract/opp/00f4df4e491e44328147405a9df1e276/view,,,,
Blueberry Greenhouse Demolition and Construction,New,123SA26Q1001,"AGRICULTURE, DEPARTMENT OF.AGRICULTURAL RESEARCH SERVICE.USDA ARS AFM APD",236220,,2026-09-17T21:00:00.000Z,2026-09-14,"Chatsworth, NJ",Small Business Set Aside - Total,,,https://sam.gov/workspace/contract/opp/9414ad86de7a499db218bf41e90eb732/view,,,,
"Electrical System Repair, Switchgear Replacement 2.0",New,127EAW26P0040,"AGRICULTURE, DEPARTMENT OF.FOREST SERVICE.USDA-FS, CSA SOUTHWEST 6",238210,,,2026-09-14,California,Small Business Set Aside - Total,,,https://sam.gov/workspace/contract/opp/3ecc8c3e8b70439e9ff750e83afb64b3/view,,,,
W912DY26RA030 OFFICIAL SOLICITATION AMENDMENT 2 FOR UTILITY MONITORING AND CONTROL SYSTEMS VI,New,W912DY26RA030,DEPT OF DEFENSE.DEPT OF THE ARMY.US ARMY CORPS OF ENGINEERS.SCO ALEXANDRIA.SUPPORT CENTER HUNTSVILLE.W2V6 USA ENG SPT CTR HUNTSVIL,541512,,2026-09-17T18:00:00.000Z,2026-09-14,,,,,https://sam.gov/workspace/contract/opp/519fe220d41e46139b175480e810d5f9/view,,,,
MSANG CRTC 125kW Generator and ATS,New,W50S7K26QA010,DEPT OF DEFENSE.DEPT OF THE ARMY.NATIONAL GUARD BUREAU.JFHQ USPFO MS.USPFO MS PROCUREMENT.W7NH USPFO ACTIVITY MSANG CRTC,238210,,2026-09-21T18:00:00.000Z,2026-09-14,"Gulfport, MS",Small Business Set Aside - Total,,,https://sam.gov/workspace/contract/opp/864feb661e1640d9854a410595b58c7e/view,,,,
Request for Information - FEMA Public-Assistance Technical Assistance (PA-TAC) VI Contract,New,FEMA-RFI(PA-TAC-VI),"HOMELAND SECURITY, DEPARTMENT OF.FEDERAL EMERGENCY MANAGEMENT AGENCY.COMMUNITY SURVIVOR ASSISTANCE SEC",541611,,,2026-09-14,,,,,https://sam.gov/workspace/contract/opp/c1d31687ddc048f0ba56fe6f23c1f47c/view,,,,
Grounds Maintenance Tree Service,New,F2X3CE6233AQ01,DEPT OF DEFENSE.DEPT OF THE AIR FORCE.AIR EDUCATION AND TRAINING COMMAND.FA3300 42 CONS CC,561730,,2026-09-21T17:00:00.000Z,2026-09-14,"Montgomery, AL",Small Business Set Aside - Total,,,https://sam.gov/workspace/contract/opp/6ae61909e3d24a72806af27c50f1e881/view,,,,
"Flight Simulator Facility, Dyess AFB-OT Feasibility & Business Feedback",New,W9126G27R1CK3,DEPT OF DEFENSE.DEPT OF THE ARMY.US ARMY CORPS OF ENGINEERS.ENGINEER DIVISION SOUTHWESTERN.ENDIST FT WORTH.W076 ENDIST FT WORTH,236220,,2026-10-02T19:00:00.000Z,2026-09-14,"Dyess AFB, TX",No Set aside used,,,https://sam.gov/workspace/contract/opp/e7d35de43c674970b9f9a6a1daf9582d/view,,,,
Z2LZ--Design Build to Install Parking Shades and Parking Lot Reconfiguration Project 593-26-306,New,36C26126R0055_2,"VETERANS AFFAIRS, DEPARTMENT OF.VETERANS AFFAIRS, DEPARTMENT OF.261-NETWORK CONTRACT OFFICE 21 (36C261)",236220,,2026-10-15T21:00:00.000Z,2026-09-14,"Nevada, NV",Service-Disabled Veteran-Owned Small Business (SDVOSB) Set-Aside (FAR 19.14),,,https://sam.gov/workspace/contract/opp/8bffc3f0d6c44a8bbdfe13d699bd3dde/view,,,,
"MCB Camp Pendleton, CA Industrialized Construction Projects for Barracks via Other Transaction Authority (10 USC 2808a)",New,N6247326R0072,DEPT OF DEFENSE.DEPT OF THE NAVY.NAVFAC.NAVFACSYSCOM,236220,,2026-10-01T18:00:00.000Z,2026-09-14,"San Diego, CA",,,,https://sam.gov/workspace/contract/opp/9b33303c1a78498aa22d7ef6a27d207f/view,,,,
Notice of Intent to sole source- Biological Drain Treatment Service,New,FA441926Q0059,DEPT OF DEFENSE.DEPT OF THE AIR FORCE.AIR EDUCATION AND TRAINING COMMAND.FA4419 97 CONF CC,561210,,2026-09-21T17:30:00.000Z,2026-09-14,"Altus, OK",Small Business Set Aside - Total,,,https://sam.gov/workspace/contract/opp/3791077c0bcc44558a58bf78ec603171/view,,,,
Y1DZ--620-23-205 Mission Critical Roofs Phase II,New,36C24226B0051,"VETERANS AFFAIRS, DEPARTMENT OF.VETERANS AFFAIRS, DEPARTMENT OF.242-NETWORK CONTRACT OFFICE 02 (36C242)",236220,,2026-05-15T13:45:00.000Z,2026-09-14,"Montrose, NY",Service-Disabled Veteran-Owned Small Business (SDVOSB) Set-Aside (FAR 19.14),,,https://sam.gov/workspace/contract/opp/d4d2e2a55de949219592099ae4d9abe3/view,,,,
Wall Painting Services,New,FA480126P0053,DEPT OF DEFENSE.DEPT OF THE AIR FORCE.AIR COMBAT COMMAND.FA4801 49 CONS PK,238320,,,2026-09-14,"Holloman Air Force Base, NM",Small Business Set Aside - Total,,,https://sam.gov/workspace/contract/opp/81dda71ed8ba41a5bfdeab45aa2800d0/view,,,,
CON | Z1DA | REPLACE OR CHILLERS | 580-23-105 | SOURCES SOUGHT,New,36C25626Q1339,"VETERANS AFFAIRS, DEPARTMENT OF.VETERANS AFFAIRS, DEPARTMENT OF.256-NETWORK CONTRACT OFFICE 16 (36C256)",236220,,2026-09-25T15:00:00.000Z,2026-09-14,"Houston, TX",Service-Disabled Veteran-Owned Small Business (SDVOSB) Set-Aside (FAR 19.14),,,https://sam.gov/workspace/contract/opp/af69a707981f4c46aadd73c698b3d70d/view,,,,
Z2DZ--Replace Failed Roofing B31 SPS Addition 538-26-202,New,36C25026B0034,"VETERANS AFFAIRS, DEPARTMENT OF.VETERANS AFFAIRS, DEPARTMENT OF.250-NETWORK CONTRACT OFFICE 10 (36C250)",238160,,,2026-09-14,"Chillicothe, OH",Service-Disabled Veteran-Owned Small Business (SDVOSB) Set-Aside (FAR 19.14),,,https://sam.gov/workspace/contract/opp/d67f5c5dfd7a4e2388aa481d54e3753d/view,,,,
Building 93 Renovation,New,70LGLY26RSSB00037,"HOMELAND SECURITY, DEPARTMENT OF.FEDERAL LAW ENFORCEMENT TRAINING CENTER.FLETC GLYNCO PROCUREMENT OFFICE",236220,,2026-09-17T15:00:00.000Z,2026-09-14,"Brunswick, GA",Small Business Set Aside - Total,,,https://sam.gov/workspace/contract/opp/9d423b9af8ea46d29dbb5ce5dae59e24/view,,,,
"Grounds Maintenance/Snow Removal Services, BP Station, Swanton, VT",New,70B03C26P00000271,"HOMELAND SECURITY, DEPARTMENT OF.US CUSTOMS AND BORDER PROTECTION.BORDER ENFORCEMENT CONTRACTING DIVISION",561730,,,2026-09-14,"Highgate Center, VT",Small Business Set Aside - Total,,,https://sam.gov/workspace/contract/opp/22cb4ef7494d4c56948b907f9a67431c/view,,,,
Industry Day - Space Force Operations Centers - Various Locations,Passed,W9128F26SM026,DEPT OF DEFENSE.DEPT OF THE ARMY.US ARMY CORPS OF ENGINEERS.ENGINEER DIVISION NORTHWESTERN.ENDIST OMAHA.W071 ENDIST OMAHA,236220,,2026-10-15T19:00:00.000Z,2026-09-14,,,,,https://sam.gov/workspace/contract/opp/d36604dc365c415caff53f8871f29864/view,,,,
"Replace Radar Generator, B2021",New,FA302226C0009,DEPT OF DEFENSE.DEPT OF THE AIR FORCE.AIR EDUCATION AND TRAINING COMMAND.FA3022 14 CONS LGCA,236220,,,2026-09-14,"Columbus, MS",Small Business Set Aside - Total,,,https://sam.gov/workspace/contract/opp/87c1c8b7edfa4d89ba5fa7a9ccebf26c/view,,,,
C--MAIN ENTRANCE REDESIGN SIPI,New,140A2326R0041,"INTERIOR, DEPARTMENT OF THE.BUREAU OF INDIAN AFFAIRS.INDIAN EDUCATION ACQUISITION OFFICE",236220,,2026-09-21T21:00:00.000Z,2026-09-14,,,,,https://sam.gov/workspace/contract/opp/d528d9e9c16c4f5bb097edfc5e8375d5/view,,,,
Justification for Exception to Fair Opportunity - Restricted Area Maintenance Support (RAMS),New,FA2543-26-1234,DEPT OF DEFENSE.DEPT OF THE AIR FORCE.FA2543 460 CONS,561210,,,2026-09-14,"Aurora, CO",,,,https://sam.gov/workspace/contract/opp/ec1f8e7e86d44abda5e6fb2e9d906cad/view,,,,
"Maintenance, Inspection and Testing of Electrical Power",New,36C25526Q0501,"VETERANS AFFAIRS, DEPARTMENT OF.VETERANS AFFAIRS, DEPARTMENT OF.255-NETWORK CONTRACT OFFICE 15 (36C255)",238210,,2026-09-15T14:00:00.000Z,2026-09-14,"Columbia, MO",Service-Disabled Veteran-Owned Small Business (SDVOSB) Set-Aside (FAR 19.14),,,https://sam.gov/workspace/contract/opp/aeb01ca22307442da6d831c7926b7fbc/view,,,,
CANCELLATION OF SOLICITATION NOTICE: 191N6026Q0006-PR16144890 - U.S.-India Technology Cooperation for Innovation growth workshop series,New,191N6026Q0006-PR16144890(1),"STATE, DEPARTMENT OF.STATE, DEPARTMENT OF.AMERICAN CONSULATE CHENNAI",541611,,2026-09-11T09:30:00.000Z,2026-09-14,"Chennai, India",No Set aside used,,,https://sam.gov/workspace/contract/opp/a81df8fd4c5f45fa951677bb05122655/view,,,,
"COLLECTION AND DISPOSAL OF SOLID WASTE BAGS AT MARINE CORPS INSTALLATIONS PACIFIC (MCIPAC), OKINAWA, JAPAN",New,N4008426Q2300,DEPT OF DEFENSE.DEPT OF THE NAVY.NAVFAC.NAVFAC PACIFIC CMD.NAVFAC FAR EAST.NAVFACSYSCOM FAR EAST,562111,,2026-08-12T01:00:00.000Z,2026-09-14,"Okinawa, Japan",No Set aside used,,,https://sam.gov/workspace/contract/opp/8c5cda5b5d084457b3ef3392bcc51566/view,,,,
FEMA Region VI: Planar Video Wall Installation,New,70FBR626Q00000043,"HOMELAND SECURITY, DEPARTMENT OF.FEDERAL EMERGENCY MANAGEMENT AGENCY.REGION 6",238210,,2026-09-22T16:00:00.000Z,2026-09-14,"Denton, TX",Small Business Set Aside - Total,,,https://sam.gov/workspace/contract/opp/df7d5ecfb2f34458b61a8a088e0ddb6a/view,,,,
Provide Overhead Protection from Spalling Concrete,New,N400857570886,DEPT OF DEFENSE.DEPT OF THE NAVY.NAVFAC.NAVFAC ATLANTIC CMD.NAVFAC MID-ATLANTIC.NAVFACSYSCOM MID-ATLANTIC,236220,,2026-09-15T16:00:00.000Z,2026-09-14,"Cherry Point, NC",,,,https://sam.gov/workspace/contract/opp/8ecb35cdb2514590a986fc0f54993de1/view,,,,
Z--CON PAINTING OF EXTERIOR BUILDING # 405,New,140A2326Q0221,"INTERIOR, DEPARTMENT OF THE.BUREAU OF INDIAN AFFAIRS.SCHOOL OPERATIONS",238320,,,2026-09-14,,,,,https://sam.gov/workspace/contract/opp/f460bd7dda9b4b26a679c23257cfa549/view,,,,
Community Reentry Network,New,15BNAS26R00000020,"JUSTICE, DEPARTMENT OF.FEDERAL PRISON SYSTEM / BUREAU OF PRISONS.NATIONAL ACQUISITIONS - CO",541611,,2026-09-14T16:00:00.000Z,2026-09-14,"Washington, DC",Small Business Set Aside - Total,,,https://sam.gov/workspace/contract/opp/5d0c69e69c26491ba9510996349cc440/view,,,,
"Base Operations Support Contract (BOSC) for Naval Air Weapons Station (NAWS) China Lake, California and Other Locations as Approved",New,N6247326R9953,DEPT OF DEFENSE.DEPT OF THE NAVY.NAVFAC.NAVFAC PACIFIC CMD.NAVFAC SW.N62473,561210,,2026-11-12T22:00:00.000Z,2026-09-14,,Small Business Set Aside - Total,,,https://sam.gov/workspace/contract/opp/50e34c8c760445fda1ec7ed600bb6312/view,,,,
LD3 Tree Removal,Passed,W912ES26QA102,DEPT OF DEFENSE.DEPT OF THE ARMY.US ARMY CORPS OF ENGINEERS.ENGINEER DIVISION MISSISSIPPI VALLEY.ENDIST ST PAUL.W07V ENDIST ST PAUL,561730,,2026-09-23T22:30:00.000Z,2026-09-14,,Small Business Set Aside - Total,,,https://sam.gov/workspace/contract/opp/7084b3f7042f42778dbe7ac143d62fd8/view,,,,
"Supply and Install Greenhouse Evaporative Cooling System, Stoneville, Mississippi",New,1232SA26Q1000,"AGRICULTURE, DEPARTMENT OF.AGRICULTURAL RESEARCH SERVICE.USDA ARS AFM APD",238210,,2026-09-15T18:00:00.000Z,2026-09-14,"Stoneville, MS",Small Business Set Aside - Total,,,https://sam.gov/workspace/contract/opp/2d1f73b93b27446ab0055c07883657c8/view,,,,
Maine Air National Guard Fuel Cell Hangar Construction,New,W50S8326BA001,DEPT OF DEFENSE.DEPT OF THE ARMY.NATIONAL GUARD BUREAU.JFHQ USPFO ME.USPFO ME PROCUREMENT.W7NC USPFO ACTIVITY MEANG 101,236220,,2026-07-28T14:00:00.000Z,2026-09-14,"Bangor, ME",Small Business Set Aside - Total,,,https://sam.gov/workspace/contract/opp/e928294bfd384088b771b78f41b093c1/view,,,,
BEQ M400 Area Paint-Flooring Repairs,New,N4008526R9054,DEPT OF DEFENSE.DEPT OF THE NAVY.NAVFAC.NAVFAC ATLANTIC CMD.NAVFAC MID-ATLANTIC.NAVFACSYSCOM MID-ATLANTIC,236220,,,2026-09-14,"Camp Lejeune, NC",Small Business Set Aside - Total,,,https://sam.gov/workspace/contract/opp/deab6f2110144e7bb45b6cf74a8794e7/view,,,,
Bronx EUL Development Opportunity Sources Sought,New,36C77626Q0277,"VETERANS AFFAIRS, DEPARTMENT OF.VETERANS AFFAIRS, DEPARTMENT OF.PCAC (36C776)",541611,,2026-11-10T17:00:00.000Z,2026-09-14,,,,,https://sam.gov/workspace/contract/opp/e30356ba92c3434997c7780d09a7ef61/view,,,,
"Risk Management, Financial Analysis and Administrative Support Services",New,47QACA26R0306,GENERAL SERVICES ADMINISTRATION.PUBLIC BUILDINGS SERVICE.PBS R4 (AMD) ACQUISITION MGMT DIVISION,541611,,2026-09-21T14:00:00.000Z,2026-09-14,"Washington, DC",SBA Certified Women-Owned Small Business (WOSB) Program Sole Source (FAR 19.15),,,https://sam.gov/workspace/contract/opp/cbc80cfd0eb143fc8673c5ef4ca1e461/view,,,,
Replace NPS Dorms Locksets,New,FA301026C0010,DEPT OF DEFENSE.DEPT OF THE AIR FORCE.AIR EDUCATION AND TRAINING COMMAND.FA3010 81 CONS CC,238210,,,2026-09-14,"Biloxi, MS",Service-Disabled Veteran-Owned Small Business (SDVOSB) Set-Aside (FAR 19.14),,,https://sam.gov/workspace/contract/opp/c629048ca1174b3abda8fe897a7fd148/view,,,,
Contractor Business Operations Support Services for USCG FSC,New,70Z02326F80000004,"HOMELAND SECURITY, DEPARTMENT OF.US COAST GUARD.HQ CONTRACT OPERATIONS (CG-912)(000",541611,,,2026-09-14,"Chesapeake, VA",,,,https://sam.gov/workspace/contract/opp/7b6c612f2efe4cb1a2a589ab4f83496f/view,,,,
1333ND26QNB190466-RFQ Electrical Maintenance Services,New,1333ND26QNB190466,"COMMERCE, DEPARTMENT OF.NATIONAL INSTITUTE OF STANDARDS AND TECHNOLOGY.DEPT OF COMMERCE NIST",238210,,2026-09-21T17:00:00.000Z,2026-09-14,"Gaithersburg, MD",,,,https://sam.gov/workspace/contract/opp/600edfa4a7974978b7c1464a97b34b5f/view,,,,
P--Demolition dumpster services for Great Swamp NWR,New,140FS326Q0073,"INTERIOR, DEPARTMENT OF THE.US FISH AND WILDLIFE SERVICE.FWS SAT TEAM 3",562111,,,2026-09-14,,,,,https://sam.gov/workspace/contract/opp/6287e1c7c51941a7ad719dc65c0c5708/view,,,,
SATCOM Milstar Building Maintenance and Repair,New,FA460026Q0101,DEPT OF DEFENSE.DEPT OF THE AIR FORCE.AIR COMBAT COMMAND.FA4600 55 CONS PKP,561210,,2026-09-15T14:00:00.000Z,2026-09-14,Nebraska,Small Business Set Aside - Total,,,https://sam.gov/workspace/contract/opp/22b56aef500e4f2b8e112dfee3e97dde/view,,,,
Wake Island Fiber Installation from Marina to VORTAC,New,FA521526Q0041,DEPT OF DEFENSE.DEPT OF THE AIR FORCE.PACIFIC AIR FORCES.FA5215 766 ESS PKP,238210,,2026-09-18T01:00:00.000Z,2026-09-14,Hawaii,Small Business Set Aside - Total,,,https://sam.gov/workspace/contract/opp/59153769a29943858e227185537f8859/view,,,,
OSP FOC (Fiber Optic) Installation,New,FA251726Q0042,DEPT OF DEFENSE.DEPT OF THE AIR FORCE.FA2517 21 CONS BLDG 350,238210,,2026-09-17T14:00:00.000Z,2026-09-14,"Colorado Springs, CO",Small Business Set Aside - Total,,,https://sam.gov/workspace/contract/opp/9f728dc109a14fe496cd9babc43b5b04/view,,,,
Generator IDIQ,New,1232SA26Q1346,"AGRICULTURE, DEPARTMENT OF.AGRICULTURAL RESEARCH SERVICE.USDA ARS AFM APD",561210,,2026-09-21T21:00:00.000Z,2026-09-14,"Beltsville, MD",Small Business Set Aside - Total,,,https://sam.gov/workspace/contract/opp/994636cc2b67444584a08b8d844399ec/view,,,,
"Furnace and Mini-Split Replacement, Klingerstown, Pennsylvania",New,1232SA26Q0986,"AGRICULTURE, DEPARTMENT OF.AGRICULTURAL RESEARCH SERVICE.USDA ARS AFM APD",561210,,2026-09-16T18:00:00.000Z,2026-09-14,"Klingerstown, PA",Small Business Set Aside - Total,,,https://sam.gov/workspace/contract/opp/2b0d810f6a8147299b0e97b53036404e/view,,,,
Procure and Install a Generator Building 125,New,FA671226Q0015,DEPT OF DEFENSE.DEPT OF THE AIR FORCE.AIR FORCE RESERVE COMMAND.FA6712 911 AW LGC,238210,,2026-09-17T14:00:00.000Z,2026-09-14,,Small Business Set Aside - Total,,,https://sam.gov/workspace/contract/opp/90f6e4b6566f4b80bc72e6d69deb1280/view,,,,
"Barillas Peak & Encino Vista Lookout Tower Restoration, Santa Fe NF",New,127EAX26Q0069,"AGRICULTURE, DEPARTMENT OF.FOREST SERVICE.USDA-FS, CSA SOUTHWEST 7",236220,,2026-10-12T21:00:00.000Z,2026-09-14,"Santa Fe, NM",Small Business Set Aside - Total,,,https://sam.gov/workspace/contract/opp/cec5df771372491ba00af1e90f9dd962/view,,,,
FY26 National Defense University (NDU) Building 62 Roof Replacement,New,W912DY26RA141,DEPT OF DEFENSE.DEPT OF THE ARMY.US ARMY CORPS OF ENGINEERS.SCO ALEXANDRIA.SUPPORT CENTER HUNTSVILLE.W2V6 USA ENG SPT CTR HUNTSVIL,236220,,2026-09-11T21:00:00.000Z,2026-09-14,"Washington, DC",,,,https://sam.gov/workspace/contract/opp/acb00871518640518c564f2334caafdb/view,,,,
Request for Quotes: Independent Condition Assessment of Solar PV Systems Non-Personal Services,New,W912LR26QA040,DEPT OF DEFENSE.DEPT OF THE ARMY.NATIONAL GUARD BUREAU.JFHQ USPFO PR.USPFO PR PROCUREMENT.W7PA USPFO ACTIVITY PR ARNG,561210,,2026-09-16T20:00:00.000Z,2026-09-14,"Salinas, PR",Small Business Set Aside - Total,,,https://sam.gov/workspace/contract/opp/3d9b84258475455aa43711e7149a0abd/view,,,,
Full-Service Holiday Lights Display,New,FA481427,DEPT OF DEFENSE.DEPT OF THE AIR FORCE.AIR MOBILITY COMMAND.FA4814 6 CONS PK,238210,,2026-09-21T13:00:00.000Z,2026-09-14,"Tampa, FL",,,,https://sam.gov/workspace/contract/opp/666476b333f84801bf1fb7ca91a35ba0/view,,,,
"IDIQ 8(A), DB/DBB GENERAL CONSTRUCTION AND REPAIR/RENOVATION, PUBLIC WORKS DEPARTMENT (PWD) OCEANA, AOR",New,N4008526D0072,DEPT OF DEFENSE.DEPT OF THE NAVY.NAVFAC.NAVFAC ATLANTIC CMD.NAVFAC MID-ATLANTIC.NAVFACSYSCOM MID-ATLANTIC,236220,,,2026-09-14,,8(a) Sole Source (FAR 19.8),,,https://sam.gov/workspace/contract/opp/c8e5ac2bd0844dc8975d9b59ac58c6ed/view,,,,
"PN: 438-21-403, Renovate First Floor Kitchen (SF)",New,36C26326B0020,"VETERANS AFFAIRS, DEPARTMENT OF.VETERANS AFFAIRS, DEPARTMENT OF.NETWORK CONTRACT OFFICE 23 (36C263)",236220,,2026-10-20T18:00:00.000Z,2026-09-14,"Sioux Falls, SD",Service-Disabled Veteran-Owned Small Business (SDVOSB) Set-Aside (FAR 19.14),,,https://sam.gov/workspace/contract/opp/c6dd53ac4a6240c7864d91198fdf58d6/view,,,,
"Job Order Contract(JOC) at Fort Polk, Louisiana",New,W5168W-27-X-POLK,DEPT OF DEFENSE.DEPT OF THE ARMY.AMC.ACC.MISSION INSTALLATION CONTRACTING COMMAND.FDO SAM HOUSTON.W6QM MICC-FDO FT SAM HOUSTON,236220,,2025-07-28T18:00:00.000Z,2026-09-14,"Fort Polk, LA",Small Business Set Aside - Total,,,https://sam.gov/workspace/contract/opp/d711f4c591e6437d8ae35ccacc1ee33c/view,,,,
ANZALDUAS DAM STORAGE BUILDING CONVERSION TO SECURITY OFFICE WITH EMERGENCY GENERATOR,New,,INTERNATIONAL BOUNDARY AND WATER COMMISSION: US-MEXICO,236220,,,2026-09-14,"Mercedes, TX",No Set aside used,,,https://sam.gov/workspace/contract/opp/aea5f1ac57804ab989c3cd74a423cabe/view,,,,
2026 SABER IDIQ (Simplified Acquisition of Base Engineering Requirements),New,FA667026Q0015,DEPT OF DEFENSE.DEPT OF THE AIR FORCE.AIR FORCE RESERVE COMMAND.FA6670 914 AW LGC,236220,,2026-09-17T17:00:00.000Z,2026-09-14,"Niagara Falls, NY",Service-Disabled Veteran-Owned Small Business (SDVOSB) Set-Aside (FAR 19.14),,,https://sam.gov/workspace/contract/opp/4871181e002742f6b12fda70c8892518/view,,,,
Cutting of general vegetation and trees to create the required firebreaks,New,70FBR926Q00000032,"HOMELAND SECURITY, DEPARTMENT OF.FEDERAL EMERGENCY MANAGEMENT AGENCY.FEMA",561730,,2026-09-14T23:00:00.000Z,2026-09-14,"Lahaina, HI",Small Business Set Aside - Total,,,https://sam.gov/workspace/contract/opp/fbacc954ed1041418b3e029882f9bf62/view,,,,
RAPID (Robins Agile Practices for Infrastructure Development) at Robins AFB,New,RAPID-FY27,DEPT OF DEFENSE.DEPT OF THE AIR FORCE,236220,,2026-09-16T20:00:00.000Z,2026-09-14,"Warner Robins, GA",No Set aside used,,,https://sam.gov/workspace/contract/opp/ab63841ae15d494d90537aaa7d9f02e7/view,,,,
Replace Air-Switch and Transformer for Unit Substation B1477,New,N4008526R0271,DEPT OF DEFENSE.DEPT OF THE NAVY.NAVFAC.NAVFAC ATLANTIC CMD.NAVFAC MID-ATLANTIC.NAVFACSYSCOM MID-ATLANTIC,236220,,2026-09-23T19:00:00.000Z,2026-09-14,"Yorktown, VA",Small Business Set Aside - Total,,,https://sam.gov/workspace/contract/opp/77f497894f8243f09d668a9f51bc77c7/view,,,,
Fire Alarm Upgrade,New,W912HQ26S0075,DEPT OF DEFENSE.DEPT OF THE ARMY.US ARMY CORPS OF ENGINEERS.SCO ALEXANDRIA.ENGINEER CENTER SUPPORT ACT HUMPHREYS.W4LD USA HECSA,238210,,2026-09-23T22:00:00.000Z,2026-09-14,"Alexandria, VA",Small Business Set Aside - Total,,,https://sam.gov/workspace/contract/opp/0ae51c509ecc4f0b91fef990363eabf9/view,,,,
Painting of Stairwells in Building 18 on Coast Guard Island,New,31090PR260000382,"HOMELAND SECURITY, DEPARTMENT OF.US COAST GUARD.BASE ALAMEDA(00031)",238320,,2026-09-23T21:00:00.000Z,2026-09-14,"Alameda, CA",Small Business Set Aside - Total,,,https://sam.gov/workspace/contract/opp/2bc78a82a0f246c6b9a6247d1722bb0d/view,,,,
Replacement of Facade Lights,New,19LG7526Q0006,"STATE, DEPARTMENT OF.STATE, DEPARTMENT OF.US EMBASSY RIGA",238210,,2026-09-16T11:00:00.000Z,2026-09-14,"Riga, Latvia",No Set aside used,,,https://sam.gov/workspace/contract/opp/324d0a0ab3d14181b05a9d22906ce12a/view,,,,
FEMA Region 6 FRC and VSAB 1 Restroom Remodel & Nursing Mother Room,New,70FBR626R00000013,"HOMELAND SECURITY, DEPARTMENT OF.FEDERAL EMERGENCY MANAGEMENT AGENCY.REGION 6",236220,,2026-09-21T16:00:00.000Z,2026-09-14,"Denton, TX",SBA Certified Women-Owned Small Business (WOSB) Program Set-Aside (FAR 19.15),,,https://sam.gov/workspace/contract/opp/01b4958bdf6145c682d1ddeb2208005d/view,,,,
TINKER AFB MAC BOA-WWYK260007- Renovate Pratt & Whitney Area - B3001,New,FA813726R0033,DEPT OF DEFENSE.DEPT OF THE AIR FORCE.AIR FORCE MATERIEL COMMAND.AIR FORCE SUSTAINMENT CENTER.FA8137 AFSC PZIOC,236220,,2026-09-16T17:00:00.000Z,2026-09-14,Oklahoma,Small Business Set Aside - Total,,,https://sam.gov/workspace/contract/opp/e863d10d33914f8ea9d2a57841dd40e4/view,,,,
"$495M Small Business Multiple Award Task Order Contract for Design-Build and Design Bid-Build Construction Services for the State of Hawaii, U.S. Army Corps of Engineers, Honolulu District",New,W9128A26RA007,DEPT OF DEFENSE.DEPT OF THE ARMY.US ARMY CORPS OF ENGINEERS.ENGINEER DIVISION PACIFIC OCEAN.ENDIST HONOLULU.W2SN ENDIST HONOLULU,236220,,2027-01-09T00:00:00.000Z,2026-09-14,,Small Business Set Aside - Total,,,https://sam.gov/workspace/contract/opp/89faec41b1f347abb77256fc4e1b0bf7/view,,,,
Presolicitation Notice for System Architecture Support,New,W911QX26QA220,DEPT OF DEFENSE.DEPT OF THE ARMY.AMC.ACC.ACC-CTRS.ACC-APG.W6QK ACC-APG ADELPHI,541512,,2026-09-26T19:00:00.000Z,2026-09-14,"Aberdeen Proving Ground, MD",No Set aside used,,,https://sam.gov/workspace/contract/opp/902dd3d1371f40cfa7dc2fefdf6ae643/view,,,,
Develop and sustain CASTLE KEEP in Army commercial cloud solutions,New,W56KGY26CKRFI0001,DEPT OF DEFENSE.DEPT OF THE ARMY.AMC.ACC.ACC-CTRS.ACC-APG.W6QK ACC-APG,541611,,2026-09-22T16:00:00.000Z,2026-09-14,"Washington, DC",No Set aside used,,,https://sam.gov/workspace/contract/opp/8c00f4df1e104206a450569187c5b971/view,,,,
FCI Seagoville Building Elevator Renovation,New,15B51426Q00000025,"JUSTICE, DEPARTMENT OF.FEDERAL PRISON SYSTEM / BUREAU OF PRISONS.FCI SEAGOVILLE",236220,,2026-09-30T15:00:00.000Z,2026-09-14,"Seagoville, TX",Small Business Set Aside - Total,,,https://sam.gov/workspace/contract/opp/cfa41d585d6f449a81e5564995ef818e/view,,,,
Pre-Solicitation Star Base Sacramento CA Janitorial Services,New,W912LAQA103,DEPT OF DEFENSE.DEPT OF THE ARMY.NATIONAL GUARD BUREAU.JFHQ USPFO CA.USPFO CA PROCUREMENT.W7MX USPFO ACTIVITY CA ARNG,561210,,2026-09-18T17:00:00.000Z,2026-09-14,"Sacramento, CA",SBA Certified Women-Owned Small Business (WOSB) Program Set-Aside (FAR 19.15),,,https://sam.gov/workspace/contract/opp/4b78248bf70c4f84bd0dc1238657c680/view,,,,
Lucky Peak Nursery New Greenhouse,New,1240LT26Q0137,"AGRICULTURE, DEPARTMENT OF.FOREST SERVICE.USDA-FS, CSA INTERMOUNTAIN 8",236220,,2026-09-25T22:00:00.000Z,2026-09-14,"Boise, ID",Small Business Set Aside - Total,,,https://sam.gov/workspace/contract/opp/c9db88be7815438b911595f053005783/view,,,,
Curlew Job Corps HVAC Inspection and Service,New,1282A726Q0073,"AGRICULTURE, DEPARTMENT OF.FOREST SERVICE.CURLEW JOB CORPS",238210,,2026-09-21T21:00:00.000Z,2026-09-14,"Curlew, WA",Small Business Set Aside - Total,,,https://sam.gov/workspace/contract/opp/0348a6171855425ab8e31f8203ae6286/view,,,,
FEMA Region 6 Regional Watch Center Renovations,New,70FBR626R00000012,"HOMELAND SECURITY, DEPARTMENT OF.FEDERAL EMERGENCY MANAGEMENT AGENCY.REGION 6",236220,,2026-09-21T16:00:00.000Z,2026-09-14,"Denton, TX",SBA Certified Women-Owned Small Business (WOSB) Program Set-Aside (FAR 19.15),,,https://sam.gov/workspace/contract/opp/320be92e58a54221b6988f104ea545b0/view,,,,
Y1DZ--Castle Point PT Flooring Replacement,New,36C24226Q0920,"VETERANS AFFAIRS, DEPARTMENT OF.VETERANS AFFAIRS, DEPARTMENT OF.242-NETWORK CONTRACT OFFICE 02 (36C242)",238160,,2026-09-18T13:45:00.000Z,2026-09-14,"Montrose, NY",Service-Disabled Veteran-Owned Small Business (SDVOSB) Set-Aside (FAR 19.14),,,https://sam.gov/workspace/contract/opp/c4a3e86aba9846d7ade6a2f549d3027e/view,,,,
"REPLACE TRANSFORMERS AND ELECTRICAL PANELS, NAS OCEANA-285, VIRGINIA BEACH, VA",New,N4008526R0224,DEPT OF DEFENSE.DEPT OF THE NAVY.NAVFAC.NAVFAC ATLANTIC CMD.NAVFAC MID-ATLANTIC.NAVFACSYSCOM MID-ATLANTIC,236220,,2026-09-18T18:00:00.000Z,2026-09-14,"Virginia Beach, VA",,,,https://sam.gov/workspace/contract/opp/87446f051f0a47d3811a549cd342d223/view,,,,
1 FW Network Install,New,FA480026Q0124,DEPT OF DEFENSE.DEPT OF THE AIR FORCE.AIR COMBAT COMMAND.FA4800 633 CONS PKP,238210,,2026-09-23T20:00:00.000Z,2026-09-14,,Small Business Set Aside - Total,,,https://sam.gov/workspace/contract/opp/041847e39a664d378b187198e442f1b5/view,,,,
"FY26 BOMBER AGILE COMMON HANGAR - TINKER AIR FORCE BASE (TAFB), OK",New,W912BV26CA023,DEPT OF DEFENSE.DEPT OF THE ARMY.US ARMY CORPS OF ENGINEERS.ENGINEER DIVISION SOUTHWESTERN.ENDIST TULSA.W076 ENDIST TULSA,236220,,,2026-09-14,Oklahoma,No Set aside used,,,https://sam.gov/workspace/contract/opp/fe0828ffdebf401989d1b1009220a0a8/view,,,,
Hazardous Tree Services and Boundary Maintenance,Pursuing,W9127S26QA032,DEPT OF DEFENSE / DEPT OF THE ARMY - USACE Little Rock,561730,Combined Synopsis/Solicitation,2026-09-22T15:00:00.000Z,2026-09-12,"Clearwater Lake, Piedmont, MO",Total Small Business Set-Aside,,,https://sam.gov/workspace/contract/opp/3f6bae3f8ce64b43a2317ce7d9b674f3/view,,,,
Ft Sam Houston Solid Waste Removal Base plus 4,Pass,36C78626Q50253,"VETERANS AFFAIRS, DEPARTMENT OF / National Cemetery Administration",561730,Solicitation,2026-10-02T14:00:00.000Z,2026-09-12,"Sam Houston National Cemetery, TX",SDVOSB Set-Aside,,,https://sam.gov/workspace/contract/opp/712ef0414596414eb5785a662a01d52e/view,,,,
"Grounds Maintenance Dale Bumpers National Rice Research Center Stuttgart, AR",New,127EAV26Q0121,"AGRICULTURE, DEPARTMENT OF / Forest Service",561730,Combined Synopsis/Solicitation,2026-09-15T22:00:00.000Z,2026-09-12,"Stuttgart, AR",Total Small Business Set-Aside,,,https://sam.gov/workspace/contract/opp/74550d40754b4cba9fa02b4255b020a7/view,,,,
Solid Waste Removal Services FY2027 FPC Morgantown,Pursuing,15B11326Q00000014,"JUSTICE, DEPARTMENT OF / Federal Bureau of Prisons",562111,Solicitation,2026-09-25T13:00:00.000Z,2026-09-12,"Morgantown, WV",No Set-Aside (Full and Open),,,https://sam.gov/workspace/contract/opp/884e1835ef734afcbfd0a6decc5f9f01/view,,,,
FEMA Region 6 FRC Ground Level Roof & HVAC Replacement,New,70FBR626R00000016,"HOMELAND SECURITY, DEPARTMENT OF / FEMA Region 6",236220 (also references 238220),Solicitation,2026-09-17T16:00:00.000Z,2026-09-12,"Denton, TX",WOSB Sole Source,,,https://sam.gov/workspace/contract/opp/c82b37640d374c81b749fbd0a473e50f/view,,,,
"Electrical Services - Sleepy Eye, MN 56085",New,12FPC126Q0048,USDA - Farm Production and Conservation Business Center,238210,Combined Synopsis/Solicitation,2026-09-18T16:00:00.000Z,2026-09-11,"USDA-FSA, 1229 Cedar St NE, Sleepy Eye, MN 56085",Total Small Business Set-Aside,,,https://sam.gov/workspace/contract/opp/088674fa10484e1890af352ade2e9bde/view,,,,
"PKAB Tree Removal and Disposal Services at FE Warren AFB, WY",New,FA461326R0008,DEPT OF DEFENSE / Dept of the Air Force,561730,Solicitation,2026-09-17T17:00:00.000Z,2026-09-10,"FE Warren AFB, WY",Total Small Business Set-Aside (FAR 19.5),,,https://sam.gov/workspace/contract/opp/4c1172aff72444519b1fbb6449f28eba/view,,,,
Groundskeeping (Hampton VA Medical Center),New,36C24626Q0892_1,VETERANS AFFAIRS,561730,Presolicitation,2026-09-21T16:00:00.000Z,2026-09-10,"Hampton, VA",Service-Disabled Veteran-Owned Small Business (SDVOSB) Set-Aside (FAR 19.14),,,https://sam.gov/workspace/contract/opp/5a0335526fd041ebb3791980523a0b23/view,,,,
"Janitorial, Grounds Maintenance and Pest Control Services - Del Rio Sector",New,70B03C26R00000125,HOMELAND SECURITY / US Customs and Border Protection,561720,Combined Synopsis/Solicitation,2026-09-15T21:00:00.000Z,2026-09-10,"Del Rio Sector, TX",8(a) Set-Aside (FAR 19.8),,,https://sam.gov/workspace/contract/opp/5d2090bfcd2c4fa89be0c1bdafecba3a/view,,,,
Housekeeping Services - Fermilab,New,DH-377725,ENERGY / Fermi Forward Discovery Group (Fermilab M&O contractor),561720,Solicitation,2026-10-09T22:00:00.000Z,2026-09-10,"Batavia, IL",Total Small Business Set-Aside (FAR 19.5),,,https://sam.gov/workspace/contract/opp/7a176367f4944d2a91f948411bba07c1/view,,,,
FCC Terre Haute FPC HVAC PLUM ROOF REPAIR,New,15B41825PR000085,JUSTICE / Federal Bureau of Prisons,238160,Sources Sought,2026-09-25T15:00:00.000Z,2026-09-10,"Terre Haute, IN",Total Small Business Set-Aside (FAR 19.5),,,https://sam.gov/workspace/contract/opp/d4ec02c5501144b68b6fec18adec27c9/view,,,,
Z--TX-CADDO LAKE NWR-CLASS ROOM ROOF REPAIR,New,140FC126Q0040,INTERIOR / US Fish and Wildlife Service,238160,Combined Synopsis/Solicitation,2026-09-15T16:00:00.000Z,2026-09-10,"Caddo Lake NWR, TX",Total Small Business Set-Aside (FAR 19.5),,,https://sam.gov/workspace/contract/opp/1e6d5be4b51b4251b683ac22d82ea716/view,,,,
CHOH HAZARD TREE MGMT - YEAR 2,New,140P3026Q0046,INTERIOR / National Park Service,561730,Combined Synopsis/Solicitation,2026-09-23T16:00:00.000Z,2026-09-10,Chesapeake & Ohio Canal NHP (MD/DC corridor),Total Small Business Set-Aside (FAR 19.5),,,https://sam.gov/workspace/contract/opp/45f9c3d564d440a38ffea484659ec4c4/view,,,,
Cheyenne River Agency Roofing,New,140A1626Q0096,"INTERIOR, DEPARTMENT OF THE - BUREAU OF INDIAN AFFAIRS",238160,Solicitation,2026-09-15T23:00:00.000Z,2026-09-09,Cheyenne River Agency (BIA),Not specified on notice,,,https://sam.gov/workspace/contract/opp/7a793f9d19b545d3b463eb6a8baf17c7/view,,,,
Chippewa National Forest Cass Lake Supervisor Office Snow Removal,New,12444626P0078,"AGRICULTURE, DEPARTMENT OF - FOREST SERVICE",561790,Combined Synopsis/Solicitation,2026-09-14T21:00:00.000Z,2026-09-09,"Cass Lake, MN (Chippewa National Forest)",Total Small Business Set-Aside,,,https://sam.gov/workspace/contract/opp/45d7ac0cb2404f0bb306a3b352bb91fb/view,,,,
"Z--Tree Removal & Replacement (USGS Conte Research Lab, Turners Falls MA)",New,140G0126Q0260,"INTERIOR, DEPARTMENT OF THE - US GEOLOGICAL SURVEY",561730,Combined Synopsis/Solicitation,2026-09-10T21:00:00.000Z,2026-09-09,"Turners Falls, MA",Total Small Business Set-Aside,,,https://sam.gov/workspace/contract/opp/8a342c5e7d064fe0b2b30fd0597d5752/view,,,,
FY26 LSS Cubicles Electrical and IT Wiring in CCRU Facility,New,12444326Q0074,USDA - Forest Service - Northern Research Station,238210,Combined Synopsis/Solicitation,2026-09-22T22:00:00.000Z,2026-09-08,"Madison, WI (Cereal Crops Research Unit, 502 Walnut St)",Total Small Business Set-Aside,,,https://sam.gov/workspace/contract/opp/46ed02cea9d64551b531def3e9feec8f/view,,,,
Table Mountain Field Site Grounds Maintenance Services,New,1331L526R13350004,Department of Commerce (Office of the Secretary),561730,Solicitation,2026-09-16T18:00:00.000Z,2026-09-07,"Table Mountain, CO (per contracting office DC)",100% Small Business Set-Aside,,,https://sam.gov/workspace/contract/opp/7d97ba964a5d405797ed065a6c5a3ae8/view,,,,
PROVIDE AND INSTALL 75KW GENERATOR for Base Alameda CA,Passed,31090PR260000366,Dept of Homeland Security / U.S. Coast Guard (Base Alameda),238290,Combined Synopsis/Solicitation,2026-09-11T17:00:00.000Z,2026-09-07,"Alameda, CA",Total Small Business Set-Aside (FAR 19.5),,,https://sam.gov/workspace/contract/opp/dbc76f51e024422fa44caa9bc7ee7db5/view,,,,
HAZMAT PICK UP GUAM,Passed,M29000JL1005,"Dept of Defense / Dept of the Navy (USMC, 3D MLG)",562112,Sources Sought,2026-09-10T04:00:00.000Z,2026-09-07,Guam,Total Small Business Set-Aside (FAR 19.5),,,https://sam.gov/workspace/contract/opp/6e50cc12e7204deba1cc2030f331bfc7/view,,,,
7G20--FY26 NRM - Install Analog Phone Line to Building 6 - 610A4-26-510,Passed,36C25026Q0789,"Veterans Affairs, Department of (VISN 10 / Network Contract Office 10)",238210,Solicitation,2026-09-11T23:30:00.000Z,2026-09-07,"Fort Wayne, IN",Total Small Business Set-Aside (FAR 19.5),,,https://sam.gov/workspace/contract/opp/2ee0f73ea44a49218e8bd84b5e52267f/view,,,,
Main Treasury Soffit Painting,New,2032H326Q00067,"TREASURY, DEPARTMENT OF THE - Treasury Common Services Center",236220,Combined Synopsis/Solicitation,2026-09-16T17:00:00.000Z,2026-09-04,"Washington, DC",Total Small Business Set-Aside,,,https://sam.gov/workspace/contract/opp/e0fa67af4c49455895bcce117d02756c/view,,,,
Eaker Center Electrical Outlets RFQ,New,FA330026Q7592,DEPT OF DEFENSE / DEPT OF THE AIR FORCE - Maxwell AFB-Gunter Annex,238210,Combined Synopsis/Solicitation,2026-09-15T20:00:00.000Z,2026-09-04,"Maxwell AFB-Gunter Annex, AL",Total Small Business Set-Aside,,,https://sam.gov/workspace/contract/opp/7f9f62fd185046a3871be607824756ac/view,,,,
"REPAIR Planter Beds Various Locations - 126 ARW, Scott AFB, IL",New,W50S7S26Q0035,"DEPT OF DEFENSE / DEPT OF THE ARMY - National Guard Bureau, ILANG 126",561730,Combined Synopsis/Solicitation,2026-09-18T18:00:00.000Z,2026-09-04,"Scott AFB, IL",Total Small Business Set-Aside,,,https://sam.gov/workspace/contract/opp/b338b952922c4a3ead44fa61c0257785/view,,,,
"Construct Egress Maintenance Facility, F-22 (Hawaii ANG)",New,W50SLF26RA004,"DEPT OF DEFENSE / DEPT OF THE ARMY - National Guard Bureau, Hawaii ANG",236220,Presolicitation,2026-09-19T20:00:00.000Z,2026-09-04,"Joint Base Pearl Harbor-Hickam, HI",100% Total Small Business Set-Aside,,,https://sam.gov/workspace/contract/opp/c83f1a29f9544dacb271abb929bb1bae/view,,,,
"Refuse and Recycling Collection Services - Salem, VA",Passed,W15QKN-26-Q-A163,DEPT OF DEFENSE / DEPT OF THE ARMY - ACC-NJ (Picatinny) for 99th Readiness Division,562111,Solicitation,2026-09-09T14:00:00.000Z,2026-09-04,"Salem, VA (PFC Cloyse E. Hall USARC)",Service-Disabled Veteran-Owned Small Business (SDVOSB) Set-Aside,,,https://sam.gov/workspace/contract/opp/c07c1c00920f4a13ad44bc2a8420c9be/view,,,,
ROOF SARDIS LAKE PROJECT OFFICE,Passed,W912BV26QA091,DEPT OF DEFENSE / DEPT OF THE ARMY - USACE Tulsa District,238160,Solicitation,2026-09-11T20:00:00.000Z,2026-09-04,"Clayton, OK",None listed,,,https://sam.gov/workspace/contract/opp/de0f979629254c4b8277349b2e1985b2/view,,,,
WarU Campus Grounds Maintenance (Fort Belvoir),New,HQ003426QE183,DoD - Washington Headquarters Services (WarU),561730,Combined Synopsis/Solicitation,2026-09-14T15:00:00.000Z,2026-09-03,"Fort Belvoir, VA",HUBZone Set-Aside,,,https://sam.gov/workspace/contract/opp/8abb88034a4a4be7affc578c9591c6a0/view,,,,
Building 2422 Painting (Mountain Home AFB),New,FA489726Q0031,"Air Force - 366 CONS, Mountain Home AFB",238320,Combined Synopsis/Solicitation,2026-09-16T20:00:00.000Z,2026-09-03,"Mountain Home AFB, ID",Total Small Business Set-Aside,,,https://sam.gov/workspace/contract/opp/8de41ac64529486d802e311ecb6bc4ff/view,,,,
"PSW Landscaping Hilo, Hawaii",New,1240BK26R0018,USDA Forest Service - CSA Northwest 1,561730,Combined Synopsis/Solicitation,2026-09-22T17:00:00.000Z,2026-09-03,"Institute of Pacific Island Forestry, Hilo, HI",Total Small Business Set-Aside,,,https://sam.gov/workspace/contract/opp/cefd20c0050248b08441737fb26956dc/view,,,,
"RFI - Grissom ARB, IN SABER - Simplified Acquisition of Base Engineering Requirements",New,FA465426RFI0003,"DEPT OF DEFENSE / Dept of the Air Force (434 CONF LGC, Grissom ARB)",,Sources Sought,2026-09-30T14:00:00.000Z,2026-09-02,"Grissom Air Reserve Base, IN",,,,,,,,
Groundskeeping and pest control,Passed,1232SA26Q1392,"AGRICULTURE, DEPARTMENT OF / Agricultural Research Service (ARS AFM APD)",561730,Combined Synopsis/Solicitation,2026-09-11T21:00:00.000Z,2026-09-02,,Unverified - confirm on SAM.gov listing,,,,,,,
"Winter Snow Removal Hill, AFB (309th SWEG)",New,FA8222260245KH,"DEPT OF DEFENSE / Dept of the Air Force (AFSC PZIE, Hill AFB)",,Sources Sought,2026-09-14T16:00:00.000Z,2026-09-02,"Hill AFB, UT",,,,,,,,
HASSEL ISLAND LANDSCAPING SERVICE,New,140P5426Q0044,"INTERIOR, DEPARTMENT OF THE / National Park Service (SER South MABO)",561730,Solicitation,2026-09-16T17:00:00.000Z,2026-09-02,"Hassel Island, U.S. Virgin Islands",Total Small Business Set-Aside (FAR 19.5),,,https://sam.gov/workspace/contract/opp/808e070c0ec749f2bdd8929b448edc78/view,,,,
ATC Turf Field Maintenance,New,W9124C26QA024,DEPT OF DEFENSE / Dept of the Army (MICC-Ft Jackson),561730,Solicitation,2026-09-14T16:00:00.000Z,2026-09-02,"Fort Jackson, SC",Unverified - confirm on SAM.gov listing,,,,,,,
"Munitions Maintenance and Inspection (M&I) Facility & Conventional Munitions Cube Storage Addition, HIANG, JBPHH, HI",New,W50SLF-26-R-A005,DEPT OF DEFENSE / Dept of the Army (USPFO Activity HIANG 154),236220,Presolicitation,2026-09-16T01:30:00.000Z,2026-09-02,"Joint Base Pearl Harbor-Hickam, HI",Total Small Business Set-Aside (confirmed in listing: 'Single Project RFP Set-Aside for Small Businesses'),,,,,,,
MDG Landscaping/ Grounds Maintenance,New,FA940126Q0038,"DEPT OF DEFENSE / Dept of the Air Force (377 MDG, Kirtland AFB)",561730,Combined Synopsis/Solicitation,2026-09-21T20:00:00.000Z,2026-09-02,"Kirtland AFB, NM (off-installation clinic grounds)",Total Small Business Set-Aside (FAR 19.5),,,https://sam.gov/workspace/contract/opp/5d7d80223f764e9a98f0427a59cd8952/view,,,,
WA-FWS Ridgefield NWR - Landscaping/Grounds Maintenance,Passed,140FS126Q0196,"Dept of the Interior / US Fish and Wildlife Service (FWS, SAT Team 1)",561730,Solicitation,2026-09-11T18:00:00.000Z,2026-09-01,"Ridgefield, WA",Total Small Business Set-Aside (FAR 19.5),,,https://sam.gov/workspace/contract/opp/de5972a38d204303b76b42ec2efea310/view,,,,
"Building 122 Metal Roof Replacement, Prosser, Washington",Passed,123SA26Q0992,USDA - Agricultural Research Service,238160,Combined Synopsis/Solicitation,2026-09-10T18:00:00.000Z,2026-08-31,"Prosser, WA",Total Small Business Set-Aside,,,https://sam.gov/workspace/contract/opp/20f8628debf94389a1305df05381e47b/view,,,,
"USAGM Landscaping Service, Kuwait Transmitting Station",Passed,951700-26-R-0016,US Agency for Global Media (USAGM),561730,Combined Synopsis/Solicitation,2026-09-09T12:00:00.000Z,2026-08-30,Kuwait (overseas),No Set-Aside (full and open),,,https://sam.gov/workspace/contract/opp/c9212c9dc5ea41d686d3057c39f8b2a0/view,,,,
BLM-CO GAOA UFO MPLC Warehouse Improvement,Passed,140L1726R0001,DEPARTMENT OF THE INTERIOR / Bureau of Land Management - Colorado State Office,236220,Solicitation,2026-09-09T18:00:00.000Z,2026-08-30,"Montrose, CO (2465 South Townsend Ave)",Total Small Business Set-Aside (reopened to 100% SB after original set-aside got no responses),,,https://sam.gov/workspace/contract/opp/1f76d07486f14808ade1a2cd57474800/view,,,,
Phragmite Removal Offutt AFB,New,FA460026Q0125,"DEPT OF DEFENSE - Air Force (Air Combat Command, Offutt AFB)",561730,Combined Synopsis/Solicitation,2026-09-14T16:00:00.000Z,2026-08-29,"Offutt AFB, NE",Total Small Business Set-Aside (FAR 19.5),,,https://sam.gov/workspace/contract/opp/602e7ad33ffb45e7ad5146334fc929f6/view,,,,
Landscaping Services within Virgin Islands National Park,Passed,140P5426Q0038,"INTERIOR, DEPARTMENT OF THE - National Park Service (South MABO)",561730,Combined Synopsis/Solicitation,2026-09-10T16:00:00.000Z,2026-08-29,"Virgin Islands National Park, USVI",Total Small Business Set-Aside (FAR 19.5),,,https://sam.gov/workspace/contract/opp/b63fdb9241e943bcad98b8a0b01c57a0/view,,,,
CAFC Dolley Madison Exterior Painting,Passed,CAFC-8-28-2026,Administrative Office of the U.S. Courts - Federal Circuit Court of Appeals,238320,Solicitation,2026-09-11T16:00:00.000Z,2026-08-29,"Washington, DC (Markey National Court Complex)",No Set-Aside (Full & Open),,,https://sam.gov/workspace/contract/opp/cbebee07de4540539778aaaa6a78a5f9/view,,,,
FY26 Upgrades Bronx/LI/Lower Hudson Recruiting Stations - Paint Only,Passed,W912DS26QA027,DEPT OF DEFENSE / USACE New York District,238320,Combined Synopsis/Solicitation,2026-09-11T19:00:00.000Z,2026-08-27,"NYC, Long Island, Hudson Valley, NY",None listed on notice,,,https://sam.gov/workspace/contract/opp/125d031a262e4b35b3248d260e9640aa/view,,,,
Z2DA--671-24-004 NRM Replace 2nd Floor Roof (STVHCS),New,36C25726B0004,Veterans Affairs - South Texas VA Health Care System,238160,Solicitation,2026-08-31T15:00:00.000Z,2026-08-27,"San Antonio, TX",None listed on notice,,,https://sam.gov/workspace/contract/opp/5162dfe49ce348d891f49365a09e1371/view,,,,
Wisconsin National Guard Construction MATOC FY27 (Sources Sought),New,W50S9F-27-R-0001,DEPT OF DEFENSE / National Guard Bureau - WI ANG,236220,Sources Sought,2026-08-31T19:00:00.000Z,2026-08-27,"Milwaukee, Madison, Camp Douglas, WI",Total Small Business Set-Aside (FAR 19.5),,,https://sam.gov/workspace/contract/opp/ba5410228db041998ea03d8926ba60fd/view,,,,
Bi-Yearly Roof Inspections (Forest Products Laboratory),Passed,12444526Q0073,USDA Forest Service,238160,Combined Synopsis/Solicitation,2026-09-09T18:00:00.000Z,2026-08-27,"Madison, WI",Total Small Business Set-Aside (FAR 19.5),,,https://sam.gov/workspace/contract/opp/dfde28c2e44c47e5a13bf7d3c4ba8482/view,,,,
L&D 14 Old CSS Roof Replacement (Lock and Dam 14),New,W912EK26QA054,DEPT OF DEFENSE / USACE Rock Island District,238160,Solicitation,2026-09-14T15:00:00.000Z,2026-08-27,"Rock Island, IL area (Lock and Dam 14)",Total Small Business Set-Aside (FAR 19.5),,,https://sam.gov/workspace/contract/opp/c03d8c66e9754dbdb317942062266657/view,,,,
Grounds Maintenance Services - Western Pennsylvania (5 USARCs),New,W15QKN26QA126,DEPT OF DEFENSE / Army ACC-NJ (Picatinny),561730,Combined Synopsis/Solicitation,2026-08-31T14:00:00.000Z,2026-08-27,"Butler, Greensburg, Kittanning, New Kensington, Pittsburgh, PA",Service-Disabled Veteran-Owned Small Business (SDVOSB) Set-Aside,,,https://sam.gov/workspace/contract/opp/4f4337cc8bcb4bd6856808a7eb0f99d5/view,,,,
BPA for Trash Removal and Disposal Services (Area IV and Remote Sites),New,W90VN926QA047,DEPT OF DEFENSE / Army - 411th CSB (Korea),562111,Combined Synopsis/Solicitation,2026-09-28T03:00:00.000Z,2026-08-26,"Area IV and remote sites, South Korea (APO)",None listed (Original Set Aside blank),,,https://sam.gov/workspace/contract/opp/fc173825c2a94867af2ddbca8d21bf35/view,,,,
Z--REPLACE ROOF SURFACES ON DEWA LOCATIONS,New,140P4526R0034,"INTERIOR, DEPARTMENT OF THE / National Park Service",238160,Combined Synopsis/Solicitation,2026-09-14T16:00:00.000Z,2026-08-26,Not specified on notice,Total Small Business Set-Aside (FAR 19.5),,,https://sam.gov/workspace/contract/opp/82bc6c65be3b4a5eb7b6acfe21dda14c/view,,,,
USACE Norfolk District - Grounds Maintenance Services,Passed,W9123626QA003,DEPT OF DEFENSE / USACE Norfolk District,561730,Combined Synopsis/Solicitation,2026-09-11T18:00:00.000Z,2026-08-26,"803 Front Street, Norfolk, VA 23510",Total Small Business Set-Aside (FAR 19.5),,,https://sam.gov/workspace/contract/opp/24f434e5a5b043d2b4008571bb43fa27/view,,,,
LAW ENFORCEMENT TRAINING CENTER (VA-LETC) DORM RENOVATION,New,W9127S26RA063,US Army Corps of Engineers (Little Rock District),236220,Solicitation,2026-09-17T16:00:00.000Z,2026-08-25,"North Little Rock, AR (Eugene J. Towbin VA Healthcare Center)",SDVOSB Set-Aside,,,https://sam.gov/workspace/contract/opp/0fa8d2c1eaa14a689bc66eec6bbd8cc9/view,,,,
Commercial dumpster rental and nonhazardous solid-waste collection,Passed,140L4326Q0116,Bureau of Land Management (Dept of Interior) - Oregon State Office,562111,Solicitation,2026-09-09T15:00:00.000Z,2026-08-25,Oregon (BLM Oregon State Office),Total Small Business Set-Aside,,,https://sam.gov/workspace/contract/opp/50bd522850c24cbbbec31ac3aaa1832e/view,,,,
WASTE DISPOSAL WYSO CHEYENNE,Bid Submitted,140L6226Q0029,Bureau of Land Management (Dept of Interior) - Wyoming State Office,562111,Solicitation,2026-09-08T21:00:00.000Z,2026-08-25,"Cheyenne, WY",None (full and open),,,https://sam.gov/workspace/contract/opp/b096842b235a45c08c7abb395fc2ed05/view,,,,
USCG Sector Field Office Southwest Harbor - Major Maintenance and Repair Galley and Housing,Passed,70Z0G126BSNNESW01,Homeland Security - U.S. Coast Guard (CEU Providence),236220,Presolicitation,2026-09-10T18:00:00.000Z,2026-08-24,"Southwest Harbor, ME",Total Small Business Set-Aside (FAR 19.5),,,https://sam.gov/workspace/contract/opp/a1501b21f526421a8143227f1fc7e7a9/view,"[Sep 9, 2026 — auto-scan] Amendment 0003 posted today (Sep 9). Still 100% Total Small Business Set-Aside, NAICS 236220 (Commercial and Institutional Building Construction), IFB. Construction magnitude $1M-$5M IAW FAR 36.204. Offers due Sep 17, 2026 2:00 PM EDT.",,,
LANDSCAPING FOR EASTER NEVADA AGENCY,Passed,140A1126Q0077,DOI - Bureau of Indian Affairs (Western Region),561730,Combined Synopsis/Solicitation,2026-09-12T00:00:00.000Z,2026-08-24,Nevada (BIA Western Region),Indian Economic Enterprise (IEE) Set-Aside,,,https://sam.gov/workspace/contract/opp/c66c16e2af9d4592bfb43675f38d8e68/view,,,,
REFUSE SVC: NMNN SHIPROCK BIE SCHOOLS,New,140A2326Q0253,DOI - Bureau of Indian Affairs (Indian Education Acquisition Office),562111,Solicitation,2026-08-31T23:00:00.000Z,2026-08-24,"Shiprock, NM",Indian Small Business Economic Enterprise (ISBEE) Set-Aside,,,https://sam.gov/workspace/contract/opp/5871ac1060054d2cbfda84a09b3be562/view,,,,
Barlow Ranger Station Roof Replacements (Mt Hood NF),Passed,1240BH26Q0061,"Agriculture - Forest Service (USDA-FS, CSA Northwest 6)",238160,Presolicitation,2026-09-10T16:00:00.000Z,2026-08-24,"Mt Hood National Forest, OR",Total Small Business Set-Aside (FAR 19.5),,,https://sam.gov/workspace/contract/opp/0814e812394942a380cb130d2a88ff96/view,,,,
Roof Maintenance and Repair Services IDIQ (Fermilab),New,ISD_384529_DA,"ENERGY, DEPARTMENT OF (Fermilab - DOE Contractor)",238160,Solicitation,2026-09-15T22:00:00.000Z,2026-08-22,"Batavia, IL",Total Small Business Set-Aside (FAR 19.5),,,https://sam.gov/workspace/contract/opp/fe697d8f71cc4742a6ff45821d17c190/view,,,,
"Landscaping and Snow Removal Services (VA Togus, ME)",New,36C24126Q0698,"VETERANS AFFAIRS, DEPARTMENT OF",561730,Solicitation,2026-08-28T19:00:00.000Z,2026-08-22,"Togus, ME",Veteran-Owned Small Business Set-Aside (specific to Dept of Veterans Affairs),,,https://sam.gov/workspace/contract/opp/4d46b636d33c47899f6500b65d24a01c/view,,,,
Tables and Chairs Rentals - GUAM (USMC),New,M2900026Q5007,DEPT OF DEFENSE - DEPT OF THE NAVY (USMC 3D MLG),532289,Solicitation,2026-08-28T07:00:00.000Z,2026-08-22,Guam,Total Small Business Set-Aside (FAR 19.5),,,https://sam.gov/workspace/contract/opp/ccab37d9ea1e4fc6a9349e68eb1f8998/view,"[Aug 25, 2026 — auto-scan] FINAL UPDATE posted 8/26: partitions removed from scope (now tables/chairs only). Deadline now Aug 28, 2026 4:00 PM GMT+9. Confirmed NAICS 532289 (All Other Consumer Goods Rental), Total Small Business Set-Aside. Note: Guam location - confirm KJG has a local sub network there before pursuing.",,,
CUGA - Upgrade WR Campground Electrical (NPS Cumberland Gap),New,140P5326R0024,"INTERIOR, DEPARTMENT OF THE - NATIONAL PARK SERVICE",238210,Combined Synopsis/Solicitation,2026-09-21T20:00:00.000Z,2026-08-22,"Cumberland Gap National Historic Site, Middlesboro, KY",Total Small Business Set-Aside (FAR 19.5),,,https://sam.gov/workspace/contract/opp/eb4cf0892ce44e95ab683b2f612c8bb9/view,,,,
Pleasant Hill Dam Intake Roof Rehabilitation and Sealant Replacement,New,W9123726QA077,DoD - Army Corps of Engineers (Huntington District),238160,Combined Synopsis/Solicitation,2026-08-31T16:00:00.000Z,2026-08-21,"Perrysville, OH",,,,https://sam.gov/workspace/contract/opp/c1004f76971d4befba7b4b13ffb9477c/view,,,,
Water leak roof repairs B049 (US Embassy Brussels),Passed,19BE2026Q0578,Dept of State - US Embassy Brussels,238160,Solicitation,2026-08-25T12:00:00.000Z,2026-08-21,"Brussels, Belgium",,,,https://sam.gov/workspace/contract/opp/aeb37e46e5d44d059ea484f7e17bc23a/view,,,,
Stewart Pond Mowing,New,140L4326Q0113,DOI - Bureau of Land Management (Oregon State Office),561730,Combined Synopsis/Solicitation,2026-09-01T00:00:00.000Z,2026-08-21,Oregon,Total Small Business Set-Aside,,,https://sam.gov/workspace/contract/opp/b13d1d9c01e5465394338b2ccf55b6fb/view,,,,
BOISE DISTRICT EQUIPMENT SHED ROOF REPAIR,New,140L2626Q0058,DOI - Bureau of Land Management (Idaho State Office),238160,Solicitation,2026-09-14T16:00:00.000Z,2026-08-21,"Boise, ID",Total Small Business Set-Aside,,,https://sam.gov/workspace/contract/opp/c61cd18c8785454cbabb8246235b856c/view,,,,
REFUSE SERVICE - SHIPROCK HDQTR HOUSING,New,140A2326Q0267,DOI - Bureau of Indian Affairs (Indian Education Acquisition Office),562111,Solicitation,2026-08-26T23:00:00.000Z,2026-08-21,"Shiprock, NM",,,,https://sam.gov/workspace/contract/opp/d8b9699887b34d55bab602a6670ef366/view,,,,
Navarro Mills Shelter Top Repairs,New,W9126G26RA111,DoD - Army Corps of Engineers (Fort Worth District),238160,Solicitation,2026-09-20T17:00:00.000Z,2026-08-21,"Navarro Mills Lake, TX",,,,https://sam.gov/workspace/contract/opp/1560ee5343ff4563943ada6990ae7c5e/view,,,,
IDIQ Mowing Contract - Nimrod & Blue Mountain Lake Project,New,W9127S26QA049,"DOD - Army, Little Rock District",561730,Combined Synopsis/Solicitation,2026-09-18T16:00:00.000Z,2026-08-20,"Nimrod & Blue Mountain Lakes, AR",,,,https://sam.gov/search/?index=opp&sfm%5BsimpleSearch%5D%5BkeywordEditorTextarea%5D=W9127S26QA049,,,,
Renew Landscaping at Base New Orleans,New,31070PR260000394,"DHS - US Coast Guard, Base New Orleans",561730,Combined Synopsis/Solicitation,2026-08-28T20:00:00.000Z,2026-08-20,"New Orleans, LA",,,,https://sam.gov/search/?index=opp&sfm%5BsimpleSearch%5D%5BkeywordEditorTextarea%5D=31070PR260000394,,,,
USDA-ARS Mississippi Roofing Repairs - Multi Locations,New,12445126B0042,"USDA Forest Service, CSA East 11",238160,Combined Synopsis/Solicitation,2026-09-18T14:00:00.000Z,2026-08-20,Mississippi (multiple sites),,,,https://sam.gov/search/?index=opp&sfm%5BsimpleSearch%5D%5BkeywordEditorTextarea%5D=12445126B0042,,,,
"DISA FY26 Roof Repairs at Fort Meade, MD",New,W912DR26QA057,"DOD - Army, Baltimore District",238160,Solicitation,2026-09-18T15:00:00.000Z,2026-08-20,"Fort Meade, MD",,,,https://sam.gov/search/?index=opp&sfm%5BsimpleSearch%5D%5BkeywordEditorTextarea%5D=W912DR26QA057,,,,
S205 - General Waste & Recycling Removal - IC (VA NCO 23),Passed,36C26326Q1046,"Veterans Affairs, Network Contract Office 23",562111,Solicitation,2026-09-10T23:00:00.000Z,2026-08-20,VA NCO 23 (region TBD),,,,https://sam.gov/search/?index=opp&sfm%5BsimpleSearch%5D%5BkeywordEditorTextarea%5D=36C26326Q1046,,,,
"Design & Construction Services - FY26 National Roofing Program (NRP) Project #10, Wilmington NC",Passed,W912QR26R1C3V,"DOD - Army Corps of Engineers, Louisville District",238160,Combined Synopsis/Solicitation,2026-09-17T18:00:00.000Z,2026-08-20,"Wilmington, NC",,,,https://sam.gov/search/?index=opp&sfm%5BsimpleSearch%5D%5BkeywordEditorTextarea%5D=W912QR26R1C3V,,,,
Grounds Maintenance Services - Seba Dalkai Boarding School,New,140A2326Q0273,"Dept of Interior - Bureau of Indian Affairs, Indian Education Acquisition Office",561730,Solicitation,2026-08-27T21:00:00.000Z,2026-08-20,"Seba Dalkai, AZ (Navajo Nation)",,,,https://sam.gov/search/?index=opp&sfm%5BsimpleSearch%5D%5BkeywordEditorTextarea%5D=140A2326Q0273,,,,
Maintain Exterior Finishes,Passed,FA462626R0016,Malmstrom AFB,236220,Solicitation,2026-09-16T17:00:00.000Z,2026-08-19,"Malmstrom AFB, MT",Total Small Business Set-Aside,,,https://sam.gov/search/?index=opp&sfm%5BsimpleSearch%5D%5BkeywordEditorTextarea%5D=FA462626R0016,,,,
Repair Fire House Kitchen B708,New,FA480326B0017,Hill AFB 20 CONS,236220,Solicitation,2026-09-21T17:00:00.000Z,2026-08-19,"Hill AFB, UT",Total Small Business Set-Aside,,,https://sam.gov/search/?index=opp&sfm%5BsimpleSearch%5D%5BkeywordEditorTextarea%5D=FA480326B0017,,,,
J--Woods Hole Backup Generator,Passed,1305M326Q0399,Dept of Commerce - NOAA,238210,Solicitation,2026-08-24T17:00:00.000Z,2026-08-19,"Woods Hole, MA",Total Small Business Set-Aside,,,https://sam.gov/search/?index=opp&sfm%5BsimpleSearch%5D%5BkeywordEditorTextarea%5D=1305M326Q0399,,,,
Z--Replace Elliot Key Buildings Failing Roofs at Biscayne,New,140P5426R0023,NPS - Southeast Region MABO,238160,Solicitation,2026-08-26T17:00:00.000Z,2026-08-19,"Biscayne National Park, FL",Total Small Business Set-Aside,,,https://sam.gov/opp/5705d48383ab4c64a8d771512b858a9b/view,,,,
"Conference Room Renovations, Frances Perkins Building",New,1605C4-26-R-00029,Department of Labor,236220,Combined Synopsis/Solicitation,2026-08-28T17:00:00.000Z,2026-08-19,"Washington, DC",Total Small Business Set-Aside,,,https://sam.gov/search/?index=opp&sfm%5BsimpleSearch%5D%5BkeywordEditorTextarea%5D=1605C4-26-R-00029,,,,
DSCR B46&B47 Lawn Irrigation,New,SP470326Q0065,DLA Richmond,236220,Solicitation,2026-08-28T17:00:00.000Z,2026-08-19,"North Chesterfield, VA",Total Small Business Set-Aside,,,https://sam.gov/search/?index=opp&sfm%5BsimpleSearch%5D%5BkeywordEditorTextarea%5D=SP470326Q0065,,,,
Installation and Connection Services,New,FA442726Q1122,Travis AFB 60 CONS,238210,Solicitation,2026-08-31T17:00:00.000Z,2026-08-19,"Travis AFB, CA",Total Small Business Set-Aside,,,https://sam.gov/search/?index=opp&sfm%5BsimpleSearch%5D%5BkeywordEditorTextarea%5D=FA442726Q1122,,,,
J--GC26 Fire Alarm System Replacement,New,140R4026R0010,Bureau of Reclamation - Upper Colorado Region,238210,Solicitation,2026-08-31T17:00:00.000Z,2026-08-19,,Total Small Business Set-Aside,,,https://sam.gov/search/?index=opp&sfm%5BsimpleSearch%5D%5BkeywordEditorTextarea%5D=140R4026R0010,,,,
1771 Roofing Replacement,New,N4008526R9067,NAVFAC Mid-Atlantic,236220,Combined Synopsis/Solicitation,2026-08-31T17:00:00.000Z,2026-08-19,"Camp Lejeune, NC",Total Small Business Set-Aside,,,https://sam.gov/opp/c0d6f28b35864d398310bc4350e0396b/view,,,,
Jack Creek Recreation Area - Janitorial & Trash Removal w/ Grounds Policing,Passed,12444026Q0178,"Agriculture, Department of / Forest Service (USDA-FS CSA East 2)",561720,Combined Synopsis/Solicitation,2026-08-21T21:00:00.000Z,2026-08-18,"Ouachita National Forest (Poteau-Cold Springs RD), AR",Total Small Business Set-Aside (FAR 19.5),,,https://sam.gov/workspace/contract/opp/65f0aef9a6ce4ea18e7b4199e182d444/view,,,,
S208 - Janitorial OKC VAMC Base +4 OY,Passed,36C25926Q0532,"Veterans Affairs, Department of (Network Contract Office 19)",561720,Solicitation,2026-08-24T15:00:00.000Z,2026-08-18,"Oklahoma City, OK",,,,https://sam.gov/workspace/contract/opp/e99989d6994f468689f4f0333f976283/view,,,,
Rochester SST Paint and Repairs,Passed,12444326Q0047,"Agriculture, Department of / Forest Service (USDA-FS CSA East 5)",238320,Combined Synopsis/Solicitation,2026-08-20T17:00:00.000Z,2026-08-18,"Green Mountain National Forest, VT",Total Small Business Set-Aside (FAR 19.5),,,https://sam.gov/workspace/contract/opp/a61c2f7275a44a7b9ada6739f1831696/view,,,,
PISP - Replace Visitor Center Roof (Pipe Spring NM),Passed,140PS126Q0060,"Interior, Department of / National Park Service (Pipe Spring National Monument)",236220,Solicitation,2026-09-10T21:00:00.000Z,2026-08-18,"Fredonia, AZ",Total Small Business Set-Aside (FAR 19.5),,,https://sam.gov/workspace/contract/opp/cee9ae6496544470a39007e852683aa8/view,,,,
FCI Lewisburg - Replace Roofing,Passed,15B20726Q00000016,"Justice, Department of / Federal Prison System (BOP) - FCI Lewisburg",238160,Combined Synopsis/Solicitation,2026-08-21T19:30:00.000Z,2026-08-18,"Lewisburg, PA",Total Small Business Set-Aside (FAR 19.5),,,https://sam.gov/workspace/contract/opp/791bbff151364a798fcad4273f532d02/view,,,,
Birch Creek Roofing Replacement,Passed,1240LT26Q0117,USDA Forest Service,238160,Combined Synopsis/Solicitation,2026-08-21T18:00:00.000Z,2026-08-17,"Birch Creek CCC Camp, near Dillon, MT",Total Small Business Set-Aside,,,https://sam.gov/workspace/contract/opp/f436ba88c757442aa56672aa829de134/view,,,,
Electrical Inspection and Repair Services - Boston National Historical Park,Passed,140P4326Q0051,National Park Service (Dept of Interior),238210,Combined Synopsis/Solicitation,2026-08-21T17:00:00.000Z,2026-08-17,"Boston National Historical Park, Boston, MA (Charlestown Navy Yard)",Total Small Business Set-Aside,,,https://sam.gov/workspace/contract/opp/7da8feb9baf545b09a20955441b920c0/view,,,,
Muskingum Area Office Roof Replacement,Passed,W9123726QA087,Dept of the Army - USACE Huntington District,238160,Solicitation,2026-08-27T16:00:00.000Z,2026-08-17,"Dover, OH",None (Full and Open),,,https://sam.gov/workspace/contract/opp/b2b6c8e00a6c48d2babe4ab5790b5f54/view,,,,
"Amended Tree pruning, tree removal and stump grinding - Togus National Cemetery",Passed,36C78626Q50232,"Veterans Affairs, Department of - National Cemetery Administration",561730,Combined Synopsis/Solicitation,2026-08-21T20:00:00.000Z,2026-08-16,"Togus National Cemetery, Augusta, ME",Service-Disabled Veteran-Owned Small Business (SDVOSB) Set-Aside,,,https://sam.gov/workspace/contract/opp/d3763be8bdf04ef9a5c1fb7e44ee5d37/view,,,,
"Landscaping & Grounds Maintenance - USGS Washington Water Science Center (Lakewood, WA)",Passed,140G0326Q0201,"Interior, Department of the - US Geological Survey",561730,Presolicitation,2026-08-24T16:00:00.000Z,2026-08-16,"Lakewood, WA",Total Small Business Set-Aside,,,https://sam.gov/workspace/contract/opp/3b8e6dcda10c49e78c84d43cda00578d/view,,,,
"Snow Removal Services at NWS Johnson City, NY",Passed,1305M326Q0459,"Commerce, Department of - NOAA",561730,Combined Synopsis/Solicitation,2026-08-25T21:00:00.000Z,2026-08-16,"NWS Forecast Office Binghamton, Johnson City, NY",Total Small Business Set-Aside,,,https://sam.gov/workspace/contract/opp/1620263fbf63404abe604447b39b99ab/view,,,,
Lake Berryessa East Side Road Seeding (383.8 acres),Passed,140R2026Q0094,"Interior, Department of the - Bureau of Reclamation",561730,Combined Synopsis/Solicitation,2026-08-25T00:00:00.000Z,2026-08-16,"Lake Berryessa, CA",Total Small Business Set-Aside,,,https://sam.gov/workspace/contract/opp/f567fc827978459c9ae113e3cc96141d/view,,,,
"BAFS Flight Line Debris and Restoration (Bellows AFS, HI)",Passed,FA521526R0013,Dept of Defense - Air Force (Pacific Air Forces),562111,Solicitation,2026-08-24T18:00:00.000Z,2026-08-16,"Bellows Air Force Station, HI",Total Small Business Set-Aside,,,https://sam.gov/workspace/contract/opp/d039e5669f114581b115c71962986bb5/view,,,,
"Trash Services - National Cemetery of the Pacific, HI",Passed,36C78626Q502050002,"Veterans Affairs, Department of - National Cemetery Administration",562111,Special Notice,2026-08-19T03:00:00.000Z,2026-08-16,"Honolulu, HI (National Cemetery of the Pacific)","No set-aside (tiered evaluation: SDVOSB, VOSB, SB, then all businesses)",,,https://sam.gov/workspace/contract/opp/a0dcd558739748918d1a13c6d7a60f94/view,,,,
Alvin C York VAMC Mature Tree Removal,Passed,36C24926Q0347,"Veterans Affairs, Department of - Network Contract Office 9 (36C249)",561730,Combined Synopsis/Solicitation,2026-08-21T15:00:00.000Z,2026-08-14,"Alvin C. York VAMC - Murfreesboro, TN (NCO 9)",Not verified - confirm on SAM.gov,,,https://sam.gov/search/?index=opp&sort=-modifiedDate&page=1&pageSize=25&sfm%5BsimpleSearch%5D%5BkeywordRadio%5D=EXACT&sfm%5BsimpleSearch%5D%5BkeywordEditorTextarea%5D=%2236C24926Q0347%22,[2026-08-16 catch-up scan] Found during 8/14-8/15 catch-up (missed automated scan on those dates). NAICS/Set-Aside inferred from listing; detail page could not be opened this session (browser click tool issue) - confirm on SAM.gov before pursuing.,,,
Landscape and Grounds Maintenance (VA NCO 21),Passed,36C26126Q0750,"Veterans Affairs, Department of - Network Contract Office 21 (36C261)",561730,Combined Synopsis/Solicitation,2026-08-24T12:00:00.000Z,2026-08-14,Not stated in listing - verify on SAM.gov (NCO 21 territory),"Not verified - confirm on SAM.gov (likely Total Small Business Set-Aside, matches other VA grounds maintenance awards already tracked)",,,https://sam.gov/search/?index=opp&sort=-modifiedDate&page=1&pageSize=25&sfm%5BsimpleSearch%5D%5BkeywordRadio%5D=EXACT&sfm%5BsimpleSearch%5D%5BkeywordEditorTextarea%5D=%2236C26126Q0750%22,[2026-08-16 catch-up scan] Found during 8/14-8/15 catch-up (missed automated scan on those dates). NAICS/Set-Aside inferred from listing; detail page could not be opened this session (browser click tool issue) - confirm on SAM.gov before pursuing.,,,
"Removal, Inspection, & Replacement Roofing - 3 remote Forest Service locations",Passed,127EAX26Q0074,"Agriculture, Department of - Forest Service (Coconino National Forest)",238160,Combined Synopsis/Solicitation,2026-09-10T18:00:00.000Z,2026-08-14,"Coconino National Forest, AZ (3 remote locations)","Not verified - confirm on SAM.gov (likely Total Small Business Set-Aside, matches multiple other USDA FS roofing awards already tracked)",,,https://sam.gov/search/?index=opp&sort=-modifiedDate&page=1&pageSize=25&sfm%5BsimpleSearch%5D%5BkeywordRadio%5D=EXACT&sfm%5BsimpleSearch%5D%5BkeywordEditorTextarea%5D=%22127EAX26Q0074%22,[2026-08-16 catch-up scan] Found during 8/14-8/15 catch-up (missed automated scan on those dates). NAICS/Set-Aside inferred from listing; detail page could not be opened this session (browser click tool issue) - confirm on SAM.gov before pursuing.,,,
Building 5945 Electrical Upgrade,New,N0025326Q0010,"DoD - Navy, Naval Undersea Warfare Center (Keyport)",238210,Solicitation,2026-09-15T00:00:00.000Z,2026-08-14,"Naval Undersea Warfare Center, Keyport, WA",Not verified - confirm on SAM.gov,,,https://sam.gov/search/?index=opp&sort=-modifiedDate&page=1&pageSize=25&sfm%5BsimpleSearch%5D%5BkeywordRadio%5D=EXACT&sfm%5BsimpleSearch%5D%5BkeywordEditorTextarea%5D=%22N0025326Q0010%22,[2026-08-16 catch-up scan] Found during 8/14-8/15 catch-up (missed automated scan on those dates). NAICS/Set-Aside inferred from listing; detail page could not be opened this session (browser click tool issue) - confirm on SAM.gov before pursuing.,,,
Roof Repair B9502 McGregor Range,New,W911SG26BA013,"DoD - Army, MICC Fort Bliss",238160,Solicitation,2026-08-26T16:30:00.000Z,2026-08-14,"McGregor Range, NM","Not verified - confirm on SAM.gov (likely Total Small Business Set-Aside, matches sister IFB W911SG26BA005 already tracked)",,,https://sam.gov/search/?index=opp&sort=-modifiedDate&page=1&pageSize=25&sfm%5BsimpleSearch%5D%5BkeywordRadio%5D=EXACT&sfm%5BsimpleSearch%5D%5BkeywordEditorTextarea%5D=%22W911SG26BA013%22,"[2026-08-16 catch-up scan] Found during 8/14-8/15 catch-up (missed automated scan on those dates). NAICS/Set-Aside inferred from listing + pattern match to sister solicitation; detail page could not be opened this session (browser click tool issue) - confirm on SAM.gov before pursuing.

[Aug 18, 2026 — auto-scan] Detail page now confirmed: NAICS 238160 Roofing Contractors, 100% Total SB Set-Aside, magnitude $100K-$250K, IFB with bid guarantee + performance/payment bonds. Note: superintendent must be a direct employee of the prime and cannot be subcontracted (FAR 52.236-6) - factor into staffing plan. Offers due Aug 26, 2026 10:30 AM MDT.",,,
"DLA Columbus, Ohio Solid Waste Removal",Bid Submitted,SP4510-26-Q-1043,"DoD - Defense Logistics Agency, DLA Disposition Services",562111,Solicitation,2026-08-24T19:00:00.000Z,2026-08-14,"Columbus, OH","Not verified - confirm on SAM.gov (likely Total Small Business Set-Aside, matches other solid-waste removal awards already tracked)",RollNHook,Melissa Medrano,https://sam.gov/search/?index=opp&sort=-modifiedDate&page=1&pageSize=25&sfm%5BsimpleSearch%5D%5BkeywordRadio%5D=EXACT&sfm%5BsimpleSearch%5D%5BkeywordEditorTextarea%5D=%22SP4510-26-Q-1043%22,[2026-08-16 catch-up scan] Found during 8/14-8/15 catch-up (missed automated scan on those dates). NAICS/Set-Aside inferred from listing; detail page could not be opened this session (browser click tool issue) - confirm on SAM.gov before pursuing.,,,
Power System Generator & Transfer Switches Replace (Western Area Power Admin),New,89503126QWA000425,"Energy, Department of - Western Area Power Administration (Desert Southwest Region)",238210,Combined Synopsis/Solicitation,2026-08-28T21:00:00.000Z,2026-08-14,Desert Southwest Region (WAPA) - verify exact site on SAM.gov,Not verified - confirm on SAM.gov,,,https://sam.gov/search/?index=opp&sort=-modifiedDate&page=1&pageSize=25&sfm%5BsimpleSearch%5D%5BkeywordRadio%5D=EXACT&sfm%5BsimpleSearch%5D%5BkeywordEditorTextarea%5D=%2289503126QWA000425%22,[2026-08-16 catch-up scan] Found during 8/14-8/15 catch-up (missed automated scan on those dates). NAICS/Set-Aside inferred from listing; detail page could not be opened this session (browser click tool issue) - confirm on SAM.gov before pursuing.,,,
Grounds Maintenance Services for Riverside National Cemetery - S208,New,36C78626R50120,"Veterans Affairs, Department of - National Cemetery Administration (36C786)",561730,Special Notice,2026-09-16T00:00:00.000Z,2026-08-14,"Riverside National Cemetery, CA","Not verified - confirm on SAM.gov (likely Total Small Business Set-Aside, matches other VA NCA grounds maintenance awards already tracked)",,,https://sam.gov/search/?index=opp&sort=-modifiedDate&page=1&pageSize=25&sfm%5BsimpleSearch%5D%5BkeywordRadio%5D=EXACT&sfm%5BsimpleSearch%5D%5BkeywordEditorTextarea%5D=%2236C78626R50120%22,[2026-08-16 catch-up scan] Found during 8/14-8/15 catch-up (missed automated scan on those dates). NAICS/Set-Aside inferred from listing; detail page could not be opened this session (browser click tool issue) - confirm on SAM.gov before pursuing.,,,
"Cooling Tower, Roofing, and Structural Construction",Passed,2031ZA26B00011,"Treasury, Department of the - Bureau of Engraving and Printing",236220,Sources Sought,2026-08-20T18:00:00.000Z,2026-08-14,Not stated in listing - verify on SAM.gov,Not verified - confirm on SAM.gov,,,https://sam.gov/search/?index=opp&sort=-modifiedDate&page=1&pageSize=25&sfm%5BsimpleSearch%5D%5BkeywordRadio%5D=EXACT&sfm%5BsimpleSearch%5D%5BkeywordEditorTextarea%5D=%222031ZA26B00011%22,[2026-08-16 catch-up scan] Found during 8/14-8/15 catch-up (missed automated scan on those dates). NAICS/Set-Aside/Place of Performance inferred from search-results listing only - detail page could not be opened this session (browser click tool was not navigating reliably); confirm all fields on SAM.gov before pursuing.,,,
Western Oregon Service Unit Grounds Maintenance (IHS),Passed,75H71326Q00032,"Health and Human Services, Department of - Indian Health Service",561730,Combined Synopsis/Solicitation,2026-08-21T00:00:00.000Z,2026-08-14,Western Oregon (Indian Health Service territory) - verify exact site on SAM.gov,Amendment 3 dissolved the Indian Small Business Economic Enterprise set-aside per listing snippet - verify current set-aside status on SAM.gov,,,https://sam.gov/search/?index=opp&sort=-modifiedDate&page=1&pageSize=25&sfm%5BsimpleSearch%5D%5BkeywordRadio%5D=EXACT&sfm%5BsimpleSearch%5D%5BkeywordEditorTextarea%5D=%2275H71326Q00032%22,[2026-08-16 catch-up scan] Found during 8/14-8/15 catch-up (missed automated scan on those dates). NAICS/Set-Aside inferred from listing; detail page could not be opened this session (browser click tool issue) - confirm on SAM.gov before pursuing.,,,
GAOA Redwood Sciences Laboratory Roof Replacement,New,127EAX26Q0065,AGRICULTURE / Forest Service - Pacific SW Forest & Range Exp Station,238160,Combined Synopsis/Solicitation,2026-08-28T22:00:00.000Z,2026-08-13,"Arcata, CA (Redwood Sciences Laboratory)",Total Small Business Set-Aside (FAR 19.5),,,https://sam.gov/workspace/contract/opp/567d2c79363e4341813fb1dbec76f048/view,,,,
Waste and Refuse Services,Passed,36C25627Q0003,VETERANS AFFAIRS / Network Contract Office 16,562111,Combined Synopsis/Solicitation,2026-09-11T17:00:00.000Z,2026-08-13,"Gulf Coast region (MS/AL/FL - wage determinations cover Harrison Co MS, Mobile Co AL, Escambia/Bay Co FL)",Service-Disabled Veteran-Owned Small Business (SDVOSB) Set-Aside (FAR 19.14),,,https://sam.gov/workspace/contract/opp/e83547ae4d5f4fc9a1bdfd50e22b8516/view,"[2026-09-02] Amendment A0001 posted on SAM.gov: response deadline extended from Sep 4, 2026 5:00 PM to Sep 11, 2026 1:00 PM EDT. No other changes noted.",,,
Metal Roof Installation,New,1232SA26Q1292,AGRICULTURE / Agricultural Research Service,238160,Combined Synopsis/Solicitation,2026-09-15T00:00:00.000Z,2026-08-13,"Hilo, HI (Tropical Plant Genetic Resources and Disease Research Unit)",Total Small Business Set-Aside (FAR 19.5),,,https://sam.gov/workspace/contract/opp/2df87aaf7dc143f4a95e57118a6a4c86/view,"SAM.gov's own 'Date Offers Due' field shows Sep 14, 2024 (clearly a year typo on their end, since site visits are scheduled Aug 24/26, 2026 and questions are due Sep 1, 2026). Corrected deadline here to Sep 14, 2026 2:00 PM HST based on the posted RFQ timeline - verify against the actual attachments before final pricing.

[Sep 10, 2026 — auto-scan] Amendment 01 posted today (SF30 + site visit sign-in sheets + RFI responses). Still Total Small Business Set-Aside, NAICS 238160. Offers due Sep 14, 2026 2:00 PM HST (confirmed against detail page, not a typo).",,,
"Multiple Roof Repairs and/or Replacements at FLETC in Charleston, SC",Passed,70LCHS26QPFB00034,HOMELAND SECURITY / Federal Law Enforcement Training Center,238160,Combined Synopsis/Solicitation,2026-09-11T15:00:00.000Z,2026-08-13,"Charleston, SC",Total Small Business Set-Aside (FAR 19.5),,,https://sam.gov/workspace/contract/opp/1d965c6fb9234d778cedfe4ae5a89b42/view,,,,
Roof Maintenance at the Eureka WFO,Passed,1305M326Q0438,COMMERCE / NOAA,238160,Solicitation,2026-08-24T18:00:00.000Z,2026-08-13,"Eureka, CA",Total Small Business Set-Aside (FAR 19.5),,,https://sam.gov/workspace/contract/opp/a116bff23e074abf8798cca505d362ed/view,,,,
"Shelter Roof Replacement, Buffumville Lake, Charlton, MA",Passed,W912WJ26QA161,DEPT OF THE ARMY / USACE New England District,238160,Presolicitation,,2026-08-13,"Charlton, MA",Total Small Business Set-Aside (FAR 19.5),,,https://sam.gov/workspace/contract/opp/c433c240652648489bce652ba263c96e/view,"[Sep 10, 2026 — auto-scan] Amendment 0002 posted today (Sep 10); Amendment 0001 posted Sep 8. Solicitation remains Total Small Business Set-Aside, NAICS 238160, offers due Sep 14, 2026 5:00 PM EDT.",,,
Gold Beach Ranger Station Roof Replacements,New,1240BH26Q0066,AGRICULTURE / Forest Service - CSA Northwest 6,238160,Presolicitation,2026-08-28T15:00:00.000Z,2026-08-13,"Gold Beach, OR (Rogue River-Siskiyou NF)",Total Small Business Set-Aside (FAR 19.5),,,https://sam.gov/workspace/contract/opp/6f135ed2a5b041068e00da2d8bcda235/view,,,,
FY26 Upgrades - Paint Only,New,W912DS26QA022,DEPT OF THE ARMY / ENDIST New York,238320,Solicitation,2026-08-27T18:00:00.000Z,2026-08-13,Upstate New York,Total Small Business Set-Aside (FAR 19.5),,,https://sam.gov/workspace/contract/opp/da6b7ef47b534e0eb2c5a8fa1f2872ae/view,,,,
"Free Quaker Meeting House, Roof Repair, Conservation",Passed,140D0426Q0825,INTERIOR / Departmental Offices - IBC Acq Svcs,238160,Combined Synopsis/Solicitation,2026-09-11T21:00:00.000Z,2026-08-13,"Philadelphia, PA (Independence NHP)",Total Small Business Set-Aside (FAR 19.5),,,https://sam.gov/workspace/contract/opp/7470ce7fe3234efebc3d14ac742f45f3/view,"[2026-09-11] Amendment 0003 posted: response due date extended from Sep 11 to Sep 14, 2026 2:00 PM EDT. Tracker deadline field left as-is per no-overwrite policy on existing records; Status remains Passed as set by Gus.",,,
NYARNG Waste Removal Services IDIQ,New,W912PQ26QA027,DEPT OF THE ARMY / NY Army National Guard USPFO,562112,Combined Synopsis/Solicitation,2026-08-31T13:00:00.000Z,2026-08-13,"New York (NYARNG facilities, contracting office in Latham, NY)",Total Small Business Set-Aside (FAR 19.5),,,https://sam.gov/workspace/contract/opp/a2057c1043eb457faf97acefc1292c57/view,,,,
"Begich, Boggs Visitor Center Roof Replacement",New,1240BH26Q0039,AGRICULTURE / Forest Service - CSA Northwest 6,238160,Combined Synopsis/Solicitation,2026-08-31T21:00:00.000Z,2026-08-13,"Girdwood, AK (Chugach National Forest)",Total Small Business Set-Aside (FAR 19.5),,,https://sam.gov/workspace/contract/opp/da09604954ec44369f03a35478d3917d/view,,,,
Building BB6 Roofing Repairs (Camp Lejeune),Passed,N4008526R9068,DoD / Navy - NAVFAC Mid-Atlantic,238160,Combined Synopsis/Solicitation,2026-08-21T18:00:00.000Z,2026-08-12,"Camp Lejeune, NC",Total Small Business Set-Aside (FAR 19.5) - RESTRICTED to pre-qualified Roofing MACC contractors,,,https://sam.gov/workspace/contract/opp/711d63fd35dc436cb01b79b1b440f727/view,,,,
W911SA26RA025 - JOC Fort McCoy (ND/SD/MN),New,W911SA26RA025,DoD / Army - MICC Fort McCoy,236220,Solicitation,2026-09-14T16:00:00.000Z,2026-08-12,"ND, SD, MN (multi-site JOC)",HUBZone Set-Aside (FAR 19.13),,,https://sam.gov/workspace/contract/opp/e40939c7d6834dc8b1bdc522b17b6854/view,,,,
PNF McCall SO Lawn Services,Passed,1240LR26Q0044,"USDA / Forest Service (Payette NF, McCall RD)",561730,Combined Synopsis/Solicitation,2026-08-20T21:00:00.000Z,2026-08-12,"McCall, ID",Total Small Business Set-Aside (FAR 19.5),,,https://sam.gov/workspace/contract/opp/a19b0dd6b1194d919e846c61c6a21f87/view,,,,
Replace Roof B-2502 Armed Forces Reserve Center (Niagara Falls),Passed,FA667026Q0014,DoD / Air Force Reserve Command,236220,Combined Synopsis/Solicitation,2026-09-10T15:00:00.000Z,2026-08-12,"Niagara Falls ARS, NY",SBA Certified Women-Owned Small Business (WOSB) Set-Aside (FAR 19.15),,,https://sam.gov/workspace/contract/opp/916a270c378149278691a20d6fb03b80/view,,,,
"Grounds Maintenance Services - Martinsburg, WV (WV026)",Passed,W15QKN26QA111,DoD / Army (ACC-Picatinny),561730,Solicitation,2026-08-18T15:00:00.000Z,2026-08-12,"Martinsburg Memorial USARC, Martinsburg, WV",Total Small Business Set-Aside (FAR 19.5),,,https://sam.gov/workspace/contract/opp/276b1279d56d46e7a70b515bb313441a/view,,,,
Integrated Solid Waste Management - Vandenberg SFB,Reviewing,FA461026Q0030,DoD / Air Force - Space Systems Command,562111,Combined Synopsis/Solicitation,2026-09-14T21:00:00.000Z,2026-08-12,"Vandenberg SFB, CA",Total Small Business Set-Aside (FAR 19.5),,,https://sam.gov/workspace/contract/opp/92e1b84c520a475aa2a6aa39c654171a/view,,,,
B101 and B136 Roof Repairs - 180th FW Ohio ANG,New,W50S8S26QA012,"DoD / Army - National Guard Bureau (180th Fighter Wing, Ohio ANG)",238160,Solicitation,2026-08-31T14:00:00.000Z,2026-08-12,"Swanton, OH (180th Fighter Wing)",Total Small Business Set-Aside (FAR 19.5),,,https://sam.gov/workspace/contract/opp/7598b7a032404dfa9af6cf14d5bf88f7/view,,,,
USCG Base STL Iron Street Clean Up,Passed,70Z02926QGALV0061,US Coast Guard,561730,Combined Synopsis/Solicitation,2026-08-21T19:00:00.000Z,2026-08-11,"Saint Louis, MO",Total Small Business Set-Aside,,,https://sam.gov/opp/864f20acfee148d5bf4f56cb0316d990/view,,,,
Exterior Door Replacements - Rainelle WV (WV035),Passed,W15QKN-26-Q-A093,Army ACC-PICA,236220,Solicitation,2026-08-14T15:00:00.000Z,2026-08-11,"Rainelle, WV",Total Small Business Set-Aside,,,https://sam.gov/opp/e1a8805db3ba4aa6a7700c29d9ffa2c9/view,,,,
Gila NF Wilderness RD Roof Replacement (3 Historic Structures),Passed,127EAX26Q0082,USDA Forest Service (Southwest),236220,Combined Synopsis/Solicitation,2026-09-09T18:00:00.000Z,2026-08-11,"Mimbres, NM",Total Small Business Set-Aside,,,https://sam.gov/opp/de03f53847eb45cc9e0383f61adb58dc/view,,,,
TARC Building 1 Roof Replacement,New,W9133L26QA018,Army National Guard Readiness Center,238160,Combined Synopsis/Solicitation,2026-08-31T18:00:00.000Z,2026-08-11,"Arlington, VA",Total Small Business Set-Aside,,,https://sam.gov/opp/b860425e6d6a4076bd24320ed05af2b9/view,"[Aug 24, 2026 — auto-scan] Solicitation Amendment 0002 posted today: updated Statement of Work, RFI responses 1-33 added, period of performance changed from 180 to 220 days, lightning/grounding plan attachments added. Still 100% Total Small Business Set-Aside, NAICS 238160, project magnitude $1M-$3M. Offers due Aug 31, 2026 2:00 PM EDT (unchanged).",,,
WMF Saco Ranger Station Snow Plowing/Removal,New,12444326Q0063,USDA Forest Service (White Mountain NF),561730,Combined Synopsis/Solicitation,2026-08-26T23:00:00.000Z,2026-08-11,"Conway, NH",Total Small Business Set-Aside,,,https://sam.gov/opp/e0fc41519d714d4bb9f4cddca42e8cfe/view,,,,
Airfield Joint Sealant Repairs - Niagara Falls ARS,Passed,FA667026Q0013,US Air Force (914 AW),236220,Combined Synopsis/Solicitation,2026-09-10T18:00:00.000Z,2026-08-11,"Niagara Falls, NY",Total Small Business Set-Aside,,,https://sam.gov/opp/f258e01a96d944158d6fc91672568918/view,,,,
COTP River Crossing Tower Painting (WAPA),Passed,89503326QWA000398,Dept of Energy - WAPA,238320,Combined Synopsis/Solicitation,2026-08-25T23:00:00.000Z,2026-08-11,,None (Full & Open),,,https://sam.gov/opp/333dc24bfa0a4149af4efc3bb4cf2383/view,,,,
MV Electrical Distribution Transformer PM - Stewart ANG,Passed,W50S8D26Q1C85,NY Air National Guard,238210,Solicitation,2026-08-19T15:00:00.000Z,2026-08-11,"Newburgh, NY",Total Small Business Set-Aside,,,https://sam.gov/opp/8fba688cefba4b21b0f96a48990c505e/view,,,,
LAKE - Demo Las Vegas Bay Launch Ramp Restroom & Lift Station,Passed,140P8126Q0044,National Park Service (Lake Mead),238910,Solicitation,2026-09-11T21:00:00.000Z,2026-08-11,"Lake Mead NRA, NV",Total Small Business Set-Aside,,,https://sam.gov/opp/87ab04b4bb284185aa95b02f8b3924ec/view,,,,
LAKE Rehab Echo Bay Picnic Restroom,Passed,140P8126Q0039,National Park Service (Lake Mead),236220,Solicitation,2026-08-18T21:00:00.000Z,2026-08-11,"Lake Mead NRA, NV",Total Small Business Set-Aside,,,https://sam.gov/opp/43c13f33b9ad4f2c97478926be997e2a/view,,,,
Replace Elevator Bldg 355 - Dam Neck Annex,Passed,N4008525R0084,NAVFAC Mid-Atlantic,236220,Solicitation,2026-08-20T18:00:00.000Z,2026-08-11,"Virginia Beach, VA",Total Small Business Set-Aside,,,https://sam.gov/opp/4c7f4b8f9f424420aba7dcb30fa85e94/view,,,,
Security Gates Semi-Annual PM - USDA ARS Ames,Passed,1232SA26Q1174,USDA ARS,236220,Solicitation,2026-08-18T21:00:00.000Z,2026-08-11,"Ames, IA",Total Small Business Set-Aside,,,https://sam.gov/opp/53fc88e50f854a3c9e2b49a5614723c2/view,,,,
Devil Dog Inn 1st Floor Renovation - Cherry Point,Passed,N400857406703,NAVFAC Mid-Atlantic,236220,Solicitation,2026-08-19T19:00:00.000Z,2026-08-11,"Cherry Point, NC",Total Small Business Set-Aside,,,https://sam.gov/opp/41ca7587456e49298c6e083f3ad658d7/view,,,,
Electrical Services BOA - Brookhaven National Lab,Passed,MH472264,Dept of Energy (Brookhaven),238210,Combined Synopsis/Solicitation,2026-08-14T20:00:00.000Z,2026-08-11,"Upton, NY",Total Small Business Set-Aside,,,https://sam.gov/opp/f6bd6061cd3a41dc937777a05c146c2d/view,,,,
"Building Improvements - Wilson & Kanopolis Lakes, KS",New,W912DQ26BA016,USACE Kansas City,238160,Solicitation,2026-08-31T18:00:00.000Z,2026-08-11,KS,Total Small Business Set-Aside,,,https://sam.gov/opp/598098fe94fd4808b77ccf350cd2c428/view,,,,
NE Rainwater Basin WMD Tree Removal (Lange/Rolland WPA),New,140FS226Q0172,US Fish & Wildlife Service,561730,Solicitation,2026-08-26T21:00:00.000Z,2026-08-11,NE,Total Small Business Set-Aside,,,https://sam.gov/opp/dbc96ef844e24024af2eb6b369287e1d/view,,,,
USDA-USHARL Invasive Plant Management Services,Passed,1232SA26Q1242,USDA ARS,561730,Combined Synopsis/Solicitation,2026-08-20T16:00:00.000Z,2026-08-11,"Fort Pierce, FL",Total Small Business Set-Aside,,,https://sam.gov/opp/a338a9dd3be446059b7033583be92ecd/view,,,,
Dworshak NFH Feed Roof Repair,New,140FC126Q0032,US Fish & Wildlife Service,238160,Solicitation,2026-08-31T13:00:00.000Z,2026-08-11,"Orofino, ID",None (Full & Open),,,https://sam.gov/opp/0fc2a5f47ab24b369f45cb5569f4ebb2/view,,,,
Repair Dumpster Enclosures - 126ARW Scott AFB,Passed,W50S7S26Q0015,IL Air National Guard,236220,Combined Synopsis/Solicitation,2026-08-14T17:00:00.000Z,2026-08-11,"Scott AFB, IL",Total Small Business Set-Aside,,,https://sam.gov/opp/94f62dc21b1e4a1894e25f9c3c93258b/view,,,,
$99M SB Roofing MATOC - USACE Omaha (Presolicitation),Passed,W9128F26RA069,USACE Omaha,238160,Presolicitation,2026-08-17T16:00:00.000Z,2026-08-11,,Total Small Business Set-Aside,,,https://sam.gov/opp/c0ec789867ba43df917070ecba803e45/view,,,,
Baileys Point A-Area Shower House Rehab & Remodel,Passed,W912QR26RA065,USACE Louisville,236220,Solicitation,2026-08-20T15:00:00.000Z,2026-08-11,"Lucas, KY (Barren River Lake)",Total Small Business Set-Aside,,,https://sam.gov/opp/3f788d7a34684d33b1d3dc8cd7f845e5/view,,,,
PSXE242022 Repair Facility Exterior Lighting (ANG),Passed,W50S9826BA006,Air National Guard,236220,Solicitation,2026-08-25T18:00:00.000Z,2026-08-11,,None (Full & Open),,,https://sam.gov/opp/5ab017cee3624cd2b847bfc4e476f46f/view,,,,
Vault Door Replacement B4215 - Cherry Point,Passed,N400857488168,NAVFAC Mid-Atlantic,236220,Solicitation,2026-08-25T16:00:00.000Z,2026-08-11,"Cherry Point, NC",Total Small Business Set-Aside,,,https://sam.gov/opp/f7617772dbc344ffb74771c146809ee2/view,,,,
Lawn Care Maintenance - USDA ARS Kearneysville WV,Passed,1232SA26Q0877,USDA ARS,561730,Combined Synopsis/Solicitation,2026-08-14T21:00:00.000Z,2026-08-11,"Kearneysville, WV",Total Small Business Set-Aside,,,https://sam.gov/opp/bb5b338507a04feb889a7dcf662e703c/view,,,,
Replace Roof - Maintenance & Admin Bldg LEWI (NPS),New,140P8326Q0064,National Park Service (Pacific West),238160,Solicitation,2026-08-28T19:00:00.000Z,2026-08-11,,Total Small Business Set-Aside,,,https://sam.gov/opp/0b6b1f4cce0d486981cc251175a7a0c3/view,,,,
Building 7019 Renovations - MCAS Cherry Point,Passed,N400857406712,NAVFAC Mid-Atlantic,236220,Combined Synopsis/Solicitation,2026-08-19T17:00:00.000Z,2026-08-11,"Cherry Point, NC",Total Small Business Set-Aside,,,https://sam.gov/opp/e18ccc0864834b81ac3758e085b7be88/view,,,,
NIST Boulder Solar Lighting Upper Site Replacement,Passed,1333ND26RNB190033,NIST (Dept of Commerce),238210,Combined Synopsis/Solicitation,2026-08-18T23:00:00.000Z,2026-08-11,"Boulder, CO",Total Small Business Set-Aside,,,https://sam.gov/opp/560cdf8c5afb439fbfd8401576942561/view,,,,
Repair B632 Fire Suppression & Hangar Door - Peoria ANG,Passed,W50S7T26BA004,IL Air National Guard (182 AW),236220,Solicitation,2026-08-19T18:00:00.000Z,2026-08-11,"Peoria, IL",Total Small Business Set-Aside,,,https://sam.gov/opp/f8f692def0e249a3a326d8279cd428f2/view,,,,
Multi-Building Fire Alarm Retrofit - FLETC Glynco,Passed,70LGLY26RSSB00028,DHS FLETC,238210,Combined Synopsis/Solicitation,2026-08-21T18:00:00.000Z,2026-08-11,"Brunswick, GA",Total Small Business Set-Aside,,,https://sam.gov/opp/5961d22e4ed84d599816d0244dbcb89f/view,,,,
FMC Lexington - Remove/Replace Treadway Roof (Sources Sought),Passed,15B10926PR000405,BOP - FMC Lexington,238160,Sources Sought,2026-08-18T08:00:00.000Z,2026-08-11,"Lexington, KY",None (Full & Open),,,https://sam.gov/opp/1d34062329584e339b3d89fea19b8856/view,,,,
Whalen Forest Rehabilitation & Restoration (Presolicitation),Passed,W912ES26QA091,USACE St. Paul,561730,Presolicitation,,2026-08-11,,Total Small Business Set-Aside,,,https://sam.gov/opp/4f31529dc700424682e9ebc47d20a256/view,,,,
Hoover Federal Building Waterproofing Infiltration,New,47PE5326R0057,GSA PBS,236220,Combined Synopsis/Solicitation,2026-08-26T15:00:00.000Z,2026-08-11,"Washington, DC",Total Small Business Set-Aside,,,https://sam.gov/opp/a868101f8eb44336a669224edbadb791/view,,,,
STLI Trash Removal - Statue of Liberty & Ellis Island,Passed,140P4526R0031,National Park Service (Northeast),562111,Combined Synopsis/Solicitation,2026-08-21T16:00:00.000Z,2026-08-11,"New York, NY",Total Small Business Set-Aside,,,https://sam.gov/opp/36243e223d804b8683cf5ed55bde123a/view,,,,
PSXE242015 Repair Exterior Lighting Basewide (ANG),Passed,W50S9826BA003,Air National Guard,236220,Solicitation,2026-08-21T18:00:00.000Z,2026-08-11,,None (Full & Open),,,https://sam.gov/opp/33918551591940929926e9cb984026f4/view,,,,
"Roof Removal/Replacement - 3 Rivers Regional Bldg, Whitney Lake TX",Passed,W9126G26QA112,USACE Fort Worth,238160,Combined Synopsis/Solicitation,2026-08-21T15:00:00.000Z,2026-08-11,"Whitney Lake, TX",Total Small Business Set-Aside,,,https://sam.gov/opp/5821303e1ca1424cbd7bd7dc099822f5/view,"[2026-08-19 auto-scan] Deadline now showing Aug 24, 2026 on SAM.gov (was Aug 21, 3:00 PM EDT) — verify current amendment before pricing.",,,
DFC B95 & B810 Lighting Controls,New,47PD5126Q9781,GSA PBS,236220,Solicitation,2026-08-26T17:00:00.000Z,2026-08-11,"Lakewood, CO",None (Full & Open),,,https://sam.gov/opp/f386264f1b9c4863adf766bfe1575ef2/view,,,,
Newport Pole Barn Roof Replacement (NOAA),New,1305M326Q0414,NOAA (Dept of Commerce),238160,Solicitation,2026-08-31T19:00:00.000Z,2026-08-11,"Newport, OR (likely)",Total Small Business Set-Aside,,,https://sam.gov/opp/8b4c6fd5871941b2b4891ed709fa4766/view,"[Aug 25, 2026 — auto-scan] Amendment 2 posted. Deadline EXTENDED from Aug 27 to Aug 31, 2026 12:00 PM PDT. Still NAICS 238160, Total Small Business Set-Aside.

[Aug 27, 2026 — auto-scan] Amendment 3 posted Aug 26. Deadline EXTENDED AGAIN — now due Sep 02, 2026 12:00 PM PDT (was Aug 31). Still 100% Total Small Business Set-Aside, NAICS 238160.",,,
Water Treatment Services - FAA Chicago TRACON,New,697DCK-26-R-00374,FAA,561210,Solicitation,2026-08-26T22:00:00.000Z,2026-08-11,"Elgin, IL",Total Small Business Set-Aside,,,https://sam.gov/opp/504de12c3afb4103b4bd3a14e7e4cd14/view,,,,
Lolo NF Lookout Pass FAA Comm Site Parking Area,Passed,1240LU26Q0074,USDA Forest Service,238910,Combined Synopsis/Solicitation,2026-08-14T17:00:00.000Z,2026-08-11,"Deer Lodge, MT",Total Small Business Set-Aside,,,https://sam.gov/opp/ccb1faeb952d4de49a0ed2d2809285b7/view,,,,
TDM Phone Switch Removal - FE Warren AFB,New,FA461326Q1041,US Air Force (90 CONS),238210,Combined Synopsis/Solicitation,2026-08-27T20:00:00.000Z,2026-08-11,"FE Warren AFB, WY",Total Small Business Set-Aside,,,https://sam.gov/opp/32dc2532f7374f829cc29f221fc9fd4d/view,,,,
Design/Build Covered Parking for Fighter Aircraft - Homestead ARB,Passed,FA664826Q0009,US Air Force (482 FW),236220,Combined Synopsis/Solicitation,2026-08-21T16:00:00.000Z,2026-08-11,"Homestead, FL",Total Small Business Set-Aside,,,https://sam.gov/opp/b661198b73a740969eb9b050b2ef896a/view,,,,
NOAA Western Regional Center H32 Electrical Repair,Passed,1305M326Q0317,NOAA (Dept of Commerce),238210,Solicitation,2026-08-17T18:00:00.000Z,2026-08-11,,Total Small Business Set-Aside,,,https://sam.gov/opp/57eab9beb02c4d28af673b7048d7a68d/view,,,,
GRSM Hazard Tree Removal & Clearing - Great Smoky Mountains NP,Passed,140P5326Q0019,National Park Service (Southeast),561730,Combined Synopsis/Solicitation,2026-09-01T20:00:00.000Z,2026-08-11,"Great Smoky Mountains NP, TN/NC",Total Small Business Set-Aside,,,https://sam.gov/opp/23a55bc172124391b88cd0d41e2eea9c/view,,,,
Point Adams Backup Power System (NOAA),New,1305M326Q0423,NOAA (Dept of Commerce),238210,Solicitation,2026-08-27T00:00:00.000Z,2026-08-11,,Total Small Business Set-Aside,,,https://sam.gov/opp/f8330d174e30426e883de02dac0e1dc3/view,,,,
Repair Secondary Inlet Guides B1100 - NAS Oceana,Passed,N4008525R0018,NAVFAC Mid-Atlantic,236220,Solicitation,2026-08-18T18:00:00.000Z,2026-08-11,"Virginia Beach, VA",Total Small Business Set-Aside,,,https://sam.gov/opp/90cf42309c2a41c9bd691083f20bfc2e/view,,,,
Renovate Secure Facility B1049 - Kirtland AFB,New,FA9401-26-R-0024,US Air Force (Kirtland),236220,Combined Synopsis/Solicitation,2026-09-16T21:00:00.000Z,2026-08-11,"Kirtland AFB, NM",Total Small Business Set-Aside,,,https://sam.gov/opp/007a4b6ddee84b9bac2a7e8b5a30c0e1/view,,,,
Repair Swales & Culverts - USCG Base New Orleans,Passed,70Z02926QNEWO383,US Coast Guard,238910,Combined Synopsis/Solicitation,2026-08-25T20:00:00.000Z,2026-08-11,"New Orleans, LA",Total Small Business Set-Aside,,,https://sam.gov/opp/45d5744c5ece4e48b1a89c9ce3696c6a/view,,,,
COLO Invasive Species Removal & Herbicide - Colonial NHP,Reviewing,140P4326Q0055,National Park Service (Northeast),561730,Combined Synopsis/Solicitation,2026-08-27T17:00:00.000Z,2026-08-11,"Yorktown, VA",Total Small Business Set-Aside,,,https://sam.gov/opp/3cdc2b06ef5941b7ba15d8036f8aa616/view,,,,
Medical/Dental House Air & Med Vacuum Service (VA NCO 2),New,36C24226Q0714,VA NCO 2 (New York),561210,Solicitation,2026-08-26T16:00:00.000Z,2026-08-11,"East Orange, NJ",None (Full & Open),,,https://sam.gov/opp/a992344549404f67b1b57b1f2f8d6353/view,,,,
San Joaquin River NWR Greenhouse Demolition,Passed,140FC126Q0031,US Fish & Wildlife Service,238910,Solicitation,2026-08-20T13:00:00.000Z,2026-08-11,CA,None (Full & Open),,,https://sam.gov/opp/71189b4c77774c7b838f1a777611ee57/view,,,,
B217 Visitor Area Security Upgrade (NAVFAC),Passed,N4008526R9046,NAVFAC Mid-Atlantic,236220,Combined Synopsis/Solicitation,2026-08-24T17:00:00.000Z,2026-08-11,NC,Total Small Business Set-Aside,,,https://sam.gov/opp/34ca1e4c859a451ebefd17e6f7983d5d/view,,,,
Sanitation Services - Fort Custer (MI ARNG),Passed,W912JB26QA083,MI Army National Guard,562111,Solicitation,2026-08-21T16:30:00.000Z,2026-08-11,"Battle Creek, MI",None (Full & Open),,,https://sam.gov/opp/edd26bddd5004ec4a28f1fd151434c5c/view,,,,
USCG Yard Audio System Replacement - Curtis Bay,Passed,31800QU260041642,US Coast Guard,238210,Combined Synopsis/Solicitation,2026-08-21T14:00:00.000Z,2026-08-11,"Curtis Bay, MD",Total Small Business Set-Aside,,,https://sam.gov/opp/152a76a12d8d4f0598cacb460c30f40c/view,,,,
Wapiti Ranger District Warehouse Roof Replacement,Passed,1240LT26Q0165,USDA Forest Service (Intermountain),238160,Combined Synopsis/Solicitation,2026-09-17T16:00:00.000Z,2026-08-11,WY,Total Small Business Set-Aside,,,https://sam.gov/opp/83e2dfe9c6034c4d8a9b2be355d04a62/view,"[Sep 9, 2026 — auto-scan] Amendment 0002 posted today (Sep 9): revised SOW/SOI and Q&A added. Still Total Small Business Set-Aside, NAICS 238160 (Roofing Contractors), small scope (~20 squares roofing + soffit repair at Wapiti Ranger Station warehouse, Cody, WY). Offers due Sep 17, 2026 10:00 AM MDT.",,,
NRCS Brown WRE Restoration,New,12FPC426Q0064,USDA NRCS/FPAC,238910,Combined Synopsis/Solicitation,2026-08-28T16:00:00.000Z,2026-08-11,"Stronghurst, IL",Total Small Business Set-Aside,,,https://sam.gov/opp/402a7440a99b48b0af04c0e8e47ba098/view,,,,
GAOA Barracks Renovation Phase 2 - Tahoe NF,Passed,127EAX26Q0088,USDA Forest Service,236220,Solicitation,2026-09-10T22:00:00.000Z,2026-08-11,"Nevada City, CA",Total Small Business Set-Aside,,,https://sam.gov/opp/31cd307333ec4fa18d6d7e23a1e262d5/view,,,,
BEQ BB200-BB300 Paint & Flooring Repairs - Camp Lejeune,Passed,N4008526R9064,NAVFAC Mid-Atlantic,236220,Combined Synopsis/Solicitation,2026-08-17T17:00:00.000Z,2026-08-11,"Camp Lejeune, NC",Total Small Business Set-Aside,,,https://sam.gov/opp/6f9d00b89d0d4f868c5dc61be8899ce7/view,,,,
NE Rainwater Basin WMD Tree Removal (Macon Lakes WPA),New,140FS226Q0171,US Fish & Wildlife Service,561730,Solicitation,2026-08-28T21:00:00.000Z,2026-08-11,NE,Total Small Business Set-Aside,,,https://sam.gov/opp/1cdd6989d38342ba9219b8046bd1af48/view,,,,
B58 Roof Repair 550-27-111 (VA),New,36C25226B0038,VA NCO 12,238160,Solicitation,2026-09-16T18:00:00.000Z,2026-08-11,,None (Full & Open),,,https://sam.gov/opp/1e574138a9aa47acaba659f10dc09fc3/view,,,,
Weed Control & Vegetation Mgmt - Holloman AFB,New,FA910126QB070,US Air Force (704th Test Group),561730,Combined Synopsis/Solicitation,2026-08-31T18:00:00.000Z,2026-08-11,"Holloman AFB, NM",Total Small Business Set-Aside,,,https://sam.gov/opp/bbf1789b0627409eb141368adbabac27/view,,,,
FCI Safford - Install CO Detectors (Presolicitation),Passed,15BBNF26Q60900001,BOP - FCI Safford,238210,Presolicitation,2026-08-14T18:00:00.000Z,2026-08-11,"Safford, AZ",None (Full & Open),,,https://sam.gov/opp/064421fcab7a447abfa4a0b5f4716231/view,,,,
Security Screens & TT21 Gate Replacement - Camp Lejeune,Passed,N40085-26-R-9079,NAVFAC Mid-Atlantic,236220,Combined Synopsis/Solicitation,2026-09-11T18:00:00.000Z,2026-08-11,"Camp Lejeune, NC",Total Small Business Set-Aside,,,https://sam.gov/opp/8cead09a7fc948a3b2f6c732f880b180/view,,,,
Nolin River Lake Herbicide & Vegetation Mgmt BPA,Passed,W912QR26QA060,USACE Louisville,561730,Combined Synopsis/Solicitation,2026-08-17T17:00:00.000Z,2026-08-11,"Nolin River Lake, KY",None (Full & Open),,,https://sam.gov/opp/7ac6fbbbacd94914856309e5d29fc82d/view,,,,
USCG Air Station Savannah Generator,Passed,70Z036-26Q-AIRSTAGEN,US Coast Guard,238210,Combined Synopsis/Solicitation,2026-08-21T15:00:00.000Z,2026-08-11,"Savannah, GA",Total Small Business Set-Aside,,,https://sam.gov/opp/c22440b8cccf4172b9b51d603c1abd12/view,,,,
Massena NY Virtual Law Enforcement Training Facility (Sources Sought),New,EQPXCAC-26-0011,CBP,236220,Sources Sought,2026-08-26T21:00:00.000Z,2026-08-11,"Massena, NY",Total Small Business Set-Aside,,,https://sam.gov/opp/39c2d954f3c24e1296d9b8e931015642/view,,,,
Repair Office Space B5000 - 126ARW Scott AFB,Passed,W50S7S26Q0016,IL Air National Guard,236220,Combined Synopsis/Solicitation,2026-08-14T18:00:00.000Z,2026-08-11,"Scott AFB, IL",Total Small Business Set-Aside,,,https://sam.gov/opp/1f637a47193d49829f4a870555b3e6d2/view,,,,
General Waste & Recycling Removal - Iowa City VA (Sources Sought),Passed,36C26326Q1019,VA NCO 23,562111,Sources Sought,2026-08-19T23:00:00.000Z,2026-08-11,"Iowa City, IA",None (Full & Open),,,https://sam.gov/opp/a7cbe6065fea45288f6561587faf3565/view,,,,
Mini Splits Install - Scranton PA (PA162 Readiness Center),New,W15QKN-26-Q-A168,Army ACC-PICA,236220,Solicitation,2026-08-28T15:00:00.000Z,2026-08-11,"Scranton, PA",Total Small Business Set-Aside,,,https://sam.gov/opp/66b001d2154c4ba492d7276a74bdf5b3/view,,,,
Hospital Communications Support - Walter Reed,Passed,RFQHT001426QE033,Defense Health Agency,541611,Solicitation,2026-08-21T19:00:00.000Z,2026-08-11,"Bethesda, MD",Total Small Business Set-Aside,,,https://sam.gov/opp/c826817eb4aa4d46a0bf77a96e92be4a/view,,,,
Greenhouse Modernization - USDA ARS University Park PA,Passed,1232SA26Q0889,USDA ARS,236220,Combined Synopsis/Solicitation,2026-08-17T19:00:00.000Z,2026-08-11,"University Park, PA",Total Small Business Set-Aside,,,https://sam.gov/opp/f2351f7c67ab4cd3a11dbb4e7c9d028b/view,,,,
Building 333 - Roof Repair (Rock Island Arsenal),New,W519TC-26-R-A067,Army - ACC Rock Island,238160,Solicitation,2026-08-31T15:00:00.000Z,2026-08-06,"Rock Island Arsenal, IL",Total Small Business Set-Aside,,,https://sam.gov/opp/2a70d9ea35bf4ea2b257f7410de0a3a8/view,"[Aug 12, 2026 — auto-scan] Amendment 0001 posted today (12 Aug 2026). Confirmed: 100% Total Small Business Set-Aside, NAICS 238160, PSC Z2AA. Offers due Aug 31, 2026 10:00 AM CDT. Firm-Fixed-Price base bid; Performance & Payment Bonds required. PRIORITY candidate — small, clean scope, achievable timeline.

[Aug 24, 2026 — auto-scan] Amendment 0003 and Amendment 0004 both posted today. DEADLINE EXTENDED — offers now due Sep 8, 2026 10:00 AM CDT (was Aug 31). Still 100% Total Small Business Set-Aside, NAICS 238160, single FFP base bid. Still a strong fit.

[Aug 29, 2026 — auto-scan] Amendment 0005 posted Aug 28, 2026. DEADLINE EXTENDED AGAIN — offers now due Sep 11, 2026 10:00 AM CDT (was Sep 8). Updated Q&A (Attachment 0014) and revised drawings (Attachment 0003 Rev1) posted. Still 100% Total Small Business Set-Aside, NAICS 238160.

[Sep 3, 2026 — auto-scan] Amendment 0006 posted today, plus a Parapet Evaluation Report attachment. Offers still due Sep 11, 2026 10:00 AM CDT — no deadline change this round. Still Total Small Business Set-Aside, NAICS 238160. Note: Response Deadline field above still shows Aug 31 — needs manual update to Sep 11, 2026.

[Sep 10, 2026 — auto-scan] Amendments 0007 (Sep 8), 0008 (Sep 9), 0009 (Sep 10) all posted. Detail page now shows offers due Sep 14, 2026 10:00 AM CDT (deadline extended again from Sep 11). Still Total Small Business Set-Aside, NAICS 238160, FFP with Performance & Payment Bonds required. Verify current deadline against the latest amendment before submitting — this solicitation has moved its due date multiple times.",,,
Highmore Repeater Perimeter Roof Flashing,Passed,89503426QWA001313,Dept of Energy - Western Area Power Admin (Upper Great Plains),238160,Solicitation,2026-08-21T20:30:00.000Z,2026-08-06,"Highmore, SD",Total Small Business Set-Aside,,,https://sam.gov/opp/9590bf5d7a4847d58501e37896ba72c1/view,,,,
Mosquito Creek Lake Control Tower Roof Replacement (Sources Sought),Passed,W911WN26Q1CBD,Army Corps of Engineers - Pittsburgh District,238160,Sources Sought,2026-08-12T21:00:00.000Z,2026-08-06,"Mosquito Creek Lake, Cortland, OH",TBD (sources sought stage),,,https://sam.gov/opp/31aae031120545cfb085cb7eeace2b6e/view,,,,
Elkton Repeater & Spalding Repeater Roof Replacement,Passed,89503426QWA001312,Dept of Energy - Western Area Power Admin (Upper Great Plains),238160,Solicitation,2026-08-21T20:30:00.000Z,2026-08-06,"Elkton & Spalding, NE",Total Small Business Set-Aside,,,https://sam.gov/opp/c9cfce665c274b91a37ab7a9bfc07093/view,,,,
Exterior Painting @ WICL (National Park Service),Passed,140P6426Q0118,"Interior - National Park Service (Midwest Region, Ohio)",238320,Combined Synopsis/Solicitation,2026-08-27T16:00:00.000Z,2026-08-06,"NPS site, Ohio (MWR region)",Total Small Business Set-Aside,,,https://sam.gov/opp/671b09636ff44aa0aff05dca393d5161/view,,,,
Roof Assessment and Repairs - Albuquerque Area IHS Healthcare Facilities,Passed,75H70726Q00089,HHS - Indian Health Service (Albuquerque Area),238160,Combined Synopsis/Solicitation,2026-08-24T21:00:00.000Z,2026-08-06,"Albuquerque area, NM",ISBEE Set-Aside (Indian Small Business Economic Enterprise),,,https://sam.gov/opp/38760975a9b547dcb5e429fbaa73a12a/view,,,,
Nebraska NF/Bessey RD - 2 Skidsteer Rentals,Passed,1240LP26Q0140,USDA - Forest Service (Nebraska National Forest),532412,Solicitation,2026-08-18T21:00:00.000Z,2026-08-06,"Halsey, NE (Bessey Ranger District)",Total Small Business Set-Aside,,,https://sam.gov/opp/4a8831addb2b4ebf805fe2124f007735/view,,,,
Landscape Services - NOAA WFO Corpus Christi,Passed,1305M326Q0396,Commerce - NOAA,561730,Combined Synopsis/Solicitation,2026-08-20T21:00:00.000Z,2026-08-06,"Corpus Christi, TX",None listed on notice,,,https://sam.gov/opp/bee40769fb804fafaf3985490e7e9380/view,,,,
Roof Replacement - USCG Base Cape Cod,Passed,31125,DHS - US Coast Guard (Base Cape Cod),238160,Combined Synopsis/Solicitation,2026-08-25T16:00:00.000Z,2026-08-06,"Base Cape Cod, MA",Total Small Business Set-Aside,,,https://sam.gov/opp/0a9371a47f17487e9b464e0ff6624048/view,,,,
Roll-off Dumpster and Debris Removal - Point Reyes National Seashore,Bid Submitted,140P8426Q0050,Interior - National Park Service (Point Reyes),562111,Solicitation,2026-08-17T21:00:00.000Z,2026-08-06,"Point Reyes National Seashore, Marin County, CA",Total Small Business Set-Aside,Recology of Sonoma,Dawn Hollingsworth,https://sam.gov/opp/469906af4c8945f78dd3a547e78979a2/view,,,,
"Tree Felling, Removal, Stump Grinding & Cleanup - Erwin National Fish Hatchery, TN",Pursuing,140FS326Q0086,Dept of the Interior - U.S. Fish & Wildlife Service,562119,Solicitation,2026-08-21T19:00:00.000Z,2026-08-05,"Erwin National Fish Hatchery, Erwin, TN",Total Small Business Set-Aside,JP's Tree Service,Josh Puckett 423-440-3349,https://sam.gov/workspace/contract/opp/e93fcddf80ae489bad467b3c14ff5e56/view,,,,
"Shelter Top Repairs, 3Rivers Region - Navarro Mills Lake, TX",Passed,W9126G26RA110,DoD - USACE Fort Worth District,238160,Presolicitation,2026-08-20T16:00:00.000Z,2026-08-05,"Navarro Mills Lake, 18500 FM 709, Dawson, TX",Total Small Business Set-Aside,,,https://sam.gov/workspace/contract/opp/76bb8c0681a74b1e98d87cb6a41fad17/view,"[2026-08-21] Converted: this presolicitation/RFP number has been superseded by live Solicitation W9126G26RA111 (""Navarro Mills Shelter Top Repairs""), due 9/20/26. See new tracker record for details.",,,
"Bio Building Roof Replacement - Bitter Lake NWR, Roswell, NM",Passed,140FGA26Q0058,Dept of the Interior - U.S. Fish & Wildlife Service (GAOA),238160,Solicitation,2026-08-14T21:00:00.000Z,2026-08-05,"Bitter Lake NWR, Roswell, NM",Total Small Business Set-Aside,,,https://sam.gov/workspace/contract/opp/ec0be96cd34a4788abeefb3646bc7247/view,,,,
"Repair by Replace Roof, Building 512 - Wisconsin ANG",Passed,W50S9G26QA012,"DoD - Dept of the Army (WI Air National Guard, USPFO)",238160,Combined Synopsis/Solicitation,2026-08-13T19:00:00.000Z,2026-08-05,Wisconsin Air National Guard (128th ARW area),Total Small Business Set-Aside,,,https://sam.gov/workspace/contract/opp/e2f6750c1afd4270a40118a9604e27df/view,,,,
"Solid Waste Removal Services - IHS Wagner, SD (Sources Sought)",Passed,IHS-WAG-26-1529210,"HHS - Indian Health Service, Great Plains Area",562111,Sources Sought,2026-08-19T16:00:00.000Z,2026-08-04,"Wagner, SD",Indian Economic Enterprise (IEE),,,https://sam.gov/opp/6b6a34907cfb47b68e4bc693c08d80b2/view,,,,
"Landscape Services at NWS WFO Dodge City, KS",Passed,1305M326Q0388,Dept of Commerce / NOAA - National Weather Service,561730,Combined Synopsis/Solicitation,2026-08-14T16:00:00.000Z,2026-08-04,"Dodge City, KS",Total Small Business Set-Aside,,,https://sam.gov/opp/05e1b45485ea434aa278e403dbafd310/view,,,,
Restroom Repair (MOF) - Tulsa OK Air National Guard,Passed,W50S8U26RA010,Oklahoma Air National Guard (138 FW),236220,Solicitation,2026-08-25T19:00:00.000Z,2026-08-04,"Tulsa, OK",Total Small Business Set-Aside,,,https://sam.gov/opp/c99a8dda02224ca98e07232f5c714100/view,,,,
336 TRSS Heavy Equipment Rental (Fairchild AFB),Passed,FA462026QA301,"USAF - 92 CONS, Fairchild AFB",532412,Combined Synopsis/Solicitation,2026-08-18T17:00:00.000Z,2026-08-04,"Cusick, WA",Total Small Business Set-Aside,,,https://sam.gov/opp/ce554af8de094ff19bc45f7b426d79c9/view,,,,
"Landscape Services at NWS WFO Green Bay, WI",Passed,1305M326Q0397,Dept of Commerce / NOAA - National Weather Service,561730,Combined Synopsis/Solicitation,2026-08-14T16:00:00.000Z,2026-08-04,"Green Bay, WI",Total Small Business Set-Aside,,,https://sam.gov/opp/2e1b7e6efc5546229c86188bcd6a8842/view,,,,
"Landscape Services at NWS WFO St. Charles, MO",Passed,1305M326Q0400,Dept of Commerce / NOAA - National Weather Service,561730,Combined Synopsis/Solicitation,2026-08-14T16:00:00.000Z,2026-08-04,"St. Charles, MO",Total Small Business Set-Aside,,,https://sam.gov/opp/5f5de930d01f437ba688de70492d8444/view,,,,
"Roof & HVAC Replacement NWS WFO Greer, SC",Passed,1305M326Q0300,Dept of Commerce / NOAA - National Weather Service,238160,Combined Synopsis/Solicitation,2026-08-12T16:00:00.000Z,2026-08-04,"Greer, SC",Total Small Business Set-Aside,,,https://sam.gov/opp/f0910d23d9de4e1796a33255c24ae114/view,,,,
"IDIQ Liquid Waste Removal & Disposal - Greers Ferry, AR",Passed,W9127S26QA047,USACE Little Rock District,562991,Combined Synopsis/Solicitation,2026-08-19T16:00:00.000Z,2026-08-04,"Heber Springs, AR",Total Small Business Set-Aside,,,https://sam.gov/opp/6e228b8816604471a2852b8fedc51579/view,,,,
Palatka Custodial & Mowing (USACE Jacksonville),New,W912EP26QA006,USACE Jacksonville District,561210,Solicitation,2026-08-31T13:00:00.000Z,2026-08-04,"Palatka, FL",8(a) Set-Aside,,,https://sam.gov/opp/7d9f14b6fe9f4612a26c225c2ebbcbb9/view,,,,
Willow Beach Housing Exterior Painting (Lake Mead NRA),Passed,140P8126Q0028,DOI - National Park Service,238320,Solicitation,2026-08-14T21:00:00.000Z,2026-08-04,"Willow Beach, AZ",Total Small Business Set-Aside,,,https://sam.gov/opp/3c28e13f5a7d4ba8b8553795481942e9/view,,,,
Eaker Center G832 Electrical Outlets - Maxwell AFB (Sources Sought),Passed,FA330026SSOutlets,"USAF - 42 CONS, Maxwell AFB",238210,Sources Sought,2026-08-10T17:00:00.000Z,2026-08-04,"Montgomery, AL",Total Small Business Set-Aside,,,https://sam.gov/opp/2ee43ed094f84eb19f0c665d01c77edc/view,,,,
"Roof Replacement NWS Gray, ME",Passed,1305M326Q0395,Dept of Commerce / NOAA - National Weather Service,238160,Combined Synopsis/Solicitation,2026-08-17T20:30:00.000Z,2026-08-04,"Gray, ME",None listed,,,https://sam.gov/opp/9e62954e1e7e4affbda370bfab51672f/view,"[Aug 13, 2026 — auto-scan] Amendment 0001 posted today adding Questions & Answers to the attachments. Offers still due Aug 17, 2026 4:30 PM EDT — tight turnaround, review Q&A before pricing.",,,
"Refuse Removal Services - USDA ARS Beltsville, MD",New,1232SA26Q0931,USDA - Agricultural Research Service,562111,Combined Synopsis/Solicitation,2026-08-31T17:00:00.000Z,2026-08-04,"Beltsville, MD",Total Small Business Set-Aside,,,https://sam.gov/opp/125a332c6d624821b9ed7a10c79f0975/view,,,,
Landscaping Services - Sepulveda ANG Station (CA ANG),Passed,W50S6U26QA019,DoD / Dept of the Army - National Guard Bureau (CAANG 195),561730,Combined Synopsis/Solicitation,2026-08-06T17:00:00.000Z,2026-08-02,"Sepulveda ANG Station, Van Nuys, CA 91406",SDVOSB Set-Aside,,,https://sam.gov/opp/1e3e02dbe95e4561a522d902824060d5/view,[2026-08-11 auto-scan] Amendment 0003 posted: incorporates FAR 52.219-14 (Limitations on Subcontracting) and REMOVES FAR 52.219-6 (Notice of Total Small Business Set-Aside); Section M revised on award basis. Worth a second look even though previously passed - set-aside status may have changed.,,,
OLYM Fairholme Campground ABAAS Improvements (Olympic NP),Passed,140P8326R0006,Dept of the Interior / National Park Service (PWR OLYM MABO),238910,Solicitation,2026-08-18T00:00:00.000Z,2026-08-02,"Fairholme Campground, Olympic National Park, Clallam County, WA",Total Small Business Set-Aside,,,https://sam.gov/opp/f670087a1bfd4fce895a44717b996993/view,,,,
Las Cruces Facility Sediment Disposal - Rio Grande Canalization (IBWC),New,191BWC26R0011,International Boundary and Water Commission (US-Mexico),562119,Combined Synopsis/Solicitation,2026-08-31T21:00:00.000Z,2026-08-02,"Las Cruces, NM 88005",Total Small Business Set-Aside,,,https://sam.gov/opp/955bcb8582f44ae2aaf3b7e32c8f235b/view,,,,
R425 Job Order Contract TVHS (Tennessee Valley Healthcare System),Passed,36C24926Q0235,"VA - Network Contracting Office 9 (Murfreesboro, TN)",561210,Combined Synopsis/Solicitation,2026-08-20T16:00:00.000Z,2026-07-30,"Nashville / Murfreesboro, TN (TVHS)",SDVOSB Set-Aside,,,https://sam.gov/opp/be0792536fc848ada4a9778497e5df3e/view,,,,
Nimbus Fish Hatchery Waste Collection Services,Passed,140R2026Q0111,DOI - Bureau of Reclamation (MP Region),562111,Combined Synopsis/Solicitation,2026-08-13T17:00:00.000Z,2026-07-30,"Nimbus Fish Hatchery, Gold River/Sacramento, CA",None listed (full & open),,,https://sam.gov/opp/efa21cafa8524a62ba39536b881f2df5/view,,,,
Grounds Maintenance - 3 Army Reserve Centers (Gaithersburg/Riverdale/Rockville MD),Passed,W15QKN26QA105,Army - ACC-PICA (Picatinny Arsenal),561730,Solicitation,2026-08-05T20:00:00.000Z,2026-07-30,"Gaithersburg / Riverdale / Rockville, MD",Total Small Business Set-Aside,,,https://sam.gov/opp/e269fd04e4c24386bd0b043c742b7cd7/view,,,,
"Grounds Maintenance with 4 Option Years - USDA ARS Kerrville, TX",Passed,1232SA26Q0977,USDA - Agricultural Research Service,561730,Combined Synopsis/Solicitation,2026-08-14T21:00:00.000Z,2026-07-30,"Kerrville, TX",Total Small Business Set-Aside,,,https://sam.gov/opp/a30e786b66e940069ff57d8c8897f071/view,"[Aug 4, 2026 — auto-scan] Q&A amendment posted 8/4; per SAM.gov the response deadline is now Aug 28, 5:00 PM EDT (tracker previously showed Aug 14 — deadline EXTENDED by 2 weeks). Q&A covers shrub/hedge trimming frequency and other scope clarifications.",,,
USCG Base Portsmouth Chief's Mess Roof Repair,Passed,70Z02726RFQ000965,"DHS - U.S. Coast Guard, Base Portsmouth",238160,Solicitation,2026-08-19T14:00:00.000Z,2026-07-30,"Portsmouth, VA",Total Small Business Set-Aside,,,https://sam.gov/opp/89d1868fcfe6445f94e9dbe26edb8fe7/view,"[Aug 18, 2026 — auto-scan] Amendment 0001 posted 8/18: deadline extended to 10:00 AM EDT on 8/20/26 (was earlier). Confirmed via detail page: NAICS 238160, 100% Total SB Set-Aside. Quotes to Jamie.C.Bridges@uscg.mil.",,,
Building 99 Roof Repair and Replace - NAWCAD Lakehurst,Passed,N6833526Q1188,Navy - NAWCAD Lakehurst (Joint Base MDL),238160,Combined Synopsis/Solicitation,2026-08-07T21:00:00.000Z,2026-07-30,"Joint Base MDL (Lakehurst), NJ",Total Small Business Set-Aside,,,https://sam.gov/opp/f4ba744499504cdf8feeb5f6d4876abb/view,,,,
APG Cemetery Grounds Maintenance,Passed,W56ZTN26QA003,Army - ACC-APG (Aberdeen Proving Ground),561730,Combined Synopsis/Solicitation,2026-08-10T21:00:00.000Z,2026-07-30,"Aberdeen Proving Ground / Edgewood, MD",Total Small Business Set-Aside,,,https://sam.gov/opp/3da64c58ff5f43328b9b755670335ece/view,,,,
"Trash Collection & Disposal - Cheyenne, WY (DOE WAPA)",Passed,89503226QWA000742,Energy / Western Area Power Admin,562111,Solicitation,2026-08-06T20:00:00.000Z,2026-07-29,"Cheyenne, WY",Total Small Business Set-Aside,,,https://sam.gov/opp/5369bd3ff0ff417fbad655e356087343/view,"[Aug 4, 2026 — auto-scan] Amendment posted 8/3 (2nd update). Offers due Aug 6, 4:00 PM — DEADLINE IS IN 2 DAYS. Questions must be submitted via email only; no phone calls.",,,
Sources Sought: Residential Furniture & Appliance Rental Services - Western NY (USACE Baltimore),Passed,DACA31-R-26-1074,DoD / USACE Baltimore District,532289,Sources Sought,2026-08-05T20:00:00.000Z,2026-07-29,Buffalo / Western NY,None (market research),,,https://sam.gov/opp/5659f3fc57d64166a327b0611caa1fd3/view,,,,
USCG Station Marathon Housing Landscaping Services (Base Miami),Passed,70Z028-26-Q-MARATHONHOUSINGLANDSCAPING,DHS / US Coast Guard,561730,Combined Synopsis/Solicitation,2026-08-12T15:00:00.000Z,2026-07-29,"Marathon, FL",Total Small Business Set-Aside,,,https://sam.gov/opp/74beb5f5d6954d9885fa3d7430c806d2/view,,,,
Petersburg Cultural Landscape Tree Removal - Poplar Grove National Cemetery (NPS),Passed,140P4226Q0039,Interior / National Park Service,561730,Solicitation,2026-08-14T21:00:00.000Z,2026-07-29,"Petersburg, VA",Total Small Business Set-Aside,,,https://sam.gov/opp/2e99dba0d28c4603933a1b1e61619e9c/view,,,,
"Replace Greenhouse Lighting - USDA APHIS Forest Pest Methods Lab, Buzzards Bay, MA",Passed,12639526Q0206,USDA / APHIS,238210,Combined Synopsis/Solicitation,2026-08-11T17:00:00.000Z,2026-07-29,"Buzzards Bay, MA",Total Small Business Set-Aside,,,https://sam.gov/opp/ed9b829df2064503a04bcfebb8265fd1/view,,,,
Garbage Service - 1301 So G Street (BLM Oregon),Passed,140L4326Q0094,Interior / BLM Oregon State Office,562111,Solicitation,2026-08-08T00:00:00.000Z,2026-07-29,Oregon (site: 1301 So G Street; confirm city in attachments),Total Small Business Set-Aside,,,https://sam.gov/opp/7e1a585a613a4cd685675a5311ba351f/view,,,,
Roof Repair for FKNMS - Dr. Nancy Foster FL Keys Environmental Complex (NOAA),Passed,1305M226Q0227,Commerce / NOAA,238160,Combined Synopsis/Solicitation,2026-08-13T15:00:00.000Z,2026-07-29,"Key West, FL",Total Small Business Set-Aside,,,https://sam.gov/opp/8a16da3494364824a406b35e2c065117/view,,,,
"Glen Canyon Waste Removal Services - Page, AZ (BOR)",Passed,140R4026Q0065,"Interior - Bureau of Reclamation, Upper Colorado",562111,Solicitation,2026-08-13T20:30:00.000Z,2026-07-28,"Page, AZ",Total Small Business Set-Aside,,,https://sam.gov/opp/4dfd53c8b4bc425f9775d20b9a3bdf35/view,,,,
"Grounds Maintenance Services MO041 - St. Charles, MO (Army MICC Ft McCoy)",Passed,W911SA26QA219,"DoD - Army, MICC Fort McCoy",561730,Combined Synopsis/Solicitation,2026-08-13T15:00:00.000Z,2026-07-28,"St. Charles, MO",SDVOSB Set-Aside,,,https://sam.gov/opp/83d5f1660d674cf589504736f655b0af/view,,,,
Chadron Work Center Shop Roof Replacement - Nebraska NF (USDA FS),New,1240LT26Q0149,USDA - Forest Service,238160,Combined Synopsis/Solicitation,2026-08-28T15:00:00.000Z,2026-07-28,"Chadron, NE",Total Small Business Set-Aside,,,https://sam.gov/opp/5cd12e220ca545d0b0ec4c5150ba4d37/view,"[Aug 18, 2026 — auto-scan] Amendment A0001 posted today (8/18). Confirmed via detail page: NAICS 238160, 100% Total SB Set-Aside, asphalt shingle roof replacement on garage-like structure. Offers due Aug 28, 2026 9:00 AM MDT.",,,
Monument Repairing and Painting - NSA Hampton Roads (Navy),Passed,N0018926QL272,"DoD - Navy, NAVSUP FLC Norfolk",236220,Solicitation,2026-08-06T15:00:00.000Z,2026-07-28,"Norfolk, VA (NSA Hampton Roads)",Total Small Business Set-Aside,,,https://sam.gov/opp/4f7d1062adbc4734ac8550d85b0403cf/view,,,,
"Landscaping Services - USDA ARS Corvallis, OR",Passed,1232SA26Q0835,USDA - Agricultural Research Service,561730,Combined Synopsis/Solicitation,2026-08-12T06:59:00.000Z,2026-07-28,"Corvallis, OR",Total Small Business Set-Aside,,,https://sam.gov/opp/a812202d2f444356b9de18689ef91361/view,,,,
WA-Julia Butler Hansen Refuge Roof Replacement (USFWS),Passed,140FC126Q0029,Interior - U.S. Fish and Wildlife Service,238160,Solicitation,2026-08-19T13:00:00.000Z,2026-07-28,"Wahkiakum County, WA",None listed,,,https://sam.gov/opp/688f15958e9a492ab06097aaa30c8b76/view,"[Aug 4, 2026 — auto-scan] Amendment posted 8/3 (1st update). Offers due Aug 19, 9:00 AM EDT. Review the amendment for scope/wage-determination changes before quoting.",,,
Pool 2 Park Cleaning Services - Pine Bluff/Arkansas Post (USACE Little Rock),New,W9127S26QA031,"DoD - Army, USACE Little Rock District",561210,Combined Synopsis/Solicitation,2026-08-28T18:00:00.000Z,2026-07-28,"Pine Bluff, AR (zip 71611)",Total Small Business Set-Aside,,,https://sam.gov/opp/95f283dab3b74eda90d8c77f5e3b2f3c/view,,,,
Bldg 879 Interior Paint - Nellis AFB (57 WG),New,FA486126R0023,"DoD - Air Force, 99 CONS (Nellis AFB)",238320,Solicitation,2026-08-28T16:00:00.000Z,2026-07-28,"Nellis AFB, NV",Total Small Business Set-Aside,,,https://sam.gov/opp/8d6de1c1efdd407ea31c24059915a54b/view,,,,
"FY27 NRM 557-23-104 Replace Boiler Plant Steam Boilers - Carl Vinson VAMC, Dublin GA",Passed,36C24726Q0777,"Department of Veterans Affairs, Network Contracting Office 7",236220,Sources Sought,2026-08-07T19:00:00.000Z,2026-07-26,"Carl Vinson VA Medical Center, Dublin, GA",SDVOSB Set-Aside (FAR 19.14),,,https://sam.gov/opp/f35e617ab4bb41e9938f868fd4d5161c/view,,,,
Plum Orchard Mansion Gutters/Flashing Replacement & Davisville Housing Unit Roof Replacement - Cumberland Island National Seashore,Passed,140P5426R0025,"National Park Service (Dept. of the Interior), SER South MABO",238160,Solicitation,2026-08-24T17:00:00.000Z,2026-07-26,"Cumberland Island National Seashore, St. Marys, GA",Total Small Business Set-Aside (FAR 19.5),,,https://sam.gov/opp/0c8d55e4379049ab8920927d54299cfd/view,"[2026-08-05 auto-scan] Amendment posted Aug 5: corrected the due date for contractor question submission. Offers still due Aug 24, 2026 1:00 PM EDT.

[2026-08-19 auto-scan] Deadline now showing Aug 26, 2026 on SAM.gov (was Aug 24) — verify current amendment before pricing.",,,
Replacement of 2 Roof Systems - USGS Eastern Ecological Science Center,Passed,140G0126Q0185,Dept of the Interior / US Geological Survey,238160,Solicitation,2026-08-07T17:00:00.000Z,2026-07-24,USGS Eastern Ecological Science Center (see notice),Total Small Business Set-Aside,,,https://sam.gov/opp/94f45d6d81ac4cb7a713089a65d5be66/view,,,,
Trash Removal and Disposal - Lt. Col. Luke Weathers Jr. VAMC (Memphis),Passed,36C24926Q0310,Dept of Veterans Affairs / NCO 9,562111,Combined Synopsis/Solicitation,2026-08-25T04:59:00.000Z,2026-07-24,"Memphis, TN",SDVOSB Set-Aside,,,https://sam.gov/opp/951dbc38977944dda43b6070c6d65a22/view,,,,
"Columbia Landscape & Snow Services - FCC (Columbia, MD)",Passed,273FCC26Q0008,Federal Communications Commission,561730,Combined Synopsis/Solicitation,2026-08-06T16:00:00.000Z,2026-07-24,"Columbia, MD",Total Small Business Set-Aside,,,https://sam.gov/opp/f670578d95d3476b94e64d7cea93cd14/view,,,,
LIRI Emergency Roof Repair - Little River Canyon National Preserve (NPS),Passed,140P5226R0014,Dept of the Interior / National Park Service,238160,Combined Synopsis/Solicitation,2026-08-07T19:00:00.000Z,2026-07-24,"Little River Canyon National Preserve, AL",Total Small Business Set-Aside,,,https://sam.gov/opp/1a92fb10124c4b44ae3d2cc58d45a9a4/view,,,,
"445 TES Weed Abatement - Nellis AFB, NV",Passed,FA486126Q0013,Dept of the Air Force / 60 CONS,561730,Combined Synopsis/Solicitation,2026-08-03T16:00:00.000Z,2026-07-24,"Nellis AFB, NV",Total Small Business Set-Aside,,,https://sam.gov/opp/79dbb9969aff44d4a9aa3ad5aae989c7/view,,,,
"Tent, Chairs, and Restroom Rentals - NSWC Indian Head, MD",Passed,N0017426Q1088,Dept of the Navy / NSWC Indian Head Division,532289,Solicitation,2026-08-12T14:00:00.000Z,2026-07-24,"Indian Head, MD",Total Small Business Set-Aside,,,https://sam.gov/opp/bc9d06b06fe248c9a2941b7a36067b70/view,,,,
Jefferson Barracks Sod Installation (VA NCA),Passed,36C78627Q50002,VA National Cemetery Administration,561730,Combined Synopsis/Solicitation,2026-09-21T20:00:00.000Z,2026-07-21,"Jefferson Barracks National Cemetery, St. Louis, MO",SDVOSB Set-Aside (FAR 19.14),,,https://sam.gov/opp/888e43fe4c71497cb1a92192ea170419/view,,,,
MWF FHQ Roof Improvement (USDA FS),Passed,12445526Q0067,"USDA Forest Service, CSA East 13",238160,Solicitation,2026-08-17T21:00:00.000Z,2026-07-21,See notice (Eastern Region forest HQ),Total Small Business Set-Aside,,,https://sam.gov/opp/cc9b6796a1f14a3c91ce03f2033b9520/view,,,,
"Landscaping at NOAA NWS WFO La Crosse, WI",Passed,1305M326Q0348,Commerce/NOAA,561730,Solicitation,2026-07-28T16:00:00.000Z,2026-07-21,"La Crosse, WI",Total Small Business Set-Aside,,,https://sam.gov/opp/ae45e92ca2f94abe9cd293638a9a4708/view,,,,
"Landscaping at NOAA NWS WFO White Lake (Detroit), MI (DTX)",Passed,1305M326Q0345,Commerce/NOAA,561730,Solicitation,2026-07-28T16:00:00.000Z,2026-07-21,"White Lake, MI",Total Small Business Set-Aside,,,https://sam.gov/opp/807b529a631d4be0b49ebb1a10822fad/view,,,,
"Landscaping at NOAA NWS WFO Topeka, KS",Passed,1305M326Q0347,Commerce/NOAA,561730,Solicitation,2026-07-28T16:00:00.000Z,2026-07-21,"Topeka, KS",Total Small Business Set-Aside,,,https://sam.gov/opp/c8010aa4b6c145939bc8896443e5faff/view,,,,
"Repair and Replace Roof, Building 807 - 934 AW (Minneapolis ARS, MN)",Passed,FA663326QA010,"Dept of the Air Force, 934 AW (FA6633)",238160,Solicitation,2026-08-11T20:00:00.000Z,2026-07-21,"Minneapolis ARS, MN",Total Small Business Set-Aside,,,https://sam.gov/opp/5b86434a37854a22a191721b89d243a6/view,,,,
UTE Look Tower Reroof - Ashley National Forest (USDA FS),Passed,1240LT26Q0099,"USDA Forest Service, Ashley National Forest",238160,Solicitation,2026-08-14T23:00:00.000Z,2026-07-21,"Ashley National Forest, UT",Total Small Business Set-Aside,,,https://sam.gov/opp/e6210851c8214083a1dd82a6bf382559/view,,,,
"Electrical and Comm/Lan - Bldg 1900 East, Scott AFB (375 CONS)",Passed,FA440726Q0008,"Dept of the Air Force, 375 CONS (Scott AFB)",238210,Combined Synopsis/Solicitation,2026-07-29T20:00:00.000Z,2026-07-21,"SCOTT AFB , IL",Total Small Business Set-Aside,,,https://sam.gov/opp/9d288d7538ff46b0b81d2bd6640be34b/view,,,,
"Electrical Outlets - Lansing, MI (USGS)",Passed,140G0226Q0093,"USGS, Ofc of Acquisition Grants - Denver",238210,Solicitation,2026-08-17T18:00:00.000Z,2026-07-21,"Lansing, MI",None listed on notice,,,https://sam.gov/opp/6d115b69d012422fb66001e15b6fbc57/view,,,,
"Trash, Debris, and Metal Removal (GPO, Washington DC)",New,040ADV-26-R-0039,US Government Publishing Office,562111,Solicitation,2026-08-28T21:00:00.000Z,2026-07-21,"Washington, DC",None listed on notice,,,https://sam.gov/opp/b845393f563a4a4c8cd1374203e2a5f8/view,,,,
Office Roof Replacement Deer Creek Lake (USACE Huntington),Passed,W9123726QA064,USACE Huntington District,238160,Solicitation,2026-08-03T16:00:00.000Z,2026-07-21,"Deer Creek Lake, OH",Total Small Business Set-Aside,,,https://sam.gov/opp/30e12fe9353f4f3385a036b759f9cc4a/view,"[Jul 24, 2026 — auto-scan] Amendment posted 7/24 (2nd update); deadline unchanged Aug 3, 12:00 PM EDT. Review latest amendment before pricing.",,,
"Landscaping at NOAA NWS WFO Rapid City, SD (UNR)",Passed,1305M326Q0346,Commerce/NOAA,561730,Solicitation,2026-07-28T16:00:00.000Z,2026-07-21,"Rapid City, SD",Total Small Business Set-Aside,,,https://sam.gov/opp/c45ddc2296924a61b150c19d9f631b21/view,,,,
Diagnostic of Battery System and Electrical Infrastructure - Fort Bliss (Sources Sought),Passed,PANMCC26P0000043458,"Dept of the Army, MICC - Fort Bliss",238210,Sources Sought,2026-07-31T15:00:00.000Z,2026-07-21,"Fort Bliss, TX",Total Small Business Set-Aside,,,https://sam.gov/opp/089312d356d54f288ea1e4b91bb5cb59/view,,,,
"Construct Air Traffic Control (ATC) Tower - Fort Riley, KS",Passed,W912DQ26RA061,DoD / Army / USACE Kansas City District,236220,Solicitation,2026-08-17T17:00:00.000Z,2026-07-20,"Fort Riley, KS 66442",None (unrestricted),,,https://sam.gov/opp/37ce62426fae4cadbf5f607da022cec9/view,,,,
Install Additional Electrical Power Utility Service - US Embassy Riyadh,Passed,19SA7026Q0011,Dept of State / U.S. Embassy Riyadh,238210,Combined Synopsis/Solicitation,2026-08-18T21:00:00.000Z,2026-07-20,"Riyadh, Saudi Arabia",None,,,https://sam.gov/opp/3f903c0e09d34705a95f6639575d959b/view,,,,
"Tainter Gates Sandblasting - IBWC Del Rio, TX",Passed,191BWC26B0001,International Boundary and Water Commission: U.S.-Mexico (USIBWC),237990,Solicitation,2026-08-03T18:00:00.000Z,2026-07-20,"Del Rio, TX 78840",Total Small Business Set-Aside,,,https://sam.gov/opp/3af4db44781141b09939627f0e8857c5/view,,,,
Roof Repairs and Insulation at DOW Annex Offices,Passed,19SA7026Q0009,Dept. of State - U.S. Embassy Riyadh,238160,Special Notice,2026-07-23T14:00:00.000Z,2026-07-19,"Riyadh, Saudi Arabia",None,,,https://sam.gov/workspace/contract/opp/e3f12e73ba83405ea430d02b8b2a47da/view,,,,
"Grounds Maintenance - US Army Reserve Center, Culpeper VA",Passed,W15QKN26QA117,Army / ACC-PICA (Picatinny),561730,Solicitation,2026-08-04T20:00:00.000Z,2026-07-16,"1821 Industry St, Culpeper, VA 22701",SDVOSB Set-Aside,,,https://sam.gov/opp/b7b738857a424872925adcf85c74edca/view,"[Jul 24, 2026 — auto-scan] Amendment 0001 posted 7/24 correcting the set-aside type shown on the solicitation — notice now reflects SDVOSB set-aside. Offers still due Aug 4, 4:00 PM EDT. Verify KJG eligibility before continuing.",,,
Grey Towers PA - Gutter Cleaning & Repair (USDA FS),Passed,12444326Q0048,USDA / Forest Service,561790,Combined Synopsis/Solicitation,2026-07-30T21:00:00.000Z,2026-07-16,"Grey Towers NHS, 122 Old Owego Turnpike, Milford, PA",Total Small Business Set-Aside,,,https://sam.gov/opp/edba049002ec40d1bb04e58aeb4c8bc5/view,,,,
"Repair Emergency Power B720 - Berry Field ANG, Nashville",New,W50S9726BA001,Army NGB / TN ANG (USPFO TN),238210,Presolicitation,2026-08-27T18:00:00.000Z,2026-07-16,"Berry Field ANG Base, Nashville, TN",Total Small Business Set-Aside,,,https://sam.gov/opp/a5b7302d1a984224b25de04dd4d8e15f/view,,,,
Tree Removal Bldg 40 - USCG Base LA/Long Beach,Passed,31100PR260000051,DHS / US Coast Guard Base LA/Long Beach,561730,Solicitation,2026-07-30T05:00:00.000Z,2026-07-16,"1001 S Seaside Ave, San Pedro, CA 90731",None,,,https://sam.gov/opp/c15dc3c7d7b8468ea2083444e85aa433/view,,,,
Roof Repair/Restore/Waterproof - NWS Earle Office Bldg (FEMA),Passed,70FBR226Q00000020,DHS / FEMA Region 2,238160,Combined Synopsis/Solicitation,2026-08-07T21:00:00.000Z,2026-07-16,"Naval Weapons Station Earle, Colts Neck, NJ",Total Small Business Set-Aside,,,https://sam.gov/opp/4b264f428513489592302927f25ca49a/view,,,,
S208 - Grounds Maintenance for the Asheville VAMC,Passed,36C24626Q0724,"Veterans Affairs, Department of - NCO 6",561730,,2026-07-21T04:00:00.000Z,,"Asheville VA Medical Center, Asheville, NC",SDVOSB Set-Aside (FAR 19.14),,,,,,,
HTNF Carson District Office Roof Replacement (USDA FS),Passed,1240LT26Q0125,USDA / Forest Service,238160,Combined Synopsis/Solicitation,2026-08-04T23:00:00.000Z,2026-07-15,"Carson City, NV",Total Small Business Set-Aside (FAR 19.5),,,https://sam.gov/opp/dd746cc715f1417486e02713d278b1a3/view,,,,
Roof Replacement Springfield MO (NOAA NWS WFO),Passed,1305M326Q0328,Commerce / NOAA,238160 (roofing scope; NAICS not displayed on notice),Combined Synopsis/Solicitation,2026-07-29T20:30:00.000Z,2026-07-15,"Springfield, MO",Not stated on notice,,,https://sam.gov/opp/f153e9e5e5a04b00888e8e4e94b5a778/view,"[Jul 21, 2026 — auto-scan] Amend 0003 (posted 7/20): RFQ due date extended to Jul 31, 2026 2:30 PM MST (4:30 PM EDT); was Jul 29. Amend 0002 updated site visit contact email.",,,
Roof Replacement NWS WFO Pleasant Hill (EAX) (NOAA),Passed,1305M326Q0290,Commerce / NOAA,238160,Combined Synopsis/Solicitation,2026-07-29T21:00:00.000Z,2026-07-15,"Pleasant Hill, MO",Not stated on notice,,,https://sam.gov/opp/d8c5316b77c147bea3ed9b4c47317396/view,"[Jul 28, 2026 — auto-scan] Deadline extended: offers now due Aug 5, 2026 5:00 PM EDT (2:00 PM PT) — was Jul 29. 4th amendment posted Jul 28 with updated SOW for CLIN 0002, new CLIN 0007 added with photos. Re-scope pricing to cover the added CLIN before quoting.",,,
"Landscaping Services at NWS Jackson, MS (NOAA)",Passed,1305M326Q0303,Commerce / NOAA,561730,Combined Synopsis/Solicitation,2026-07-29T18:00:00.000Z,2026-07-15,"Jackson, MS",Total Small Business Set-Aside (FAR 19.5),,,https://sam.gov/opp/ffd5eba82a184b0d9dcf73b3d5537e49/view,,,,
"Tree Work for NPS, Ninety-Six NHS",Passed,140P5126Q0048,Interior / National Park Service,561730,Combined Synopsis/Solicitation,2026-07-31T21:00:00.000Z,2026-07-15,"Ninety Six, SC",Total Small Business Set-Aside (FAR 19.5),,,https://sam.gov/opp/10c9b09e2beb4873a905ec37811b18dc/view,,,,
Grounds Maintenance for the Asheville VAMC,Passed,36C24626Q0724_1,VA - Network Contracting Office 6,561730,Solicitation,2026-07-21T16:00:00.000Z,2026-07-14,"Asheville, NC",SDVOSB Set-Aside,,,https://sam.gov/opp/8465f8b90526476591a563ed8216b632/view,"[Jul 21, 2026 — auto-scan] Deadline extended: offers now due Jul 24, 2026 10:00 AM EDT (was Jul 21). 7th amendment posted Jul 21.",,,
"Roof Replacement for USDA ARS in Dawson, GA",Passed,1232SA26Q0784,USDA - Agricultural Research Service,238160,Combined Synopsis/Solicitation,2026-08-06T20:00:00.000Z,2026-07-14,"Dawson, GA 39842",Total Small Business Set-Aside,,,https://sam.gov/opp/7f88f3df1f314943bd7276a95846d53b/view,"[Jul 15, 2026 — auto-scan] Amendment (2nd update) posted 7/15; deadline unchanged Aug 6, 4:00 PM ET. Notice confirms magnitude $800K–$1.3M, TSB set-aside, bid bond required with quote and P&P bonds after award — significant bonding lift for a prime.",,,
Follow-On Repair & Renovation IDIQ (MATOC) - Fort Cavazos,Passed,FH14July2026,Army MICC - Fort Cavazos,236220,Sources Sought,2026-07-27T19:00:00.000Z,2026-07-14,"Fort Cavazos (Fort Hood), TX",8(a) Set-Aside,,,https://sam.gov/opp/af2d16bb4eb547bf82d8955c1cb9cec8/view,,,,
Solid Waste Removal Services for Mashpee Service Unit,Lost,75H71526Q00028,HHS - Indian Health Service (Nashville Area),562111,Combined Synopsis/Solicitation,2026-08-03T21:00:00.000Z,2026-07-14,"Mashpee, MA",Total Small Business Set-Aside,Cavossa ,Jordan,https://sam.gov/opp/deb0db887dac48a593983ed26875fcb9/view,"[Jul 15, 2026 — auto-scan] Two updates posted 7/15; deadline unchanged Aug 3, 5:00 PM ET. Scope confirmed small/simple: routine solid + recyclable waste pickup at new family clinic in Mashpee, MA; no hazardous/medical waste. NAICS 562111 confirmed.",,,
KAFB AF Clinic Landscaping Services,Passed,FA940126QLand,USAF - 377 MSG PK (Kirtland AFB),561730,Sources Sought,2026-07-31T21:00:00.000Z,2026-07-14,"Albuquerque, NM",Total Small Business Set-Aside,,,https://sam.gov/opp/7812140685a44d75b40cb9ff53cca1ce/view,,,,
Roof Repairs - National Center for Cool and Cold-Water Aquaculture (USDA ARS),Passed,1232SA26Q0971,USDA - Agricultural Research Service,238160,Combined Synopsis/Solicitation,2026-08-10T20:00:00.000Z,2026-07-13,"Kearneysville, WV 25430",Total Small Business Set-Aside (FAR 19.5),,,https://sam.gov/opp/f36da23a552949a29ffab0e179a2bcba/view,"[Aug 16, 2026 — auto-scan] Update since original listing: Amendment 0003 posted, RFI 002 responses and a substitution request/decision posted 8/14-8/15. Offers due Aug 17, 2026 4:00 PM EDT — deadline is tomorrow. Status left unchanged (currently Pass).",,,
Herbicide Treatment 582 Acres - Big Thicket National Preserve (NPS),Passed,140P1226Q0038,DOI - National Park Service,561730,Combined Synopsis/Solicitation,2026-07-20T17:00:00.000Z,2026-07-13,"Big Thicket National Preserve, TX",Total Small Business Set-Aside (FAR 19.5),,,https://sam.gov/opp/b1431bb82095408a9833598f0579c935/view,,,,
B6030 A/C Roof Sealant - Dyess AFB,Passed,FA466126R0006,"DoD - USAF, FA4661 7 CONS CD",238160,Solicitation,2026-07-31T21:00:00.000Z,2026-07-13,"Dyess AFB, TX 79607",Total Small Business Set-Aside (FAR 19.5),,,https://sam.gov/opp/63347bf58138490a9ed92bf7b0a41708/view,,,,
GAOA High Sierra Ranger Station Demolition - Sierra NF (USDA FS),Passed,127EAW26Q0024,"USDA - Forest Service, CSA Southwest 6",238910,Combined Synopsis/Solicitation,2026-07-23T00:00:00.000Z,2026-07-13,"Prather, CA",Total Small Business Set-Aside (FAR 19.5),,,https://sam.gov/opp/a884a20bf3144a32b380b7aad8ea770b/view,,,,
Replace Repair Roof Bldg 2414 - Fort Bliss,Passed,W911SG26BA005,"DoD - Army, MICC Fort Bliss",238160,Solicitation,2026-08-13T16:00:00.000Z,2026-07-13,"Fort Bliss, TX 79916",Total Small Business Set-Aside (FAR 19.5),,,https://sam.gov/opp/56ff8eb779a748e08422be3ac0e788a1/view,"[2026-07-30 auto-scan] Amendment posted 7/30: revised SOW (ADD1_SOW_FY26_2414 PDF) added; follows 7/29 Amendment SF30, revised narrative, and asbestos/lead report. Deadline unchanged (Aug 13, 10:00 AM MDT). Reminder: IFB with bid guarantee + performance/payment bonds; magnitude $1M-$5M; superintendent must be prime's own employee (cannot subcontract that role).",,,
B6030 A/C Roof Repair - Dyess AFB,Passed,FA466126R0007,"DoD - USAF, FA4661 7 CONS CD",238160,Solicitation,2026-07-31T21:00:00.000Z,2026-07-13,"Dyess AFB, TX 79607",Total Small Business Set-Aside (FAR 19.5),,,https://sam.gov/opp/d1470a202f1b48a5b333b7ed797bde4c/view,,,,
"Snow Removal and Sanding Services, Barre Falls Dam (USACE New England)",Passed,W912WJQA131,"DoD - Army, USACE New England District",561730,Solicitation,2026-07-23T18:00:00.000Z,2026-07-13,"Barre / Hubbardston / Oakham, MA",Total Small Business Set-Aside (FAR 19.5),,,https://sam.gov/opp/2615a999ac2e45b4b257c058c7fda162/view,,,,
B1043 Install Backup Generator - Kirtland AFB,Passed,FA9401-26-R-0020,"DoD - USAF, FA9401 377 MSG PK",238210,Combined Synopsis/Solicitation,2026-08-12T23:00:00.000Z,2026-07-13,"Kirtland AFB, NM 87117",Total Small Business Set-Aside (FAR 19.5),,,https://sam.gov/opp/4aca81f3b2af4d7ab98b4f8f856dd7b8/view,,,,
Crow Service Unit Solid Waste Pick-up (IHS Billings),Passed,SS-IHS1528616,"HHS - Indian Health Service, Billings Area",562111,Sources Sought,2026-07-17T22:00:00.000Z,2026-07-13,"Crow Agency, MT 59022",None yet (Sources Sought - no set-aside used),,,https://sam.gov/opp/1c021d08cd6e459ea478c2f20aad57a7/view,,,,
"Forest Products Lab Campus Tree Care - Madison, WI (USDA FS)",Passed,12444526Q0052,"USDA - Forest Service, CSA East 6",561730,Combined Synopsis/Solicitation,2026-08-07T18:00:00.000Z,2026-07-13,"Madison, WI 53726",Total Small Business Set-Aside (FAR 19.5),,,https://sam.gov/opp/c700e6f6ed0e4ace95eb17088417fd46/view,,,,
Tree Removal - Sterling Field Support Center (NOAA),Won,142082-26-0424,Dept of Commerce / NOAA,561730,Solicitation,2026-07-20T14:00:00.000Z,2026-07-11,"Sterling, VA",Total Small Business Set-Aside (FAR 19.5),SavATree,Richard Mooney (571)-419-4096,https://sam.gov/opp/2d2303c064874bb9961425edb6089f9b/view,Submitted on 7/20/2026 @8:39 AM. Bid package complete with all 4 attachments in order of request.,,Submitted 7/20/26,
Intl Institute of Tropical Forestry Grounds Maintenance (PR),Passed,12445026Q0028,USDA / Forest Service,561730,Combined Synopsis/Solicitation,2026-07-17T03:59:00.000Z,2026-07-11,"Rio Piedras, San Juan, Puerto Rico",SBA Certified EDWOSB Set-Aside (FAR 19.15),,,https://sam.gov/opp/101b09d667954bdb8f353a43c308cc27/view,,,,
AXQD222730 Repair HAZMART HVAC (MA ANG),Passed,W50S8126BA010,Dept of the Army / National Guard Bureau (MA ANG 104th),236220,Presolicitation,,2026-07-11,"Barnes ANGB, Westfield, MA",Total Small Business Set-Aside (FAR 19.5),,,https://sam.gov/opp/501f588aa339430fbd2ea39d7f53e76c/view,,,,
Replacement of Capehart Roofing Ph. 4 - Golden Gate NRA,Passed,140P8626R0006,Dept of the Interior / National Park Service,238160,Solicitation,2026-07-14T19:00:00.000Z,2026-07-11,"Golden Gate NRA, Marin County, CA",None listed,,,https://sam.gov/opp/3c491fbaceb14e7eb38cb0d11482d52a/view,,,,
Grounds Maintenance Services IA036 (Iowa ARNG),Passed,W911SA26QA216,Dept of the Army / MICC Fort McCoy,561730,Combined Synopsis/Solicitation,2026-07-20T15:00:00.000Z,2026-07-11,"IA036 - Iowa ARNG facility, IA",Total Small Business Set-Aside (FAR 19.5),,,https://sam.gov/opp/a19f69fc456b4c93817001d051b569a3/view,,,,
KAHO Solid Waste Removal (NPS Kaloko-Honokohau),Passed,140P8226Q0047,Dept of the Interior / National Park Service,562111,Combined Synopsis/Solicitation,2026-07-25T09:59:00.000Z,2026-07-11,"Kaloko-Honokohau NHP, Kailua-Kona, HI",Total Small Business Set-Aside (FAR 19.5),,,https://sam.gov/opp/d17bd48a64a944988f433a2ad165c2cf/view,,,,
Roofing Repair - NAVSUP FLC San Diego (Paso Robles),Passed,N0024426Q0061,Navy - NAVSUP Fleet Logistics Center San Diego,238160,Sources Sought,2026-07-15T16:00:00.000Z,2026-07-09,"Paso Robles, CA",Total Small Business Set-Aside,,,https://sam.gov/opp/4bc43a54be0949f5ac04449e57c8fe09/view,"[Jul 21, 2026 — auto-scan] CONVERTED: Sources Sought is now an Original Presolicitation (published Jul 20). NAVSUP FLC San Diego intends to solicit roofing repair; response date Jul 28, 2026 3:00 PM EDT. Watch for the full solicitation drop.",,,
"Roof Replacement - USDA ARS Peoria, IL",Passed,1232SA26Q0942,USDA - Agricultural Research Service,238160,Combined Synopsis/Solicitation,2026-08-10T15:00:00.000Z,2026-07-09,"Peoria, IL 61604",Total Small Business Set-Aside,,,https://sam.gov/opp/9334910ec1f84d699627341281703cba/view,"[2026-08-05 auto-scan] Amendment 0001 posted Aug 5. Response deadline appears extended to Aug 14, 2026 10:00 AM CDT (tracker previously showed Aug 10). Status left unchanged (currently Pass).",,,
Tree & Stump Removal - VA Los Angeles,Passed,36C26226Q1102,VA - Network Contracting Office 22,561730,Combined Synopsis/Solicitation,2026-07-24T17:00:00.000Z,2026-07-09,"Los Angeles, CA",SDVOSB Set-Aside,,,https://sam.gov/opp/ab36b88f6788447d8c92620f878bc92b/view,,,,
Mowing and Herbicide Services - McAlpine Locks and Dam,Passed,W912QR26QA061,USACE Louisville District,561730,Combined Synopsis/Solicitation,2026-07-15T14:00:00.000Z,2026-07-09,"Louisville, KY",,,,https://sam.gov/opp/77aff3ddfe154f10a32d84190bad66ca/view,,,,
LYJO Re-Roof Historic Structures (LBJ NHP),Passed,140PS126Q0036,Interior - National Park Service,238160,Combined Synopsis/Solicitation,2026-08-03T17:00:00.000Z,2026-07-09,"Johnson City, TX",Total Small Business Set-Aside,,,https://sam.gov/opp/d414e42d16b14e28a9dab5ce6f814b70/view,"[Jul 28, 2026 — auto-scan] Deadline extended: offers now due Aug 7, 2026 3:00 PM EDT (2:00 PM CT) — was Aug 3. Amendment posted Jul 28 responding to vendor RFIs. Confirmed NAICS 238160, Total SB set-aside, PoP Johnson City TX (LBJ NHP). Review Q&A responses before pricing.",,,
"Landscaping and Snow Removal - Windsor Locks, CT (FAA)",Passed,697DCK-26-R-00287,DOT - Federal Aviation Administration,561730,Combined Synopsis/Solicitation,2026-07-24T19:00:00.000Z,2026-07-09,"Windsor Locks, CT",Total Small Business Set-Aside,,,https://sam.gov/opp/e0ebfb7101e14baca305ffd82b4ebf82/view,,,,
Fort Drum Snow Removal,Passed,W911S227QA002,Army / MICC Fort Drum,561730,Combined Synopsis/Solicitation,2026-08-07T14:00:00.000Z,2026-07-08,"Fort Drum, NY",Total Small Business Set-Aside,,,https://sam.gov/opp/bb7372edfb134ca3a2a75634f92301b1/view,,,,
West Haven Ground Maintenance (VAMC),Passed,36C24126Q0569,VA / NCO 1,561730,Combined Synopsis/Solicitation,2026-07-21T14:00:00.000Z,2026-07-08,"VAMC West Haven, CT",SDVOSB Set-Aside,,,https://sam.gov/opp/4a773041e7a74580b2ca7329900210ae/view,"[Jul 13, 2026 — auto-scan] Amendment posted 7/13 publishing answers to submitted RFIs (6th update). Deadline unchanged: Jul 21, 10:00 AM ET. Review the Q&A before finalizing pricing.

[Jul 21, 2026 — auto-scan] Deadline extended: offers now due Jul 30, 2026 10:00 AM EDT (was Jul 21). 7th amendment posted Jul 21.",,,
"Installation of Roof Sealant - Bldg 6017, Moore Air Base, TX",Passed,12639526Q0209,USDA / APHIS,238160,Combined Synopsis/Solicitation,2026-08-06T17:00:00.000Z,2026-07-08,"Moore Air Base, TX",Total Small Business Set-Aside,,,https://sam.gov/opp/4b338e8ddd864e7b9a98dee3374d4c37/view,"[Jul 24, 2026 — auto-scan] Third update posted 7/24; deadline unchanged Aug 6, 1:00 PM EDT. Check newest amendment docs for Q&A/scope changes before pricing.",,,
Brush Clearing for Chickasaw Agency,Passed,140A0826Q0007,Interior / BIA Eastern Oklahoma Region,561730,Combined Synopsis/Solicitation,2026-07-17T22:00:00.000Z,2026-07-08,"Chickasaw Agency, OK",ISBEE Set-Aside,,,https://sam.gov/opp/79d70ee4a52247bdae1bd11fefea6e07/view,,,,
Blackfeet Adult Detention Center Roof Replacement,Passed,140A1626Q0044,Interior / Bureau of Indian Affairs,238160,Combined Synopsis/Solicitation,2026-07-17T23:00:00.000Z,2026-07-08,"Blackfeet Reservation, Browning, MT",None listed,,,https://sam.gov/opp/f103968fb5a3410b9e2627a8fae6409b/view,,,,
NRCS Maine State Office Storage Building Roof Repair,Passed,12FPC326Q0033,USDA / FPAC Business Center,238160,Combined Synopsis/Solicitation,2026-07-24T21:00:00.000Z,2026-07-08,Maine (NRCS State Office),Total Small Business Set-Aside,,,https://sam.gov/opp/37aadfc52044433583ca751fb1df38d8/view,"[Jul 21, 2026 — auto-scan] Amendment 1 posted 7/21: site visit sign-in sheet attached. Deadline unchanged: Jul 24, 2026 5:00 PM EDT — very short runway if not already quoting.",,,
Rubbish Bin Service for Many Farms High School,Passed,140A2326Q0198,Interior / BIA Indian Education Acquisition Office,562111,Solicitation,2026-07-15T21:00:00.000Z,2026-07-08,"Many Farms, AZ",ISBEE Set-Aside,,,https://sam.gov/opp/0b4b90686569474ea7492c5898ef234f/view,,,,
"IDIQ Boundary Maintenance, Mountain Home Project Office",Tracking,W9127S26QA018,USACE Little Rock District,561730/238910,Solicitation,2026-07-10T04:00:00.000Z,,,,,,,USACE boundary/vegetation line maintenance.,,,
"Grounds Maintenance — Tumwater, WA",Tracking,W911SA26QA206,Dept of the Army — MICC Ft McCoy,561730,Solicitation,2026-07-07T04:00:00.000Z,,,,,,,"Army, firm fixed price. Need WA grounds sub identified.",,,
"Tree/Stump Removal, Little Rock AFB",Passed,FA446026Q0022,Air Force — Little Rock AFB,,,2026-07-01T04:00:00.000Z,,,,,,,Already passed. Logged for next cycle.,,,
Fort Detrick Bldg 8400 Envelope,Tracking,PSS-2026-030308,USACE Huntsville Support Center,,Sources Sought,2026-07-06T04:00:00.000Z,,,,,,,Sources Sought only. CQM/QA language present — read scope carefully if pursuing.,,,
Arkansas Lakes O&M IDIQ,Passed,W912EE26RA015,USACE Vicksburg District,,,2026-07-15T04:00:00.000Z,,,,,,,"Passed 6/29 — multi-trade (7 technical provisions incl. dam/spillway mechanical, diver services); requires multi-trade facilities O&M sub w/ on-site superintendent.

[Aug 31, 2026 — auto-scan] Solicitation re-published today (Published Date now shows Aug 31, 2026 3:43 PM CDT) with a new offers-due date of Sep 30, 2026 3:00 PM CDT. Still 100% Total Small Business Set-Aside, NAICS 561210, IDIQ base + 4 options + 6-mo ordering period across DeGray Lake, Lake Ouachita, and Lake Greeson. Status left unchanged (currently Passed) per prior assessment, but flagging the fresh publish/new deadline in case circumstances have changed.",,,
FAA Grounds/Snow Removal,Passed,697DCK-26-R-00289,FAA Regional Acquisitions,,,2026-06-29T04:00:00.000Z,,,,,,,Already passed. Logged for next cycle.,,,
UPP VOR Tree Trimming Services,Tracking,697DCK-26-R-00221,FAA Regional Acquisitions,561730,Solicitation,2026-07-23T04:00:00.000Z,,,,,,,"Quarterly recurring scope, civilian FAA. Best long-runway opportunity on the list.",,,
Competitive-Range Solicitation — NAVFAC Washington,Passed,N4008024R2401,NAVFAC Washington,,,2026-07-01T04:00:00.000Z,,,,,,,"Instant pass — competitive-range-only, closed to new offerors.",,,
USDA-FS Lee Ranger District Mowing Services,Tracking,12444026Q0099,USDA Forest Service,561730,Solicitation,2026-07-09T04:00:00.000Z,,George Washington & Jefferson National Forest,,,,,"Civilian, firm-fixed-price. Per year, previous 5 years averaged between $4300-4450/year. 4 acres/twice per month (estimated 12 cuts) during cutting season. Info verified via usaspending.gov ... minus 15% markup, each cut would be just under $320",,,
HSTR GW and FW Roof Replacement,Tracking,140P6026Q0046,National Park Service,238160,Solicitation,2026-07-17T04:00:00.000Z,,,,,,,NPS Midwest region.,,,
Hells Canyon NRA Grounds Maintenance,Passed,1240BE26Q0023,USDA Forest Service,561730,Solicitation,2026-07-09T04:00:00.000Z,,Idaho,,,,,"Seven-acre compound, defined scope, civilian USDA Forest Service. PASSED: due Jul 9 3:00 AM PDT (6:00 AM ET) -- discovered while in transit to W2, no time to vet an Idaho sub or review CLIN/wage determination attachments same-day. Consistent no-bid decision given prep-time constraint, not a scope issue.",,,
USACE Vegetation Control,Passed,W912PM26QA034,USACE Wilmington District,,,2026-06-29T04:00:00.000Z,,,,,,,Already passed. Logged for next cycle.,,,
Defensible Tree Removal — Willamette,Tracking,W9127N26QA107,USACE Portland District,561730,Solicitation,2026-07-09T04:00:00.000Z,,Oregon,,,,,"Firm fixed price, civilian USACE, Oregon sub needed.",,,
Central Ferry Farm Reroofing,Tracking,1232SA26Q0786,USDA Agricultural Research Service,238160,Solicitation,2026-07-06T04:00:00.000Z,,,,,,,Civilian USDA ARS property. Same contracting office as Stuttgart Painting & Southern Plains Roof below.,,,
FDA Building Exterior Repair — Pacific Southwest Lab,Tracking,75F40126R00047,FDA — HHS,238320/238910,Solicitation,2026-07-20T04:00:00.000Z,,,,,,,"Confirm scope is painting/caulking, not structural.

[Jul 21, 2026 — auto-scan] Amendment 0002 (posted 7/21) provides Government responses to questions + solicitation revisions. Offers due Jul 27, 2026 12:00 PM EDT (extended from Jul 20). Review Q&A before pricing.",,,
Replace Roof & Gutters — BLRI (Blue Ridge Parkway),Passed,140P5126Q0036,National Park Service,238160,Solicitation,2026-07-06T04:00:00.000Z,,,,,,,Civilian NPS property; amendment issued with Q&A responses already posted.,,,
DEA Landscaping/Groundskeeping Services,Tracking,RFQ_15DDHQ26Q00000143,Drug Enforcement Administration,561730,Solicitation,2026-07-15T04:00:00.000Z,,,,,,,RFQ already issued. Civilian DOJ agency.,,,
San Dimas Admin Roof Replacement,Passed,127EAW26Q0038,USDA Forest Service — Southwest,,,2026-07-22T04:00:00.000Z,,,,,,,Removed 6/29. Stipulations too complex for current bandwidth.,,,
"Control Tower Chamber Equipment Painting, Colebrook River Lake",Passed,W912WJ26QA120,USACE New England District,238320,Solicitation,2026-07-07T04:00:00.000Z,,,,,,,,,,
"Exterior Paint, San Luis II LPOE",Tracking,47PD5526Q0030,GSA,238320,Solicitation,2026-07-23T04:00:00.000Z,,,,,,,GSA border crossing facility.,,,
USCG Station Siuslaw Roofing and Sheetrock Repair,Tracking,70Z03326QSEAT009,U.S. Coast Guard,238160,Solicitation,2026-07-28T04:00:00.000Z,,,,,,,"Civilian Coast Guard, good runway.",,,
"Interior Painting — USDA ARS Stuttgart, AR",Tracking,1232SA26Q0785,USDA Agricultural Research Service,238320,Solicitation,2026-07-02T04:00:00.000Z,,,,,,,Due date has already passed — confirm current status before pursuing further.,,,
"Repair LRS Hazmat Roof, B155",Tracking,FA302226R0014,Air Force — 14 CONS,238160,Solicitation,2026-07-14T04:00:00.000Z,,,,,,,Same contracting office (FA3022 14 CONS) as Columbus AFB Grounds contract — worth checking for relationship synergy.,,,
USDA Bldg 6 Roof — Southern Plains Ag Research Center,Tracking,1232SA26Q0736,USDA Agricultural Research Service,238160,Solicitation,2026-07-03T04:00:00.000Z,,,,,,,Due date has already passed — confirm current status. Same contracting office as the two above.,,,
Monongahela NF Chimney Repairs,Pursuing,12444326Q0018,USDA Forest Service,238910,Solicitation,2026-07-27T04:00:00.000Z,,West Virginia,,,,,"Most runway of any opportunity. Civilian USDA.

[Jul 21, 2026 — auto-scan] CANCELED: 7/20 amendment states this solicitation is canceled and will be resolicited at a future date using Davis-Bacon wage rates. Keep watching for the repost.",,,
Roof MACC — NAVFAC Mid-Atlantic,Passed,N40085-26-R-9048,NAVFAC Mid-Atlantic,,,2026-07-21T04:00:00.000Z,,,,,,,"Instant pass — restricted to existing Roof MACC contractors only, not open to new entity.",,,
ROCR Leaf Removal,Passed,140P1326Q0029,National Park Service,561730,Solicitation,2026-07-29T04:00:00.000Z,,,,,,,"NPS, longest runway of the batch, simple scope.",,,
Tobyhanna Army Depot Grounds Maintenance Service Contract,Tracking,W51AA126RA017,Dept of the Army — Tobyhanna,561730,Solicitation,2026-07-28T04:00:00.000Z,,,,,,,Solid runway.,,,
Lake Isabella Weed & Pest Control,Tracking,W9123826A020,USACE Sacramento District,561730,Solicitation,2026-07-14T04:00:00.000Z,,,,,,,Specialized — confirm sub licensing.,,,
DSN/CSN Repair Bldg. 882 Roof,Passed,FA462626R0014,Air Force — 341 CONS,,,2026-07-07T04:00:00.000Z,,,,,,,Instant pass — Design-Build requiring licensed design professionals.,,,
Trinity Region Herbicide/Pesticide,Tracking,W9126G26QA019,USACE Fort Worth District,561730,Solicitation,2026-07-14T04:00:00.000Z,,,,,,,Specialized chemical application — confirm sub licensing.,,,
San Luis Obispo (SBP) ATCT Roof Replacement,Tracking,697DCK-26-R-00345,FAA Regional Acquisitions,238160,Solicitation,2026-07-17T04:00:00.000Z,,,,,,,Civilian FAA.,,,
Paint & Lights — Bldg 102 & 110,Passed,W50S6T26QA027,Army National Guard — California,238320,Solicitation,2026-07-17T04:00:00.000Z,,,,,,,Confirm no clearance required.,,,
Refurbish/Repaint Antenna Towers,Tracking,697DCK-26-R-00351,FAA Regional Acquisitions,238320,Solicitation,2026-07-20T04:00:00.000Z,,,,,,,"Civilian FAA, clean scope.",,,
R.D. Bailey Herbicide Spraying Services,Passed,W9123726QA055,USACE Huntington District,561730,Solicitation,2026-07-10T04:00:00.000Z,,,,,,,"Specialized chemical application — confirm sub licensing. Amendment 7/8 extended deadline to Jul 16. PASSED: no SOW attached on SAM.gov listing, solicitation package unclear/incomplete as posted — cannot responsibly scope or price specialized herbicide work without defined SOW. Revisit only if a complete package is reposted.",,,
Grey Towers Vine Pruning of Mansion,Passed,12444326Q0038,USDA Forest Service,561730,Solicitation,2026-07-14T04:00:00.000Z,,Pennsylvania,,,,,"Civilian federal, defined scope.",,,
BEJ Hazard Trees and Vegetation Removal,Tracking,W912PM26QA033,USACE Wilmington District,561730,Solicitation,2026-07-06T04:00:00.000Z,,,,,,,"USACE civilian water project, subbable scope.",,,
NRP MATOC Pool — USACE Louisville District,Passed,W912QR-61215934,USACE Louisville District,,,2026-06-30T04:00:00.000Z,,,,,,,"Instant pass — NRP MATOC Pool members only, closed to new entrants.",,,
"Replace Roofs and Vents, Fort Cronkhite (GOGA)",Tracking,140P8626R0002,National Park Service,238160,Solicitation,2026-07-09T04:00:00.000Z,,,,,,,Civilian NPS.,,,
USFWS Bears Bluff Roof Replacement,Passed,140FGA26Q0025,U.S. Fish & Wildlife Service,,,2026-07-14T04:00:00.000Z,,,,,,,"Passed 6/29 — bid bond (20% or $70K) and unavailability of site walkthrough made this too much of a financing/risk challenge.

[Jul 8, 2026 — auto-scan] Amendment 2 posted 7/8: updated solicitation and bid schedule; offers due extended to Jul 21, 2026 12:00 PM EDT (tracker previously showed Jul 14). Status left as Passed — revisit only if the bid bond concern is resolved.",,,
Columbus AFB & Shuqualak Aux Airfield Grounds Maintenance,Tracking,FA302226R0013,Air Force — 14 CONS,561730,Solicitation,2026-07-14T04:00:00.000Z,,"Columbus AFB & Shuqualak Aux Airfield, MS","Total Small Business Set-Aside, LPTA",,,,"Work this when a full evening is available, not in stolen minutes.",,,
Landscaping — US Embassy Kingston,Passed,19AQMM26N0313,Dept of State — Embassy Kingston,561730,Sources Sought,2026-07-07T04:00:00.000Z,,,,,,,"International location (Jamaica) — difficult to sub reliably, low priority.",,,
"IDIQ Roof Repair/Replace at CFAY Yokosuka & NAF Atsugi, Japan",Passed,N4008426B1005,Dept of the Navy - NAVFAC Far East,238160,Solicitation,2026-08-05T05:30:00.000Z,2026-07-06,"Yokosuka / Atsugi, Japan",None,,,https://sam.gov/opp/4e73aa632c9042148872c2375818ae11/view,,,,
DAFB Integrated Solid Waste Management,Passed,FA449726Q0036,"Dept of the Air Force - 436 CONS, Dover AFB",562111,Combined Synopsis/Solicitation,2026-07-24T18:00:00.000Z,2026-07-06,"Dover AFB, DE",Total Small Business Set-Aside,,,https://sam.gov/opp/22866a1f0a9e40bb8c417e3621c928a1/view,,,,
"Repair Barracks Building 399 (Section D), Fort Benning, GA (Proj 90737)",Passed,W912HN26RA012,USACE Savannah District,236220,Solicitation,2026-07-16T15:00:00.000Z,2026-07-06,"Fort Benning, GA",Total Small Business Set-Aside,,,https://sam.gov/opp/f298646cb39043a38e5efbdf053c39e6/view,,,,
"Integrated Solid Waste Management Services (ISWM) at NAS Meridian, MS",Passed,N6945026RMER1,Dept of the Navy - NAVFAC Southeast,562111,Sources Sought,2026-07-20T13:00:00.000Z,2026-07-06,"NAS Meridian / OLF Joe Williams, MS",None yet (past strategy was 100% Small Business),,,https://sam.gov/opp/60cad45ceec14048bb69070decc356a3/view,,,,
Ground Maintenance Services - FEMA Region 5,Passed,70FBR526Q00000003,Dept of Homeland Security / FEMA Region 5,561730 - Landscaping Services,Solicitation,2026-07-09T20:00:00.000Z,2026-07-04,"Chicago, IL area",Total Small Business Set-Aside (FAR 19.5),,,https://sam.gov/workspace/contract/opp/ee3cae120a9d4d77bb418a403c3c540b/view,"Contact: Kimberly Coakley, kimberly.coakley@fema.dhs.gov",,,
DUMPSTER SERVICE,Lost,W912JM26QA013,Dept of Defense / Dept of the Army / National Guard Bureau - GA ARNG (W7M3 USPFO Activity GA ARNG),562111 - Solid Waste Collection,Solicitation,2026-07-06T14:00:00.000Z,2026-07-04,"Marietta, GA",Total Small Business Set-Aside (FAR 19.5),"5 subs contacted, awaiting responses","Outreach log - night of Jul 4/5, 2026 (5 subs contacted):
1. Dumpster Rental Dogs - Savannah, (912) 244-9788 - contacted via online inquiry
2. Waste Removal USA, (912) 225-1118 - contacted via email
3. Reliable Rolloff Solutions - Jesup, GA, (912) 271-5332 - contacted via direct email
4. Dumpee Dumpsters - Augusta/Savannah, GA, (912) 461-6154 or (706) 702-5380 - contacted; note: works 12-5 on Sundays
5. Savannah VETS, (888) 641-8387 - contacted via email

Awaiting responses from all 5 as of Jul 5, 12:12 AM ET.

Update: July 4th, received response from Savannah VETS that they cannot accommodate the request.",https://sam.gov/workspace/contract/opp/3caa36b12a744e09b96b25d33ac23735/view,"Contact: Melvin F. Reid Jr, melvin.f.reid2.civ@army.mil, (678) 569-8432. No site visit required.

[Jul 5, 12:12 AM] Gus contacted 5 potential subs overnight (see Sub Contact Info field for full list). Deadline for this solicitation is Jul 6, 10:00 AM EDT -- follow up on responses first thing today.","Call script — Georgia roll-off dumpster hauler (Fort Stewart / Hinesville / Savannah area)

Opening:
""Hey, this is Gus Puckett with Knox Jefferson Group — I'm a federal prime contractor. I'm bidding a job at Fort Stewart, two 30-yard roll-off dumpsters for mattress disposal, needed for about two to three weeks in July, roughly 40 total pickups. Do you service Fort Stewart or Hinesville?""
(If yes, continue. If no, ask: ""Do you know anyone in that area who might?"" — a referral costs you nothing and saves a search.)
The four asks, in order:

Price: ""What's your delivery and rental cost for two 30-yard roll-offs, and what's your per-haul price for pickup and disposal?""
Insurance/billing: ""You carry general liability and workers' comp, right? And can you invoice after the job rather than needing payment up front?""
Response time: ""One thing to flag — when a dumpster's full, I'd need your team able to respond within about 4 hours. Is that workable for you?""
Past experience: ""Last thing — have you done any commercial or government hauling work before? Doesn't need to be formal, just something I can reference in my proposal.""

Close:
""Perfect — if I win this, the work's yours. My bid's due Monday at 10, so if you can get me a number by 9 AM that'd be a huge help. I'll text you my info right now: 865-888-6487.""
If it's a receptionist or dispatcher, not a decision-maker:
""No problem — is there someone who handles commercial quotes I could call directly, or can you have them call me back this morning? It's time-sensitive, bid's due by 10 AM today.""

Voicemail (under 25 seconds):
""Hey, this is Gus Puckett, Knox Jefferson Group. I've got a government dumpster job at Fort Stewart — two 30-yard roll-offs, about 40 pickups over a couple weeks. Bidding it this morning, deadline's 10 AM. If you can call me back with a rough price, that'd be a big help — 865-888-6487. Thanks.""
Objection handling:

""We only carry up to 20-yard."" — ""Understood — could two 20-yard units work instead, serviced a bit more frequently? Or do you know a supplier who carries 30-yard I could call?""
""I'd need to see the site first."" — ""Totally fair. Today I just need a rough number based on the job description — you won't be held to it, and we can firm it up if I win.""
""That's a fast turnaround."" — ""I know, sorry for the short notice — the government just posted it Friday morning. I appreciate whatever you can get me by 9.""


This gets you price, insurance, feasibility, and a past-performance line in one call, so a live answer means you're done with that sub and ready to write up the bid. Good luck Monday morning — you've got the whole package staged and ready the second a number comes back.",Yes,Waste Removal USA (912)-225-1118. Jackson Ext. 513
